ก.ค.	7.00
ก.พ.	7.00
ก.ย.	7.00
กก.	4.00
กกกอด	0.50
กกช้าง	2.20
กกต	1.50
กกต.	5.00
กกธูป	2.10
กกน	1.50
กค	0.50
กงฉาก	2.10
กงล้อ	2.10
กงศุล	0.50
กงสุล	0.50
กงสุลใหญ่	2.50
กงเกวียน	2.40
กงโก้	2.10
กฎกระทรวง	4.00
กฎหมาย	3.70
กฏจราจร	0.50
กฏบัตร	0.50
กฏหมาย	0.50
กฏิ	1.50
กฐิน	1.00
กดกริ่ง	2.30
กดขาว	2.10
กดคอ	2.00
กดน้ำ	2.10
กดปุ่ม	2.20
กดราคา	2.20
กดหัว	2.10
กดออด	2.10
กดเหลือง	2.40
กติกาสัญญา	2.60
กถามุข	2.20
กทม	1.50
กทม.	5.00
กทรรป	2.10
กบดำกบแดง	2.50
กบไสไม้	2.30
กปณ	1.50
กปณา	2.00
กปิ	1.50
กปิตัน	2.20
กพ	0.50
กม.	5.00
กมธ.	5.00
กรก	1.50
กรกฏาคม	0.50
กรกัติ	2.20
กรงขัง	2.20
กรงนก	2.10
กรณีจำเป็น	2.60
กรณีพิพาท	2.50
กรณีพิเศษ	2.50
กรณีศึกษา	2.50
กรดกำมะถัน	2.60
กรดน้ำส้ม	2.50
กรดมะนาว	2.40
กรดอะมิโน	2.50
กรดไขมัน	2.40
กรนทา	2.10
กรนนเช้า	2.40
กรภุม	2.10
กรมชล	2.10
กรมทหารราบ	2.60
กรมทหารราบที่11	7.10
กรมป่าไม้	6.50
กรมพระคลัง	2.60
กรมพระยา	2.40
กรมวิชาการ	2.60
กรมวิทย์ฯ	2.50
กรมศิลป์ฯ	2.50
กรมศุลฯ	2.30
กรมสมเด็จ	2.50
กรมหมื่น	2.40
กรมหลวง	2.30
กรมอุติฯ	2.40
กรมอุตุ	2.30
กรมอุทยานฯ	2.60
กรมเมือง	2.40
กรร	1.50
กรรกง	2.10
กรรชิด	2.20
กรรซ้นน	2.30
กรรตุการก	2.50
กรรตุวาจก	2.50
กรรบาสิก	2.40
กรรปาสิก	2.40
กรรปุระ	2.30
กรรพุม	2.20
กรรพุ่ม	2.30
กรรมการก	2.40
กรรมการิณี	2.60
กรรมพิธี	2.40
กรรมวาจก	2.40
กรรมวิบาก	2.50
กรรมสิทธิ์	4.10
กรรมาธิการ	3.60
กรรมเก่า	2.40
กรรมเวร	2.30
กรรลี	2.10
กรรลึง	2.20
กรรหาย	2.20
กรรุณา	2.20
กรรเชอ	2.20
กรรเชียงปู	2.60
กรรเช้า	2.30
กรรเหิม	2.30
กรรเอา	2.20
กรรแซง	2.20
กรรแทรก	2.30
กรรโหย	2.20
กรลุมพาง	2.40
กรวดทราย	2.40
กรวดน้ำ	3.30
กรวน	2.00
กรวยบ้าน	2.40
กรวยป่า	2.30
กรวยเชิง	2.40
กรสานต์	2.30
กรสาปน	2.20
กรอบประตู	2.50
กรอบหน้า	2.40
กรอบแกรบ	2.40
กรอสซูลาร์	3.10
กรอสซูลาไรต์	3.30
กระกรี๊ด	2.40
กระกวด	2.20
กระกอง	2.20
กระกัด	2.20
กระกัติ	2.30
กระกูล	2.20
กระคุก	2.20
กระจกข้าง	2.50
กระจกฝ้า	2.40
กระจกรถ	2.30
กระจกส่อง	2.50
กระจกหลัง	2.50
กระจกหุง	2.40
กระจกใส	2.30
กระจองงอง	2.50
กระจ๊อก	2.30
กระฉง	2.10
กระชง	2.10
กระชอก	2.20
กระชอม	2.20
กระชั้นชิด	2.60
กระชาเดิม	2.50
กระชุน	2.20
กระช่าง	2.30
กระซวย	2.20
กระซ่าง	2.30
กระดากอาย	2.50
กระดากใจ	2.40
กระดานข่าว	2.60
กระดานชนวน	2.60
กระดานถีบ	2.50
กระดานลื่น	2.60
กระดานไฟ	2.40
กระดาษกรอง	2.60
กระดาษกาว	2.50
กระดาษข่อย	2.60
กระดาษชำระ	2.60
กระดาษซับ	2.50
กระดาษฟาง	2.50
กระดาษว่าว	2.60
กระดาษสี	2.40
กระดาษเทศ	2.50
กระดาษแข็ง	2.60
กระดิ่งทอง	2.60
กระดีด	2.20
กระดูกกบ	2.40
กระดูกคอ	2.40
กระดูกค่าง	2.60
กระดูกดำ	2.40
กระดูกพรุน	2.60
กระดูกอึ่ง	2.60
กระดูกอ่อน	2.60
กระดูกโกลน	2.60
กระตร้อ	2.30
กระติ๊บ	2.30
กระต่ายขูด	2.60
กระต่ายจาม	2.60
กระต่ายจีน	2.60
กระต่ายป่า	2.60
กระถางธูป	2.50
กระถินนา	2.40
กระถินหอม	2.50
กระถินเทศ	2.50
กระถึก	2.20
กระทงความ	2.50
กระทงลาย	2.40
กระทด	2.10
กระทบใจ	2.30
กระทบไหล่	2.50
กระทรวงสาธารณสุข	7.20
กระทวย	2.20
กระทะใบบัว	2.60
กระทัดรัด	0.50
กระทั่งติด	2.60
กระทายเหิน	2.60
กระทำการ	2.40
กระทำชำเรา	2.60
กระทำด้วยความจำเป็น	5.00
กระทิงโทน	2.50
กระทืบยอบ	2.50
กระทืบเท้า	2.60
กระทุงลาย	2.50
กระทุงเหว	2.50
กระทุน	2.20
กระทุ่มน้ำ	2.60
กระทู้ถาม	2.50
กระนก	2.10
กระบกคาย	2.40
กระบถ	2.10
กระบวนความ	2.60
กระบวนจีน	2.50
กระบวนเพลง	2.60
กระบวนแห่	2.50
กระบอกฉีด	2.50
กระบอกตา	2.40
กระบอกปืน	2.50
กระบอกสูบ	2.50
กระบอกเพลา	2.60
กระบองกัน	2.50
กระบองราหู	2.60
กระบา	2.10
กระบี่ธุช	2.50
กระบุงโกย	2.50
กระปุกหลุก	2.60
กระปูด	2.20
กระป๋องน้ำ	2.60
กระพริบ	2.30
กระพริบตา	2.50
กระพอกวัว	2.50
กระพือข่าว	2.60
กระพือปีก	2.50
กระพุ่มมือ	2.60
กระมึน	2.20
กระยาบวช	2.40
กระยาสนาน	2.50
กระยาเลย	2.40
กระลาการ	2.40
กระลาพิม	2.40
กระลาศรี	2.40
กระลำพร	2.30
กระลึง	2.20
กระวานเทศ	2.50
กระว่า	2.20
กระศก	2.10
กระศัย	2.20
กระษัตริย์	2.60
กระษัตรี	2.40
กระษิร	2.20
กระสินธุ	2.40
กระสือดูด	2.50
กระสุนวิถี	2.60
กระสุนหลอก	2.60
กระหง่อง	2.40
กระหน	2.10
กระหนกนารี	2.60
กระหน่อง	2.40
กระหมุ่น	2.40
กระหม่า	2.30
กระหยด	2.20
กระหยบ	2.20
กระหยะ	2.20
กระหยาง	2.30
กระหย่อน	2.40
กระหว่า	2.30
กระหายน้ำ	2.50
กระอึด	2.20
กระอูบ	2.20
กระเกรียม	2.50
กระเกรียว	2.50
กระเกรี้ยว	2.60
กระเกลือก	2.50
กระเชียงปู	2.60
กระเด้าดิน	2.60
กระเด้าลม	2.50
กระเทือนใจ	2.60
กระเป๋าฉีก	2.60
กระเป๋าถือ	2.60
กระเป๋ารถ	2.50
กระเพรา	0.50
กระเพลิศ	2.40
กระเพาะปลา	2.60
กระเพิด	2.30
กระเษม	2.20
กระเษียร	2.40
กระเหน็จ	2.40
กระเหรี่ยง	2.60
กระเหลียก	2.50
กระเอบ	2.20
กระแจ๊ะ	2.30
กระแฉ่น	2.30
กระแซง	2.20
กระแด๊ก	2.30
กระแตวับ	2.40
กระแตเวียน	2.60
กระแตแว้ด	2.50
กระแบกงา	2.40
กระแบะมือ	2.50
กระแบ่	2.20
กระแพง	2.20
กระแสข่าว	2.50
กระแสความ	2.50
กระแสตรง	2.40
กระแสทวน	2.40
กระแสนิยม	2.50
กระแสน้ำลง	2.60
กระแสสลับ	2.50
กระแสเงิน	2.50
กระแสเลือด	2.60
กระแสเสียง	2.60
กระแสไฟ	2.30
กระแสไฟฟ้า	2.60
กระแหน่	2.30
กระแหม็บ	2.40
กระโจมทอง	2.50
กระโจมอก	2.40
กระโจมไฟ	2.40
กระโจ้	2.20
กระโดงคาง	2.50
กระโดงแดง	2.50
กระโดดร่ม	2.50
กระโดดสูง	2.50
กระโดดไกล	2.50
กระโถนฤๅษี	2.60
กระโปรงทอง	2.60
กระใด	2.10
กระไดลิง	2.40
กระไตร	2.20
กรัม	1.00
กรานกฐิน	2.40
กรานูโลมา	2.50
กราบกราน	2.40
กราบทูล	2.30
กราบพระ	2.30
กราบลา	2.20
กราบเท้า	2.40
กราบเรียน	2.50
กราบไหว้	2.40
กราฟ	1.00
กราฟฟิก	2.30
กราฟฟิค	2.30
กราฟิก	2.70
กราฟิคส์	2.40
กรามช้าง	2.40
กรามพลู	2.30
กรามีน	2.20
กราล	2.00
กราวด่าง	2.40
กราสิก	2.20
กรำแดด	2.20
กริยาวลี	2.40
กริยาสกรรม	2.60
กริยาอกรรม	2.60
กริลล์	2.20
กริวกราว	2.40
กริ่งใจ	2.30
กรีดกราด	2.40
กรีดนิ้ว	2.40
กรีดร้อง	2.40
กรีดเลือด	2.50
กรีธาทัพ	2.40
กรีธาพล	2.30
กรีนการ์ด	2.50
กรีนชีกต์	3.00
กรีนที	2.20
กรีนอกไคต์	3.10
กรีนโซดา	2.40
กรีนโอ๊ก	2.90
กรี๊ดสลบ	2.40
กรึกถอง	2.30
กรึง	2.00
กรึ่ม	2.10
กรุก	2.00
กรุกกรัก	2.40
กรุกกรู๊	2.40
กรุงคาบูล	2.50
กรุงธน	2.20
กรุงธนบุรี	6.60
กรุงพาลี	2.40
กรุงศรี	2.30
กรุงศรีฯ	2.40
กรุงสยาม	2.40
กรุงเก่า	2.40
กรุงเขมา	2.40
กรุงเทพอภิวัฒน์	7.10
กรุงไทย	2.30
กรุณาคุณ	2.40
กรุน	2.00
กรุยกราย	2.40
กรุยทาง	2.30
กรุสมบัติ	2.50
กรุ๊ป	2.60
กรูป	2.50
กรูมมิ่ง	1.50
กรูเนอไรต์	3.10
กร่นุ	2.10
กร่อม	2.10
กร่ำกรุ่น	2.50
กร๊วบ	2.10
กร๊อบ	2.10
กร๊อบแกร๊บ	2.60
กร๊ากก	2.20
กฤดา	2.00
กฤดาการ	2.30
กฤดาญชลี	2.40
กฤดาธิการ	2.50
กฤดายุค	2.30
กฤดาอัญชลี	2.60
กฤดิ	2.00
กฤดีกา	2.20
กฤตยฎีกา	2.40
กฤตยา	2.10
กฤติกา	2.20
กฤติยา	2.20
กฤษฎาญ	2.20
กฤษฎาญชลี	2.50
กฤษฎี	2.10
กลฉ้อฉล	2.30
กลต.	4.00
กลบลบ	2.10
กลบเกลี่ย	2.50
กลมกลึง	2.30
กลมดิก	2.20
กลมภะ	2.10
กลมารยา	2.30
กลยุทธ	2.20
กลยุทธ์	2.80
กลลวง	2.10
กลวม	2.00
กลหาย	2.10
กลอกกลับ	2.40
กลอกกลิ้ง	2.50
กลอกตา	2.20
กลอกลูกตา	2.50
กลองยาว	2.30
กลองเพล	2.30
กลอนด้น	2.30
กลอนตลาด	2.40
กลอนลิลิต	2.50
กลอนสด	2.20
กลอนสวด	2.30
กลอนสุภาพ	2.50
กลอนเปล่า	2.50
กลอนแปด	2.30
กลอุบาย	2.30
กลอุปกรณ์	2.50
กลอเรีย	2.30
กลอโคดอต	2.90
กลอโคเฟน	2.90
กลอโคโครไอต์	3.30
กลอโคไนต์	3.00
กลัง	2.00
กลัดกระดุม	2.60
กลันตัน	6.30
กลับกลาย	2.40
กลับกัน	2.30
กลับคำ	2.20
กลับคืน	2.30
กลับด้าน	2.40
กลับตัว	2.30
กลับบ้าน	2.40
กลับมา	2.20
กลับรถ	2.20
กลับหัว	2.30
กลับเป็น	2.40
กลับใจ	2.20
กลัมพก	2.20
กลัวผี	2.20
กลัวลาน	2.30
กลัวหัวหด	2.50
กลัวเกรง	2.40
กลัวเมีย	2.40
กลัวใจ	2.20
กลั่นตัว	2.40
กลั้นวาจา	2.50
กลั้นหายใจ	2.60
กลั้นใจ	2.30
กลั้วคอ	2.30
กลางกรุง	2.40
กลางช้าง	2.40
กลางดิน	2.30
กลางดึก	2.30
กลางทาง	2.30
กลางบ้าน	2.40
กลางปี	2.20
กลางฝ่ามือ	2.60
กลางลำตัว	2.50
กลางหาว	2.30
กลางอากาศ	2.50
กลางเดือน	2.50
กลางเมือง	2.50
กลางเวหา	2.40
กลางใจมือ	2.50
กลายพันธุ์	2.60
กลายร่าง	2.40
กลายสี	2.20
กลายเป็น	2.40
กลาสแมน	2.30
กลาสโกว	2.80
กลาเซอไรต์	3.10
กลิ่ง	2.10
กลิ่นคาว	2.40
กลิ่นตัว	2.40
กลิ่นหอม	2.40
กลิ่นอับ	2.40
กลิ่นเต่า	2.50
กลิ่นไอ	2.30
กลิ้ม	2.10
กลีบขนุน	2.40
กลีบดอก	2.30
กลีบดอกไม้	2.60
กลีบตา	2.20
กลีบบัว	2.30
กลีบหิน	2.30
กลี่	2.00
กลึงกล่อม	2.50
กลึ้ง	2.10
กลืนกัน	2.30
กลืนน้ำลาย	2.60
กลุตาราล	2.40
กลุ่มก้อน	2.50
กลุ่มคน	2.30
กลุ่มชน	2.30
กลุ่มทำงาน	2.60
กลุ่มย่อย	2.50
กลุ่มอาชีพ	2.60
กลุ่มอายุ	2.50
กลุ่มเลือด	2.60
กลุ้มรุม	2.40
กลุ้มใจ	2.30
กลูคาร์กอน	2.60
กลูน	2.00
กลูน์	2.10
กลูโคซามีน	2.60
กลูโคส	2.70
กลู่	2.00
กลเหย	2.10
กลโกง	2.10
กลไฟ	2.00
กล่องดนตรี	2.60
กล่องดำ	2.30
กล่องดินสอ	2.60
กล่องเพลง	2.50
กล่องโฟม	2.40
กล่อมท้อง	2.50
กล่อมมดลูก	2.60
กล่อมหอ	2.30
กล่า	2.00
กล่าวขาน	2.40
กล่าวตอบ	2.40
กล่าวถึง	2.40
กล่าวย้ำ	2.40
กล่าวร้าย	2.50
กล่าวว่า	2.40
กล่าวสรุป	2.50
กล่าวอ้าง	2.50
กล่าวเตือน	2.60
กล่าวเท็จ	2.50
กล่าวโจมตี	2.60
กล่าวโต้	2.40
กล่าวโทษ	3.90
กล้วยตาก	2.40
กล้วยน้อย	2.50
กล้วยบวชชี	2.60
กล้วยหอม	2.40
กล้วยไข่	2.40
กล้องขยาย	2.50
กล้องดูดาว	2.60
กล้องมองหลัง	3.80
กล้องยาสูบ	2.60
กล้องระดับ	2.60
กล้องสนาม	2.50
กล้องสลัด	2.50
กล้องสองตา	2.60
กล้องสำรวจ	2.60
กล้ามเนี้อ	2.60
กล้ามเนื้อ	2.60
กล้ามเนื้อหัวใจขาดเลือด	5.00
กล้าหาญ	2.30
กล้าเผชิญ	2.50
กล้าเสี่ยง	2.60
กล้าแกร่ง	2.50
กล้าแข็ง	2.40
กล้าไม้	2.30
กล๊มกลม	2.30
กวดวิชา	2.30
กวนประสาท	2.50
กวนเมือง	2.40
กวนโอ๊ย	2.30
กวนใจ	2.10
กวะกวัก	2.30
กวะแกว่ง	2.40
กวักมือ	2.30
กวางจุก	2.30
กวางทอง	2.30
กวางป่า	2.30
กวางผา	2.20
กวางม้า	2.30
กวางเขน	2.30
กวางเจา	2.30
กวางเดินดง	2.60
กวางโจว	2.30
กวาดตา	2.20
กวาดต้อน	2.40
กวาดล้าง	2.40
กวาดสายตา	2.50
กวาน	2.00
กวาร์	2.60
กวาร์กัม	2.90
กวาว	2.00
กวิน	2.00
กวีกระวาด	2.50
กว่าน	2.10
กว่าเพื่อน	2.60
กว้างขวาง	2.50
กว้างใหญ่	2.50
กว้างไกล	2.40
กว้านซื้อ	2.50
กษ	1.50
กษัตรีศูร	2.50
กษีณาศรพ	2.40
กษีดิ	2.10
กษีรามพุ	2.40
กษีรารณพ	2.40
กสท	1.50
กสทช	2.00
กสทช.	5.10
กสิ	1.50
กห	1.50
กอ.รมน.	4.30
กองกำลัง	2.40
กองกูณฑ์	2.40
กองข้าว	2.30
กองจาก	2.20
กองทหาร	2.30
กองทัพน้อย	2.60
กองทัพมด	2.40
กองทุนกู้ยืมเพื่อการศึกษา	4.50
กองทุนดัชนี	4.20
กองทุนประกันสังคม	6.30
กองทุนรวม	4.00
กองทุนสำรองเลี้ยงชีพ	5.00
กองบุญ	2.20
กองปราบ	2.30
กองปราบฯ	2.40
กองพลน้อย	2.50
กองพะเนิน	2.50
กองมรดก	3.80
กองหลัง	2.30
กองเชียร์	2.50
กองเรือ	2.30
กองเรือรบ	2.50
กองไฟ	2.10
กอซ	1.50
กอดก่าย	2.30
กอดจูบ	2.20
กอดทิพย์	1.50
กอดรัด	2.20
กอดอก	2.10
กอบกู้	2.20
กอบมือ	2.20
กอยโบรเจน	2.50
กอริลล่า	2.40
กอร์มาไนต์	3.10
กอล่าง	3.20
กอล์ฟ	2.60
กอสซิป	2.20
กอหญ้า	2.20
กะกร่อม	2.30
กะกร้าว	2.30
กะกลิ้ง	2.30
กะกึก	2.10
กะดี๊กะด๊า	2.60
กะตังใบ	2.30
กะต่อม	2.20
กะต้อ	2.10
กะทัดรัด	0.50
กะทั่ง	2.20
กะทิขูด	2.30
กะท้าง	2.20
กะน่อง	2.20
กะบม	2.00
กะบอนกะบึง	2.60
กะบังหน้า	2.50
กะบี้	2.10
กะปั่น	2.20
กะปุ่ม	2.20
กะป้อ	2.10
กะพริบตา	2.40
กะพอง	2.10
กะพั้น	2.20
กะพา	2.00
กะมง	2.00
กะมัน	2.10
กะม่ง	2.10
กะยุ	2.00
กะย่อง	2.20
กะระนะ	2.20
กะรัต	2.60
กะรัตหลวง	2.50
กะลอม	2.10
กะลอย	2.10
กะลาหัว	2.30
กะลำพร	2.20
กะหน่อง	2.30
กะหมอก	2.20
กะหล่ำปลี	2.50
กะอิด	2.10
กะเกาะ	2.20
กะเตก	2.10
กะเตงเรง	2.40
กะเบี้ย	2.30
กะเพรา	0.50
กะเพียดหนู	2.60
กะเมีย	2.20
กะเอว	2.10
กะแตว	2.10
กะแต่ว	2.20
กะแอ	2.00
กะแอน	2.10
กะโซ่น้ำ	2.40
กะโดง	2.10
กะโบม	2.10
กะโหลกกะลา	2.60
กะได	2.00
กักขังแทนค่าปรับ	4.70
กักคุม	2.20
กักด่าน	2.30
กักบริเวณ	2.50
กักเก็บ	2.30
กักเก็บคาร์บอน	4.00
กังกะ	2.10
กังวลใจ	2.30
กังวาน	0.50
กังวาล	0.50
กังสะ	2.10
กังหันน้ำ	2.50
กังหันร่อน	2.60
กังหันลม	2.40
กังเวียน	2.40
กัณหปักษ์	2.50
กัดกร่อน	2.40
กัดป่า	2.20
กัดฟันทน	2.40
กัดมันไดต์	3.10
กัดลาก	2.20
กัดวาง	2.20
กัดเซาะ	2.30
กัตรทัณฑ์	2.50
กันกระแทก	2.50
กันฉิ่ง	2.30
กันดอง	2.20
กันดาฮาร์	2.50
กันทะ	2.10
กันที่	2.20
กันน้ำ	2.20
กันผม	2.10
กันฝน	2.10
กันพลา	2.70
กันพิรุณ	2.40
กันภัย	2.20
กันลึง	2.20
กันสนิม	2.30
กันเอา	2.20
กันแซง	2.20
กันแดด	2.20
กันแทรก	2.30
กันและกัน	2.50
กันโชก	2.20
กับบุเรศ	2.40
กัปตัน	2.70
กัปตันเรือ	2.60
กัปนก	2.10
กัปบาสิก	2.40
กัปปิยการก	2.60
กัปปีย์	2.30
กัฟฟี่	2.70
กัฟเวอร์แนนซ์	3.40
กัมบน	2.10
กัลพุม	2.20
กัลหาย	2.20
กัลเว้า	2.30
กัลเอา	2.20
กัลโหย	2.20
กัว	1.50
กัวคาโมเล	3.50
กัวซู่ชิง	2.50
กัวรานา	2.30
กัศมล	2.10
กั้งกระดาน	2.60
กั้นกาง	2.30
กั้นซู่	2.30
กั้นบัง	2.30
กั้นรั้ว	2.40
กั้นแบ่ง	2.40
กากกะรุน	2.40
กากขยาก	2.30
กากข้าว	2.30
กากคติ	2.20
กากน้ำตาล	2.50
กากภาษา	2.30
กากรุน	2.20
กากะ	2.00
กากี่นั้ง	2.50
กากเดน	2.20
กางกั้น	2.30
กางปีก	2.20
กางมุ้ง	2.30
กางร่ม	2.20
กางเกงยีน	2.50
กางเกงลิง	2.50
กางเกงแพร	2.50
กางเกงใน	2.40
กางเกียง	2.40
กางเกี่ยง	2.50
กางแขน	2.20
กาจับหลัก	2.50
กาญจนาภิเษก	5.20
กาด	1.00
กาต้มน้ำ	2.40
กานท	2.00
กานท์	2.10
กานิเยร์	2.40
กานิเย่	2.30
กาน้ำ	2.10
กาบกล้วย	2.40
กาบกี้	2.20
กาบคู่	2.20
กาบน้ำจืด	2.50
กาบบัว	2.20
กาบปูเล	2.30
กาบพรหมศร	2.50
กาบหอยแครง	2.60
กาบุรุษ	2.30
กาบเขียง	2.40
กาบเดียว	2.40
กาบเดี่ยว	2.50
กาพย์กลอน	2.50
กาฟักไข่	2.40
กามกรีฑา	2.40
กามฉันท์	2.40
กามตัณหา	2.40
กามตายด้าน	2.60
กามภพ	2.10
กามราคะ	2.30
กามวิตก	2.30
กามวิตถาร	2.50
กามสมังคี	2.50
กามัช	2.10
กามา	2.00
กามาทีนพ	2.40
กามาพจร	2.30
กามามิศ	2.30
กามาวจร	2.30
กามิศ	2.10
กายพันธน์	2.50
กายภาพบำบัด	4.20
กายาพยพ	2.30
การก	2.00
การกดดัน	2.40
การกดทับ	2.40
การกบฏ	2.20
การกรอก	2.30
การกรอง	2.30
การกระจายอำนาจ	4.00
การกระชาก	2.50
การกระซิบ	2.50
การกระทำ	2.40
การกระพริบ	2.60
การกระแทก	2.50
การกราบ	2.30
การกลบ	2.20
การกลับคืน	2.60
การกลาย	2.30
การกลิ้ง	2.40
การกลึง	2.30
การกลืน	2.30
การกล่าวหา	2.60
การกวด	2.20
การกวน	2.20
การกวาด	2.30
การกสิกรรม	2.60
การกักขัง	4.00
การกักตุน	2.50
การกักเก็บคาร์บอน	4.30
การกัน	2.20
การกำ	2.10
การกำกับ	2.40
การกำจัดขยะ	3.70
การกินอยู่	2.60
การกีดกัน	2.50
การกีฬา	2.30
การกุศล	2.30
การกู้	2.20
การกู้ชาติ	2.60
การกู้เงิน	2.60
การกู้เรือ	2.60
การก่อรูป	2.50
การก๊อปปี้	2.60
การขนส่ง	2.40
การขนานนาม	2.60
การขบคิด	2.40
การขบฉัน	2.40
การขมวดผม	2.50
การขยับ	2.30
การขว้าง	2.40
การขอร้อง	2.50
การขัดกัน	2.50
การขัดขวาง	2.60
การขัดขืน	2.50
การขัดข้อง	2.60
การขับ	2.20
การขับขี่	2.50
การขับร้อง	2.60
การขับเคลื่อนสังคม	4.40
การขับไล่	2.50
การขาดทุน	2.50
การขาน	2.20
การขี่	2.20
การขึ้นลง	2.50
การขุดแต่ง	2.60
การขูด	2.20
การขู่	2.20
การขโมย	2.30
การข่มขืน	2.50
การข่มขู่	2.50
การข้าม	2.30
การคด	2.10
การคดโกง	2.40
การคน	2.10
การคบ	2.10
การคบค้า	2.40
การคมนาคม	2.50
การครอบ	2.30
การครัว	2.30
การครูด	2.30
การควบ	2.20
การควบแน่น	2.60
การควั่น	2.40
การคว้าน	2.40
การคอมไพล์	2.60
การคอย	2.20
การคัดแยกขยะ	3.80
การคั่ง	2.30
การคั่น	2.30
การคาด	2.20
การคาย	2.20
การคายน้ำ	2.50
การคำนวณ	2.40
การคืน	2.20
การคุ	2.10
การคุม	2.20
การคุย	2.20
การคูณ	2.20
การค้นคว้า	2.60
การค้า	2.20
การค้าขาย	2.50
การค้าน	2.30
การค้ำจุน	2.50
การฆ่าฟัน	2.50
การงด	2.10
การงาน	2.20
การจด	2.10
การจร	2.10
การจราจร	2.40
การจราจล	2.40
การจลาจล	2.40
การจักสาน	2.50
การจัดระบบ	2.60
การจัดสวน	2.50
การจัดส่ง	2.50
การจัดแต่ง	2.60
การจับกุม	2.50
การจับปลา	2.50
การจับสลาก	2.60
การจารึก	2.40
การจำคุก	3.90
การจำลอง	2.40
การจำแนก	2.40
การจิก	2.20
การจี้	2.20
การจุ	2.10
การจูงใจ	2.40
การจ้อง	2.30
การฉกชิง	2.40
การฉาย	2.20
การฉายแสง	2.50
การฉีก	2.20
การฉุดคร่า	2.60
การฉ้อฉล	2.40
การชกมวย	2.40
การชงชา	2.30
การชน	2.10
การชนช้าง	2.50
การชนะ	2.20
การชะ	2.10
การชะงัก	2.40
การชะลอ	2.30
การชัก	2.20
การชักนำ	2.40
การชั่ง	2.30
การชาร์จเร็ว	3.80
การชำระหนี้	4.20
การชำระเงิน	4.20
การชำรุด	2.40
การชิง	2.20
การชี้ทาง	2.50
การชี้แจง	2.50
การชุน	2.20
การชุบ	2.20
การช่วงชิง	2.60
การช่วยงาน	2.60
การช่าง	2.30
การซักรีด	2.50
การซึม	2.20
การซื้อขาย	2.60
การซื้อหา	2.50
การซ่อน	2.30
การซ่อมแซม	2.60
การซ้อน	2.30
การซ้อม	2.30
การซ้ำ	2.20
การซ้ำซ้อน	2.60
การดม	2.10
การดมกลิ่น	2.60
การดอง	2.20
การดัดผม	2.40
การดับ	2.20
การดำรง	2.30
การดำริ	2.30
การดิ้นรน	2.50
การดีดนิ้ว	2.60
การดูงาน	2.40
การดูดกลืน	2.60
การตกงาน	2.40
การตกปลา	2.40
การตกลงใจ	2.50
การตกเลือด	2.60
การตรวจจับ	2.60
การตรวจตรา	2.60
การตรวจวัด	2.60
การตระหนัก	2.60
การตระเวน	2.50
การตรัสรู้	2.60
การตลบกลับ	2.60
การตลาด	2.30
การตอก	2.20
การตอกย้ำ	2.50
การตอน	2.20
การตอบรับ	2.50
การตอบแทน	2.50
การตอบโต้	2.50
การตะโกน	2.40
การตัก	2.20
การตัดตอน	2.50
การตัดต่อ	2.50
การตั้งตัว	2.60
การตั้งสติ	2.60
การตาม	2.20
การตาย	2.20
การติ	2.10
การติดสุรา	2.60
การติดโรค	2.50
การติดไฟ	2.40
การตีกลอง	2.50
การตื่น	2.30
การต่อตา	2.40
การต่อย	2.30
การต่อสู้	2.50
การต่อเติม	2.60
การต่อเรือ	2.60
การต้ม	2.20
การต้าน	2.30
การถนอม	2.30
การถม	2.10
การถล่ม	2.30
การถอดถอน	2.50
การถอนพิษ	2.50
การถอนฟัน	2.50
การถอย	2.20
การถาก	2.20
การถาง	2.20
การถู	2.10
การถ่วง	2.30
การถ่ายทำ	2.50
การถ่ายภาพ	2.60
การถ่ายรูป	2.60
การทด	2.10
การทดลอง	2.40
การทดแทน	2.40
การทบทวน	2.40
การทรงตัว	2.50
การทราบ	2.30
การทรุด	2.30
การทรุดตัว	2.60
การทวน	2.20
การทหาร	2.30
การทอ	2.10
การทอดกฐิน	2.60
การทอดทิ้ง	2.60
การทอน	2.20
การทะเลาะ	2.50
การทักทาย	2.50
การทัน	2.20
การทับถม	2.40
การทางรถไฟ	2.60
การทาบทาม	2.50
การทาสี	2.30
การทำขวัญ	2.50
การทำครัว	2.50
การทำงาน	2.40
การทำดี	2.30
การทำตน	2.30
การทำตาม	2.40
การทำบาป	2.40
การทำผิด	2.40
การทำฟาร์ม	2.60
การทำยา	2.30
การทำร้าย	2.50
การทำศพ	2.30
การทำศึก	2.40
การทำสมาธิ	2.60
การทำสัญญา	2.60
การทำหมัน	2.50
การทุ่มเท	2.50
การทูต	2.20
การท่อง	2.30
การท่องจำ	2.50
การท้วงติง	2.60
การธนาคาร	2.50
การธำรง	2.30
การนัด	2.20
การนำ	2.10
การนำทาง	2.40
การนำพา	2.30
การนินทา	2.40
การนิพนธ์	2.50
การนิยาม	2.40
การบรรจุ	2.40
การบรรทุก	2.50
การบรรยาย	2.50
การบรรลุผล	2.60
การบรรเลง	2.50
การบริหาร	2.50
การบวก	2.20
การบวงสรวง	2.60
การบวช	3.20
การบวชเณร	2.50
การบวม	2.20
การบัญชี	2.40
การบำบัด	2.40
การบีบ	2.20
การบีบคั้น	2.60
การบุก	2.20
การบุกเบิก	2.60
การบูชายัญ	2.60
การบูด	2.20
การบูรป่า	2.50
การบ่งบอก	2.50
การบ่นว่า	2.50
การบ่ม	2.20
การปกครอง	2.50
การปกครองส่วนท้องถิ่น	4.50
การปกป้อง	2.50
การปฏิบัติ	2.60
การปฏิรูป	2.50
การปฏิวัติ	2.60
การปฏิสนธิ	2.60
การปรนเปรอ	2.60
การปรบ	2.20
การประกวด	2.50
การประชด	2.40
การประชวร	2.50
การประชัน	2.50
การประชุม	2.50
การประณาม	2.50
การประปา	2.40
การประมง	2.40
การประมวล	2.50
การประมาณ	2.50
การประมูล	2.50
การประสม	2.40
การประหารชีวิต	4.50
การประเมิน	2.60
การปรักปรำ	2.60
การปรับตัว	2.60
การปรากฏ	2.40
การปรารภ	2.40
การปราศรัย	2.60
การปริวรรต	2.60
การปรึกษา	2.50
การปรุง	2.30
การปลง	2.20
การปลด	2.20
การปลดหนี้	4.10
การปลอม	2.30
การปลุก	2.30
การปลุกใจ	2.50
การปลูกป่า	3.60
การปล่อยนก	2.60
การปล้น	2.30
การปะทะ	2.30
การปั้น	2.30
การปั้นรูป	2.60
การปิดกั้น	2.60
การปิดทอง	2.50
การปิดบัง	2.50
การป้องกัน	2.60
การผจญภัย	2.50
การผดุง	2.30
การผนวก	2.30
การผลัก	2.30
การผลักดัน	2.60
การผลิ	2.20
การผลิต	2.30
การผสาน	2.30
การผัดวัน	2.50
การผัน	2.20
การผันแปร	2.50
การผูก	2.20
การผ่อน	2.30
การผ่อนปรน	2.60
การผ่า	2.20
การฝังศพ	2.40
การฝังเข็ม	2.60
การฝาก	2.20
การฝีมือ	2.40
การฝึกงาน	2.50
การฝึกซ้อม	2.60
การฝึกฝน	2.40
การฝึกสอน	2.50
การฝืน	2.20
การฝ่าฝืน	2.50
การฝ่าฟัน	2.50
การพนัน	2.30
การพบกัน	2.40
การพบเห็น	2.50
การพรรณนา	2.50
การพร่อง	2.40
การพลิก	2.30
การพลี	2.20
การพักผ่อน	2.60
การพัฒนา	2.40
การพา	2.10
การพาณิชย์	2.60
การพิจารณา	2.60
การพินิจ	2.40
การพิสูจน์	2.60
การพุ่ง	2.30
การพ่น	2.20
การพ่วง	2.30
การฟอกเงิน	4.10
การฟัก	2.20
การฟักไข่	2.50
การฟันฝ่า	2.50
การฟาดฟัน	2.50
การฟื้น	2.30
การฟื้นตัว	2.60
การฟื้นฟู	2.50
การฟ้อนรำ	2.50
การมองหา	2.40
การมั่วสุม	2.60
การมีงานทำ	2.60
การยกมือ	2.40
การยกเว้น	2.50
การยอ	2.10
การยอมจำนน	2.60
การยอมตาม	2.50
การยักยอก	2.50
การยับยั้ง	2.60
การยั่วยุ	2.50
การยั้ง	2.30
การยำ	2.10
การยินยอม	2.50
การยิ้ม	2.30
การยึดมั่น	2.60
การยืนกราน	2.60
การยืม	2.20
การยื่นมือ	2.60
การยุติ	2.30
การย่อ	2.20
การย่อหน้า	2.60
การย่าง	2.30
การย่ำ	2.20
การย้อมสี	2.50
การย้ายที่	2.60
การย้ำ	2.20
การรด	2.10
การรอคอย	2.40
การรอลงอาญา	4.20
การระงับ	2.40
การระลึก	2.40
การระเบิด	2.50
การรักษา	2.40
การรัด	2.20
การรับจ้าง	2.60
การรับทราบ	2.60
การรับผิด	2.50
การรับรู้	2.50
การรับสภาพหนี้	4.50
การรับเอา	2.50
การรับใช้	2.50
การรั่วไหล	2.60
การรำ	2.10
การรำพึง	2.40
การรำลึก	2.40
การริบทรัพย์สิน	4.60
การรีดนม	2.40
การรื้อ	2.30
การรุกล้ำ	2.50
การรุดหน้า	2.60
การรู้จำ	2.40
การร่วง	2.30
การร่วมทุน	2.60
การร่วมแรง	2.60
การร่อน	2.30
การร่ายรำ	2.50
การร้อง	2.30
การร้องขอ	2.50
การร้องไห้	2.60
การร้อย	2.30
การลงทุน	2.40
การลงนาม	2.40
การลงแขก	2.40
การลงแรง	2.40
การลดราคา	2.50
การลดหย่อน	2.60
การลวก	2.20
การลอก	2.20
การลอยตัว	2.50
การละ	2.10
การละคร	2.30
การละทิ้ง	2.50
การละลาย	2.40
การละสายตา	2.60
การลัก	2.20
การลักพา	2.40
การลา	2.10
การลาก	2.20
การลากเส้น	2.60
การลำเลิก	2.50
การลำเลียง	2.60
การลิดรอน	2.50
การลุก	2.20
การลูบ	2.20
การลู่เข้า	2.60
การล่อ	2.20
การล้ม	2.20
การล้มเลิก	2.60
การล้อเล่น	2.60
การล้างตา	2.50
การล้างบาป	2.60
การล้ำหน้า	2.60
การวน	2.10
การวางท่า	2.50
การวางแผน	2.50
การวิจัย	2.40
การวิพากษ์	2.60
การวิวาท	2.40
การศึก	2.20
การศึกษา	2.40
การสกัด	2.30
การสงคราม	2.50
การสงวน	2.30
การสดุดี	2.40
การสนอง	2.30
การสนใจ	2.30
การสมมติ	2.40
การสมรสซ้อน	4.20
การสมสู่	2.40
การสมาคม	2.40
การสร้างคำ	2.60
การสละ	2.20
การสลัก	2.30
การสลัด	2.30
การสลับ	2.30
การสลายตัว	2.60
การสวดมนต์	2.60
การสวม	2.20
การสอดส่อง	2.60
การสอดใส่	2.50
การสอน	2.20
การสอบย่อย	2.60
การสะกดคำ	2.50
การสะดุด	2.40
การสังกัด	2.50
การสังหาร	2.50
การสัญจร	2.40
การสับ	2.20
การสัมผัส	2.50
การสัมมนา	2.50
การสั่งสม	2.50
การสั่น	2.30
การสาธิต	2.40
การสาน	2.20
การสาบสูญ	4.00
การสาบาน	2.40
การสำนึก	2.40
การสำรวจ	2.40
การสำรอง	2.40
การสำลัก	2.40
การสี	2.10
การสึกหรอ	2.50
การสืบทอด	2.50
การสืบสาน	2.50
การสื่อสาร	2.60
การสูญสิ้น	2.60
การสูด	2.20
การสูบ	2.20
การสู่ขอ	2.40
การสู้	2.20
การส่งออก	2.50
การส่าย	2.30
การหด	2.10
การหมกมุ่น	2.60
การหมักหมม	2.60
การหยอด	2.30
การหยั่ง	2.40
การหยิบยก	2.50
การหยิบยืม	2.60
การหยุดพัก	2.60
การหย่า	2.30
การหลอก	2.30
การหลอม	2.30
การหลอมรวม	2.60
การหลีก	2.30
การหลุดพ้น	2.60
การหล่อ	2.30
การหวนกลับ	2.60
การหว่าน	2.40
การหักกลบลบหนี้	4.60
การหักเห	2.40
การหันเห	2.40
การหัวเราะ	2.60
การหากิน	2.40
การหาปลา	2.40
การหาม	2.20
การหารือ	2.40
การหาเหตุ	2.50
การหุงต้ม	2.50
การหุ้ม	2.30
การอด	2.10
การอธิบาย	2.50
การอนุญาต	2.50
การอนุมัติ	2.60
การอนุมาน	2.50
การอบรม	2.30
การอพยพ	2.30
การอภัย	2.30
การอภัยโทษ	2.60
การอยู่รอด	2.60
การอยู่ไฟ	2.50
การออกงาน	2.50
การออกไป	2.40
การออกไฟ	2.40
การออม	2.20
การอัญเชิญ	2.60
การอัด	2.20
การอาบน้ำ	2.50
การอาราธนา	2.60
การอาศัย	2.40
การอำนวยพร	2.60
การอำลา	2.30
การอิง	2.20
การอุด	2.20
การอุดหนุน	2.60
การอุทิศ	2.40
การอุบัติ	2.50
การอุปสมบท	2.60
การอ้อนวอน	2.60
การันตี	2.80
การาไนน์	2.40
การเกณฑ์	2.40
การเกษตร	2.40
การเกษียณ	2.50
การเกาะ	2.30
การเกี่ยง	2.50
การเก็บตก	2.50
การเขียน	2.40
การเข่นฆ่า	2.60
การเข้าทรง	2.60
การเข้าสู่	2.60
การเคลือบ	2.50
การเคหะ	6.30
การเคหะฯ	2.40
การเจาะ	2.30
การเจ็บไข้	2.60
การเฉือน	2.40
การเชิดชู	2.50
การเช่า	2.30
การเซ้าซี้	2.60
การเต	2.10
การเตลิด	2.40
การเต้นรำ	2.50
การเทียบ	2.40
การเที่ยว	2.50
การเปรียบ	2.50
การเปลี่ยนแปลงสภาพภูมิอากาศ	4.50
การเปล่ง	2.40
การเปิดฉาก	2.60
การเปิดทาง	2.60
การเปิดน้ำ	2.60
การเผย	2.20
การเผาถ่าน	2.60
การเผาผลาญ	2.60
การเผาศพ	2.40
การเฝ้า	2.30
การเฝ้าดู	2.50
การเพิกถอน	2.60
การเพ่ง	2.30
การเพ้อ	2.30
การเยียวยา	2.60
การเยี่ยม	2.50
การเยือน	2.40
การเรียง	2.40
การเรียงคำ	2.60
การเรียน	2.40
การเรี่ยไร	2.60
การเร้า	2.30
การเลี่ยง	2.50
การเลือกตั้ง	3.80
การเลือกตั้งทั่วไป	4.40
การเล็ง	2.30
การเล่นคำ	2.50
การเล่นงาน	2.60
การเสก	2.20
การเสนอแนะ	2.60
การเสาะหา	2.50
การเสแสร้ง	2.60
การเหาะ	2.30
การเอ่ยถึง	2.60
การเเสดง	0.50
การแกว่ง	2.40
การแกะสลัก	2.60
การแก้ตัว	2.50
การแก้หน้า	2.60
การแก้แค้น	2.60
การแขวน	2.30
การแข็งตัว	2.60
การแข่งขัน	2.60
การแข่งม้า	2.60
การแข่งรถ	2.50
การแคะหู	2.40
การแจกจ่าย	2.60
การแจกแจง	2.50
การแช่	2.20
การแตกตา	2.40
การแตกร้าว	2.60
การแตกสลาย	2.60
การแตกแยก	2.50
การแถลง	2.30
การแทนที่	2.50
การแทรก	2.30
การแนะแนว	2.50
การแบกหาม	2.50
การแปร	2.20
การแปรง	2.30
การแพทย์	2.40
การแพร่ภาพ	2.60
การแพ้ยา	2.40
การแยกขยะ	3.50
การแย่ง	2.30
การแย่งชิง	2.60
การแลก	2.20
การแสดง	2.30
การแสดงตัว	2.60
การแสดงออก	2.60
การแสวง	2.30
การแหวก	2.30
การแห่	2.20
การแอบ	2.20
การแอบดู	2.40
การโกง	2.20
การโค้ง	2.30
การโจรกรรม	2.60
การโต	2.10
การโต้ตอบ	2.50
การโน้ม	2.30
การโปรย	2.30
การโยง	2.20
การโยน	2.20
การโหยหา	2.40
การโอบอุ้ม	2.60
การโอ่อวด	2.50
การโอ้อวด	2.50
การใช้งาน	2.50
การใช้บน	2.40
การใช้ใบ	2.40
การใบ้	2.20
การใฝ่หา	2.40
การให้อภัย	2.60
การไข่	2.20
การไต่	2.20
การไถ	2.10
การไถ่	2.20
การไฟฟ้า	2.40
การ์ซีเนีย	2.60
การ์ด	2.60
การ์ดีน่า	2.50
การ์ตูน	2.80
การ์ตูนญี่ปุ่น	3.50
การ์นิเยร์	2.60
การ์เด้นส์	2.60
การ์เนต	2.80
การ์เนียไรต์	3.30
การ์โดโซ	2.40
กาลนาน	2.20
กาลักน้ำ	2.40
กาลิเลโอกาลิเล	3.50
กาลีนา	2.70
กาลเทศะ	0.50
กาลเทสะ	0.50
กาลเวลา	2.30
กาวใจ	2.10
กาสัก	2.10
กาสามปีก	2.40
กาหยีเขา	2.40
กาหัก	2.10
กาห์ไนต์	2.90
กาฬปักษี	2.40
กาฬวาต	2.20
กาฬสินธ์	2.40
กาเต๊าะ	2.30
กาเบียล	2.80
กาเปี้ยด	2.40
กาเมศ	2.10
กาเรียน	2.30
กาเรียนทอง	2.60
กาเวียน	2.30
กาแฟร้อน	2.40
กาแฟสด	2.20
กาแฟเย็น	2.40
กาแฟใบใหญ่	2.60
กาแลกซี่	2.90
กาแลกูโบร์	2.60
กาแลกไซต์	3.00
กาแลสะนอ	2.40
กาแล็กซี	2.90
กาแล็กซี่	2.50
กาแล็กโทส	3.00
กาโดลิไนต์	3.10
กาโมทย	2.20
กำจัดต้น	2.40
กำชับกำชา	2.50
กำตัด	2.10
กำตาก	2.10
กำถั่ว	2.20
กำทวน	2.10
กำนัด	2.10
กำบด	2.00
กำบน	2.00
กำบัด	2.10
กำบิด	2.10
กำม	1.50
กำมพฤกษ์	2.40
กำมะถัน	2.80
กำยำล่ำสัน	2.60
กำราก	2.10
กำรู	2.00
กำลอง	2.10
กำลังกาย	2.40
กำลังคน	2.30
กำลังงาน	2.40
กำลังจะ	2.30
กำลังซื้อ	2.50
กำลังดี	2.30
กำลังผลิต	2.50
กำลังภายใน	2.60
กำลังวังชา	2.60
กำลังสำรอง	2.60
กำลังเทียน	2.60
กำลังไฟฟ้า	2.60
กำลูน	2.10
กำหนดการ	2.40
กำหนดใจ	2.30
กำหนดให้	2.40
กำหมัด	2.20
กำหราก	2.20
กำเดาะ	2.20
กำเนียจ	2.30
กำเลาะ	2.20
กำเสาะ	2.20
กำแพงภาษี	2.50
กำแพงเพชร	8.50
กำแพงเมือง	2.60
กำแพงแก้ว	2.50
กำแพ้ง	2.20
กำแสง	2.10
กำโชก	2.10
กำโบล	2.10
กำไรสุทธิ	2.50
กิกะบิต	3.30
กิกะไบต์	3.40
กิงบุรุษ	2.40
กิจการค้า	2.50
กิจการงาน	2.50
กิจจานุกิจ	2.60
กิจธุระ	2.30
กิต	1.50
กิตฮับ	3.20
กิตแล็บ	3.30
กินกริบ	2.30
กินกัน	2.20
กินกำลัง	2.40
กินกำไร	2.30
กินขวา	2.20
กินข้าว	2.30
กินความ	2.30
กินชัน	2.20
กินช้อน	2.30
กินซ้าย	2.30
กินดอก	2.20
กินดาย	2.20
กินดิบ	2.20
กินตะเกียบ	2.60
กินตา	2.10
กินตำแหน่ง	2.60
กินทาง	2.20
กินที่	2.20
กินนรรำ	2.30
กินนอน	2.20
กินน้ำมัน	2.50
กินน้ำลึก	2.50
กินบวช	2.20
กินปลิง	2.30
กินผัว	2.20
กินมือ	2.20
กินยุง	2.20
กินรวบ	2.20
กินรอบวง	1.50
กินอะไร	2.30
กินแห้ว	1.50
กิบบ์ไซต์	3.00
กิฟต์	2.60
กิฟต์เซต	2.90
กิฟต์เซ็ต	3.00
กิฟต์เวาเชอร์	3.40
กิมจิ	3.10
กิมมิก	2.70
กิลด์	2.60
กิโล	1.00
กิโลเมตร	4.40
กิโลเฮิรตซ์	3.20
กิโลไซเกิล	3.10
กีตาร์	2.70
กีย์เซอไรต์	3.20
กุมารทอง	3.40
กุมารี	3.20
กุมารแพทย์	4.10
กุศโลบาย	0.50
กุศโลบายล์	0.50
กุ๊ก	1.00
กูด	1.00
กูบลิไนต์	3.00
กูเกิล	3.70
กูเกิลทอล์ค	3.20
กูเกิลเทร็นดส์	3.50
กูเกิลแมป	3.00
กูเกิลโครม	3.10
กูเกิลไดรฟ์	3.70
กูเกิ้ล	2.80
กู๊ดส์	2.70
กู๊ดแคท	3.30
ก๊อซ	1.00
ก๊อบปี้	2.80
ก๊อปปี้	2.80
ก๊าซ	1.00
ก๊าซคาร์บอนไดออกไซด์	4.50
ก๊าซมีเทน	3.50
ก๊าซเรือนกระจก	4.00
ขยะพลาสติก	3.60
ขยะรีไซเคิล	3.70
ขยะอิเล็กทรอนิกส์	4.30
ขรก.	4.00
ของแท้	2.20
ขอวาร์ป	1.50
ขอให้	2.10
ขับง่าย	2.30
ขับสนุก	2.30
ขับสบาย	2.30
ขับเคลื่อนล้อหน้า	4.30
ขับเคลื่อนล้อหลัง	4.30
ขับเคลื่อนสี่ล้อ	4.20
ขายขำ	1.50
ขิง	1.00
ขิตคาที่	1.50
ขึ้นบ้านใหม่	3.80
ขึ้นไป	2.20
ขุดบิตคอยน์	4.20
ขุนเรือง	2.40
ข้อบังคับ	4.00
ข้าวต้มมัด	3.60
ค.ศ.	7.00
คกก.	4.00
คฑา	1.00
คณะกรรมาธิการ	3.90
คณะรัฐมนตรี	3.70
คดีปกครอง	4.00
คดีมีมูล	3.90
คดีอาญา	3.80
คดีแพ่ง	3.80
คทา	1.00
คนละ	2.00
คนเสมือนไร้ความสามารถ	5.00
คนไร้ความสามารถ	4.60
คปภ.	4.00
ครม.	4.00
ครอนิเคิล	3.00
ครอบครองปรปักษ์	4.60
ครับผม	2.20
ครัวซองต์	3.50
ครั้งนี้	2.40
คราฟต์	2.70
คริซาลิส	2.90
คริปทอน	2.80
คริปทอมีเลน	3.20
คริปโต	3.70
คริปโตเคอร์เรนซี	3.70
คริปโตเคอเรนซี่	3.60
คริปโท	3.20
คริปโทเคอร์เรนซี	4.70
คริส	2.50
คริสตัล	2.80
คริสต์มาส	3.00
คริสมาสต์	3.00
คริสโทบาไลต์	3.30
คริแซนทิมัม	3.20
คริแซนเทมัม	3.20
คริโซคอลลา	3.10
คริโซเบริล	3.10
คริโซเพรส	3.00
คริโซไทล์	3.00
คริโซไลต์	3.00
ครีม	1.00
ครีมชีส	2.30
ครีเอต	2.70
ครีเอทีฟ	2.90
ครีเอทีฟส์คอมมอนส์	3.90
ครีเอเตอร์	3.10
ครีไดต์	2.80
คลองบางไผ่	6.60
คลองสาน	6.30
คลองเตย	6.30
คลอราพาไทต์	3.20
คลอราร์จิไรต์	3.40
คลอริทอยด์	3.10
คลอรีน	2.70
คลอว์	2.60
คลอส	2.50
คลอแรสโทไรต์	3.30
คลอแอนไทต์	3.10
คลอโรฟอร์ม	3.10
คลอโรฟิลล์	3.10
คลอไรต์	2.80
คลัตช์	2.70
คลับ	1.00
คลับเฮาส์	3.00
คลั่งรัก	1.50
คลามิเดีย	3.00
คลาริเน็ต	3.00
คลาร์ก	2.70
คลาวด์	3.20
คลาวด์คอมพิวติ้ง	4.20
คลาส	1.00
คลาสซี	2.70
คลาสรูม	2.80
คลาสสิก	2.80
คลาสเมต	2.80
คลิก	1.00
คลิง	2.50
คลิงก์	2.70
คลินช์	2.70
คลินิก	2.70
คลิป	1.00
คลิปบอร์ด	3.00
คลิปเปอร์	3.00
คลิฟ	2.50
คลิฟฟอร์ไดต์	3.30
คลิฟฟ์	2.70
คลิ๊ก	2.60
คลีก	2.50
คลีน	1.00
คลีนิค	0.50
คลีนเนอร์	3.00
คลีฟ	2.50
คลีฟแลนไดต์	3.20
คลีเช	2.60
ควอตซ์	2.70
ควอนตัม	3.30
ควอรันทีน	3.00
ความดันโลหิต	4.30
ความดันโลหิตสูง	4.60
ความผิดลหุโทษ	4.40
ความผิดอันยอมความได้	5.00
ความยั่งยืน	3.70
ความยุติธรรมในสังคม	4.50
ความหลากหลายทางเพศ	4.40
ความเท่าเทียม	3.90
ความเป็นกลางทางคาร์บอน	4.50
ความเสมอภาค	3.70
ความเสียหาย	3.20
ควินิน	2.70
คสช	1.50
คหสต	2.00
คอนกรีต	2.80
คอนเซปต์	2.90
คอนเซ็ปต์	3.00
คอนเดนเซอร์	3.20
คอนเทนต์	2.90
คอนเทนต์ครีเอเตอร์	3.90
คอนเทนเนอร์	3.70
คอนเนลไลต์	3.10
คอนเน็กชัน	3.10
คอนเสิร์ต	3.00
คอนแท็กต์เซนเตอร์	3.80
คอนแท็กต์เลนส์	3.50
คอนโด	2.60
คอนโดมิเนียม	3.30
คอนโดรไดต์	3.10
คอปเปอร์	2.90
คอฟดอร์สไกต์	3.30
คอฟดอร์สไกต์คอฟดอร์สไกต์	4.00
คอฟฟีช็อป	3.50
คอฟฟี่	3.20
คอมป์ซอกนาทัส	3.40
คอมพลีต	2.80
คอมพิวเตอร์	3.70
คอมมานโด	2.90
คอมมิวนิตี	3.10
คอมมิวนิสต์	3.20
คอมเมดี้	2.90
คอมเมนต์	2.90
คอมเมนท์	2.90
คอมเม้น	2.80
คอมเม้นต์	0.50
คอมเม้นท์	3.00
คอมแพกต์ดิสก์	3.40
คอมไพเลอร์	3.60
คอรอยด์	2.80
คอรันดัม	2.90
คอรัปชั่น	3.00
คอรัล	2.60
คอรัส	2.60
คอริสเตอร์	3.10
คอริโทซอรัส	3.20
คอร์ด	2.60
คอร์ดิไลต์	3.10
คอร์ติซอล	3.00
คอร์นวอลไลต์	3.30
คอร์นเฟลกส์	3.70
คอร์รัปชัน	3.10
คอร์ส	2.60
คอร์เคเชี่ยน	3.30
คอร์เดต	2.80
คอร์เดียไรต์	3.30
คอร์เนอรูพีน	3.30
คอร์เนไทต์	3.10
คอล	1.50
คอลดรอน	2.80
คอลลาเจน	2.90
คอลลินไซต์	3.10
คอลลิเกทิฟ	3.10
คอลัมนิสต์	3.10
คอลัมน์	2.80
คอลเซนเตอร์	3.20
คอลเลกชัน	3.00
คอลเล็กชัน	3.10
คอลแลบ	2.70
คอลโลฟาไนต์	3.20
คอลโลเฟน	2.90
คอส	1.50
คอสติกโซดา	3.60
คอสตูม	2.70
คอสเพลย์	2.90
คอสเพลเยอร์	3.20
คอเคซอยด์	3.00
คอเคเซียน	3.00
คอเมดี	2.70
คอเลสเตอรอล	3.20
คอโรนาไดต์	3.10
คัพ	1.50
คัพเค้ก	3.30
คัฟเวอร์	2.90
คัมภีร์	0.50
คัมมิงโทไนต์	3.30
คัมรี่	3.20
คัมแบค	2.70
คัมแบล็ค	2.90
คัมแบ็ค	2.80
คัลเจอร์	2.90
คัลเชอร์	2.90
คาทอลิก	2.80
คานต์	2.60
คาบาซา	2.70
คาปูชิโน	3.40
คาปูชิโน่	3.50
คามิโอชิ	2.90
คามีเลียน	3.00
คาราวาน	2.80
คาราเมล	2.80
คาริสมา	2.80
คาร์	1.00
คาร์คัส	2.80
คาร์ซิก	2.80
คาร์ซีต	2.80
คาร์ดามัม	3.00
คาร์ดิกัน	3.00
คาร์ดินัล	3.00
คาร์ดิแกน	3.00
คาร์ดิแอ็ก	3.10
คาร์ดิโอ	2.90
คาร์ดีโอ	2.90
คาร์ต	2.60
คาร์ตอน	2.80
คาร์นัลไลต์	3.20
คาร์นิวอร์	3.10
คาร์นิวัล	3.00
คาร์นีเลียน	3.20
คาร์บอน	2.80
คาร์บอนฟุตพริ้นท์	4.30
คาร์บอนมอนอกไซด์	3.70
คาร์บอนิก	3.00
คาร์บอนเครดิต	3.90
คาร์บอนไดออกไซด์	3.70
คาร์บอย	2.80
คาร์บอลิก	3.00
คาร์บอเนต	3.00
คาร์บังเคิล	3.20
คาร์บีน	2.80
คาร์บูเรเตอร์	3.40
คาร์ป	2.60
คาร์พิต	2.80
คาร์พินเตอร์	3.30
คาร์ฟ	2.60
คาร์เทล	2.80
คาร์เนชัน	3.00
คาร์เนต์	2.90
คาร์เนเลียน	3.20
คาร์เพนเตอร์	3.30
คาร์เพ็ต	2.90
คาร์เลทอไนต์	3.30
คาร์แคร์	2.90
คาร์โก	2.70
คาร์โนทอรัส	3.20
คาร์โนไทต์	3.10
คาร์โบนารา	3.10
คาร์โบรันดัม	3.30
คาร์โบไฮเดรต	3.30
คาร์ไบด์	2.90
คาร์ไบน์	2.90
คาร์ไมน์	2.90
คาลซิโดนี	3.00
คาลดรอน	2.80
คาลาไมน์	2.90
คาลิปโซ	2.80
คาลีไบต์	2.90
คาลแคนไทต์	3.10
คาลโคซิเดอไรต์	3.50
คาลโคฟาไนต์	3.20
คาลโคฟิลไลต์	3.30
คาลโคไซต์	3.00
คาลโคไพไรต์	3.20
คาล์ฟ	2.60
คาล์ม	2.60
คาสก์	2.60
คาสติง	2.70
คาสต์	2.60
คาสิโน	2.70
คาสเตอร์	2.90
คาห์ไนต์	2.90
คาเดอร์	2.80
คาเฟ	2.50
คาเฟอิก	2.80
คาเฟอีน	2.80
คาเฟ่	2.60
คาแทสโตรฟี	3.10
คาแรกเตอร์	3.10
คาโลเมล	2.80
คำตอบ	2.10
คำพิพากษา	4.00
คำฟ้อง	3.70
คำภีร์	0.50
คำสั่งศาล	4.00
คำแถลงการณ์	4.20
คำให้การ	3.90
คิก	1.00
คิกส์	3.10
คิดถึง	2.20
คิดเวลไลต์	3.10
คินเดิล	2.80
คิว	1.00
คิวบาไนต์	3.00
คิวอาร์โค้ด	3.70
คิวไพรต์	2.90
คิเมอรา	2.80
คิโนไอต์	2.90
คิ้วท์	1.50
คิ้วท์มาก	1.50
คีย์บอร์ด	3.00
คีย์เวิร์ด	3.10
คีวี	2.50
คีออสก์	2.80
คีเซลกูห์	3.00
คีเซไรต์	2.90
คีเลชัน	2.80
คีเลต	2.60
คีโม	1.00
คืนนี้	2.20
คุกกี้	3.20
คุตนอฮอไรต์	3.20
คุนไซต์	2.80
คุมประพฤติ	4.10
คุร์นาคอไวต์	3.30
คุลาไนต์	2.90
คุ้มครองพยาน	4.30
คุ้มค่า	2.30
คูคต	6.00
คูปอง	2.60
คูลดาวน์	2.90
คูเดเระ	2.80
คูเบอร์เนติส	3.80
คูเมนไจต์	3.00
คูเรียม	2.80
คูไกต์	2.70
คู่ชิป	2.70
ค็อกคัส	2.80
ค็อกเทล	3.30
ค่างวด	3.70
ค่าธรรมเนียม	4.30
ค่าา	0.50
ค้ำประกัน	4.00
งงมาก	2.10
งงใจ	2.00
งบกระแสเงินสด	4.40
งบกำไรขาดทุน	4.30
งบดุล	3.60
งานทอดกฐิน	3.60
งานบวช	3.20
งานละเอียด	1.50
งานศพ	3.10
งานสารทจีน	3.60
งานสารทไทย	3.60
งานแต่งงาน	3.60
งามวงศ์วาน	5.10
งื้อออ	0.50
งื้ออออ	0.50
ง่ะ	1.50
จ.	7.00
จ.ส.ต	5.10
จ.ส.ต.	5.20
จ.ส.ท	5.10
จ.ส.ท.	5.20
จ.ส.อ	5.10
จ.ส.อ.	5.20
จดทะเบียนสมรส	4.40
จดทะเบียนหย่า	4.40
จตุจักร	6.30
จนท	1.50
จนท.	4.00
จรัญสนิทวงศ์	5.30
จรัญฯ13	6.30
จองโต๊ะ	2.30
จอร์จ	2.60
จอร์ดาไนต์	3.10
จอห์น	2.60
จะละเม็ด	0.50
จัดเต็ม	2.30
จัมป์	2.60
จัมป์ซูต	2.90
จััมป์	2.70
จากร้าน	2.30
จาคอบไซต์	3.00
จาซินท์	2.80
จาระเม็ด	0.50
จาร์กอน	2.80
จาร์กูน	2.80
จาวา	1.00
จาวาสคริปต์	3.70
จาโรไซต์	2.90
จำนอง	3.60
จำนำ	1.00
จำเลย	3.60
จำเลยร่วม	4.00
จิงเกิลสติก	3.20
จิตบำบัด	3.90
จิตเวช	3.70
จิ๊บ	2.00
จีจี้	2.10
จีที	2.00
จีพียู	3.20
จียูพี	3.20
จึ้ง	1.00
จึ้งจิตจึ้งใจ	1.50
จึ้งตาแตก	1.50
จึ้งมาก	1.50
จุดธูป	3.20
จุมลา	2.60
จูมล่า	2.70
จ็อกกิง	2.80
จ้าาา	0.50
ฉลามงับคุณ	1.50
ฉัตรมงคล	3.40
ฉ่ำ	1.00
ฉ่ำวาว	1.50
ชดใช้ค่าเสียหาย	4.60
ชม.	4.00
ชมิตเทอไรต์	3.20
ชลประทาน	6.40
ชอน	1.00
ชอบมาก	2.20
ชอป	1.50
ชอปปิง	2.70
ชอมป์	2.60
ชอยซ์	2.60
ชอร์	2.50
ชอร์ต	2.60
ชอร์ตโน้ต	3.00
ชอร์ล	2.60
ชอร์ไทต์	2.90
ชอร์ไลต์	2.90
ชอล์ก	2.60
ชะลอวัย	2.30
ชะแล็ก	2.70
ชังกี	2.60
ชังก์	2.60
ชัต	1.50
ชัตดาวน์	2.90
ชัตนีย์	2.80
ชัตเตอร์	2.90
ชันเตอร์	2.90
ชับ	1.50
ชับบี	2.60
ชัฟ	1.50
ชัม	1.50
ชัมป์	2.60
ชัมมี	2.60
ชัวร์	2.60
ชั่วโมง	4.30
ชานต์	2.60
ชานมไข่มุก	3.60
ชาบู	1.00
ชาบูชิ	3.70
ชาร์	2.50
ชาร์จ	2.60
ชาร์จเจอร์	3.10
ชาร์ด	2.60
ชาร์ต	2.60
ชาร์ม	2.60
ชาร์มมิง	2.90
ชาร์ลี	2.70
ชาร์เตอร์	3.00
ชาร์โคล	2.80
ชาลส์	2.60
ชาเขียว	3.30
ชาโรไอต์	2.90
ชาไทย	3.10
ชิก	1.50
ชิกกิน	2.70
ชิกพี	2.60
ชิกเกน	2.70
ชิคาโน	2.70
ชิงก์	2.60
ชิงเกิล	2.80
ชิดลม	6.10
ชิตทาโคซอรัส	3.30
ชิน	1.00
ชินชิลลา	2.90
ชินุก	2.60
ชิป	1.00
ชิปมังก์	2.90
ชิปเซ็ต	3.30
ชิปเปอร์	2.90
ชิฟฟอน	2.70
ชิมนีย์	2.80
ชิมแปนซี	2.90
ชิมแพนซี	2.90
ชิล	1.00
ชิลลี	2.60
ชิลล์	2.60
ชิลี	1.00
ชิลเดรน	2.80
ชิลเดรไนต์	3.10
ชิลเลอร์	2.90
ชิลแล็กซ์	3.00
ชิวัลรี	2.80
ชิวาวา	2.70
ชิเคน	2.60
ชิเคอรี	2.80
ชีก	1.50
ชีค	1.50
ชีต	1.50
ชีตาห์	2.70
ชีป	1.50
ชีพจร	3.60
ชีพี	2.00
ชีฟ	1.50
ชีลด์	2.60
ชีวจิต	2.20
ชีวาส	2.10
ชีส	1.00
ชีสเค้ก	3.30
ชีสเบอร์เกอร์	3.40
ชีไลต์	2.70
ชี้สองสถาน	4.10
ชื่อดัง	2.30
ชุมนุมทางการเมือง	4.30
ชูครีม	3.20
ชูต	1.50
ชูส	1.50
ชูเพสตรี	2.90
ช็อก	1.00
ช็อกโกเลต	3.50
ช็อกโกแลต	3.50
ช็อกโกแลตร้อน	3.90
ช็อคโกแลต	3.50
ช็องเรอ	2.80
ช็อตฟิล	1.50
ช็อตฟีล	1.50
ช็อตฟีลลิ่ง	1.50
ช็อป	1.00
ช็อปปิง	2.80
ช็อปปิ้ง	2.90
ช็อปสติก	2.90
ช่วงนี้	2.30
ช่วงล่าง	2.40
ช่องนนทรี	6.50
ช้อป	2.50
ช้อปครบ	2.30
ช้อปปิ้ง	2.90
ซ.	5.00
ซม.	4.00
ซอฟต์พาวเวอร์	3.90
ซอฟต์แวร์	3.50
ซอฟท์	0.50
ซอยไซต์	2.80
ซอร์สโค้ด	3.50
ซอร์เบต์	3.40
ซอส	1.00
ซอสซูไรต์	3.00
ซะงั้น	2.20
ซัน	1.50
ซับคอมแพกต์	3.70
ซับสไกรบ์	3.00
ซับสไครบ์	3.00
ซับอังกฤษ	3.00
ซับเน็ต	3.30
ซับไทย	2.70
ซัปพอร์ต	2.90
ซัพพลายเออร์	3.30
ซัพพอร์ต	2.90
ซัมกยอบซัล	3.60
ซัมซุง	2.70
ซัมเมอร์	2.90
ซัลซ่า	3.20
ซัลฟา	2.60
ซัลเฟอร์	2.90
ซัลโฟเฮไลต์	3.20
ซัสเซไซต์	3.00
ซาชิมิ	3.20
ซาทินสปาร์	3.10
ซานตาคลอส	3.00
ซานิดีน	2.80
ซาฟารี	2.70
ซามาร์สไกต์	3.20
ซาร่า	2.60
ซาร์ด	2.60
ซาร์ดีน	2.80
ซาร์ทอไรต์	3.10
ซาร์โดนิกซ์	3.20
ซาวนด์แทร็ก	3.20
ซาวร์ครีม	3.00
ซาวอไรต์	2.90
ซาแมเรียม	3.00
ซาโพไนต์	2.90
ซาไลต์	2.70
ซิกซ์แพ็ก	3.00
ซิการ์	2.70
ซิกาเร็ตต์	3.10
ซิกาแร็ต	2.90
ซิกเนเจอร์	3.60
ซิกเนเชอร์	3.10
ซิกแซ็ก	2.80
ซิคาดา	2.70
ซิคาทริกซ์	3.10
ซิงก์	2.60
ซิงก์เบลนด์	3.20
ซิงค์	2.60
ซิงเกิล	2.80
ซิงเกิลมัม	3.10
ซิงเกิ้ล	2.90
ซิงเกิ้ลมัม	3.20
ซิงเคไนต์	3.00
ซิงไคต์	2.80
ซิงไซต์	2.80
ซิติเซน	2.80
ซิติเซนชิป	3.10
ซิตี	1.00
ซิตี้	3.10
ซิตเทิร์น	3.00
ซิทคอม	2.70
ซิทรอน	2.70
ซิทรัส	2.70
ซิทริก	2.70
ซิทริน	2.70
ซิทาเดล	2.80
ซินคิไซต์	3.00
ซินช์	2.60
ซินดี	2.60
ซินนาบาร์	3.00
ซินนามอน	2.90
ซินน์วอลไดต์	3.30
ซินฮาไลต์	3.00
ซินิมา	2.70
ซินเจไนต์	3.00
ซินเดอร์	2.90
ซิป	1.00
ซิป์เพไอต์	3.10
ซิฟิลิส	2.80
ซิมป์ซอไนต์	3.20
ซิมพลิไซต์	3.10
ซิลลิมาไนต์	3.20
ซิลวาไนต์	3.00
ซิลิกา	2.70
ซิลิคอน	2.80
ซิลเวอร์	2.90
ซิลไวต์	2.80
ซิวิก	2.60
ซิวิต	2.60
ซิวิล	2.60
ซิวิเลียน	3.00
ซิวิไลซ์	2.90
ซิวิไลเซชัน	3.20
ซิสเติร์น	3.00
ซิเคดา	2.70
ซิเคทริกซ์	3.10
ซิเดอไรต์	3.00
ซิเทรต	2.70
ซิเนมา	2.70
ซิเลีย	2.70
ซิแลนโทร	2.90
ซิโทรเนลลา	3.10
ซิโนฟาร์ม	4.00
ซิโนแวค	3.80
ซีซัน	2.60
ซีซั่น	2.70
ซีซั่นพาส	3.00
ซีซี	2.00
ซีซีทีวี	2.90
ซีดี	1.00
ซีดีรอม	3.30
ซีดีอาร์	2.90
ซีต	1.50
ซีทีสแกน	3.90
ซีน	1.00
ซีนอน	2.60
ซีบอร์เกียม	3.20
ซีพิโอไลต์	3.10
ซีพี	2.00
ซีพียู	3.20
ซีฟูด	2.60
ซีฟู้ด	2.70
ซีรอกซ์	2.80
ซีรีส์	2.70
ซีล	1.00
ซีลส์	2.60
ซีลอไนต์	2.90
ซีลิง	2.60
ซีลีเนียม	3.00
ซีวิค	3.10
ซีส	1.50
ซีอาร์วี	3.40
ซีอีโอ	2.70
ซีเกท	2.60
ซีเซียม	2.80
ซีเมนต์	2.80
ซีเรีย	6.20
ซีเรียม	2.80
ซีเรียล	3.30
ซีเรียลไลซ์	3.70
ซีเลีย	2.70
ซีเอชอาร์	3.50
ซีเอฟโอ	2.80
ซีเอ็กซ์สาม	3.70
ซีเอ็กซ์สามสิบ	4.00
ซีเอ็กซ์ห้า	3.70
ซีเอ็กซ์แปด	3.70
ซีเอ็มเอส	3.00
ซีโนเอสโตรเจน	3.40
ซีโนไทม์	2.90
ซีโอไลต์	2.90
ซีไรต์	2.70
ซีไลออน	3.30
ซีไอเอ	2.70
ซีไอโอ	2.70
ซึนเดเระ	2.90
ซึมเศร้า	3.90
ซุป	1.00
ซูจิไลต์	2.90
ซูชิ	1.00
ซูซอไรต์	2.90
ซูพรีม	2.70
ซูพรีโมเจมเบ	3.30
ซูเนอไรต์	3.00
ซูเปอร์	2.80
ซูเปอร์คอมพิวเตอร์	3.90
ซูเปอร์มาร์เกต	3.50
ซูเปอร์มาร์เก็ต	3.60
ซูเปอร์สตาร์	3.30
ซูเปอร์แมน	3.10
ซูเปอร์แรร์	3.20
ซูเมไบต์	2.90
ซูแซนไนต์	3.00
ซูแอไนต์	2.90
ซูโครส	2.70
ซูโดบรูไคต์	3.20
ซูโดมาลาไคต์	3.30
ซูโดโบลีไอต์	3.30
ซูโอลูไนต์	3.10
ซูไทต์	2.70
ซ็อกเกอร์	3.00
ซ็อกเก็ต	3.40
ฌาปนกิจ	3.30
ฎีกา	1.00
ด.ช.	5.00
ด.ญ.	5.00
ด.ต.	5.00
ดร	1.50
ดร.	4.00
ดรอป	2.50
ดรอว์	2.60
ดรัม	2.50
ดราฟต์	2.70
ดราม่า	2.70
ดราไวต์	2.80
ดริงก์	2.70
ดวงจัน	0.50
ดวงจันทร์	0.50
ดวงชะตา	3.30
ดอกจันทน์	0.50
ดอกจันทร์	0.50
ดอกเตอร์	2.90
ดอกเบี้ย	3.90
ดอกเบี้ยทบต้น	4.40
ดอนเมือง	6.40
ดอนเมืองโทลล์เวย์	5.80
ดอร์เม้าส์	3.10
ดอลฟิน	3.20
ดอลลาร์	2.80
ดอว์ซอไนต์	3.10
ดัชนีความยั่งยืน	4.20
ดัชนีคุณภาพอากาศ	4.20
ดัชเชส	2.70
ดันเจี้ยน	3.00
ดันแดไซต์	3.00
ดับลิน	6.20
ดับเบิล	2.80
ดับเบิลวอลูม	3.30
ดัมบ์เบล	2.90
ดัมป์	2.60
ดัมมี	2.60
ดาต้าเบส	3.40
ดาต้าไซเอนซ์	3.80
ดานซ์	2.60
ดานเซอร์	2.90
ดาบตำรวจ	5.40
ดารามิน	2.80
ดาร์ก	2.60
ดาร์มสตัดเทียม	3.50
ดาวน์	2.60
ดาวน์ทาวน์	3.10
ดาวน์โหลด	3.50
ดาโทไลต์	2.90
ดิ	1.50
ดิกไคต์	2.80
ดิจิตอล	3.30
ดิจิทัล	3.30
ดิลิเวอรี	3.00
ดิสนีย์	2.80
ดิสนี่	2.70
ดิสเครไซต์	3.10
ดิสโกเทก	2.90
ดิสโพรเซียม	3.20
ดิเบต	2.60
ดิไซน์	2.70
ดิไซเนอร์	3.00
ดีกว่า	2.20
ดีซี	2.50
ดีต์ไซต์	2.90
ดีท็อกซ์	2.90
ดีบัก	3.10
ดีบัฟ	2.60
ดีบั๊ก	3.20
ดีบุก	2.60
ดีปเลิร์นนิง	3.80
ดีป้า	2.60
ดีพอล	3.10
ดีพเลินนิ่ง	3.20
ดีพเลิร์นนิง	3.30
ดีมันทอยด์	3.10
ดีย์	1.50
ดีล	1.00
ดีวีดี	2.70
ดีเจ	1.00
ดีเซล	2.60
ดีเบต	2.60
ดีเปรสชัน	3.00
ดีเอสไอ	5.30
ดีแมก	0.50
ดีแมค	0.50
ดีแมคซ์	3.30
ดีแม็ก	0.50
ดีไซน์	2.70
ดึงสติ	1.50
ดือมาก	1.50
ดุบเนียม	2.90
ดุฟไทต์	2.80
ดูมอร์เทอไรต์	3.40
ดูเฟรไนต์	3.00
ด็อกคิวเมนต์	3.80
ด็อกเกอร์	3.50
ด็อกเตอร์	3.00
ต.	5.00
ต.ค.	7.00
ตกหลุมรัก	1.50
ตกแรงก์	2.80
ตกโอชิ	2.70
ตค	0.50
ตจว	1.50
ตร	1.50
ตร.ม.	4.10
ตร.ว.	4.10
ตรวจเลือด	4.00
ตราสารทุน	4.00
ตราสารหนี้	4.10
ตริโปลี	2.80
ตรุษจีน	3.30
ตลาดบางใหญ่	6.70
ตลาดพลู	6.30
ตลาดหลักทรัพย์	4.50
ตลาดหุ้น	3.90
ตอนที่	2.20
ตอนนี้	2.20
ตอร์ปิโด	2.90
ตะกรุด	3.20
ตะมุตะมิ	1.50
ตักบาตร	3.30
ตักบาตรเทโว	3.70
ตัน	1.00
ตัวการ	3.70
ตัวคลอดบุตร	1.50
ตัวตึง	1.50
ตัวท็อป	2.30
ตัวบิดา	1.50
ตัวมัม	1.50
ตัวละคร	2.80
ตัวสูติ	1.50
ตัวแม่	1.50
ตัวใหม่	2.30
ตารางวา	4.30
ตารางเมตร	4.50
ติดทน	2.10
ติดทนนาน	2.40
ติวานนท์	6.40
ติ๊กต็อก	3.90
ตีป้อม	2.70
ตึงมาก	1.50
ตุย	1.50
ตุยเย่	1.50
ตู้ชาร์จ	3.40
ต่อชะตา	3.30
ต่าง ๆ นานา	0.50
ต่างๆ นานา	0.50
ต้นหอม	2.20
ต้าวก้อน	1.50
ต้าวหมา	1.50
ต๊อกบกกี	3.40
ต๊าช	1.50
ต๊าชมาก	1.50
ถ.	5.00
ถถถ	0.50
ถถถถ	0.50
ถถถถถถ	0.50
ถนนกระออม	5.00
ถนนกรุงธนบุรี	5.40
ถนนกรุงเกษม	5.20
ถนนกรุงเทพนนท์	5.50
ถนนกษัตริย์	5.20
ถนนกะออม	4.90
ถนนกัลปพฤกษ์	5.30
ถนนกัลยาณไมตรี	5.50
ถนนกาญจนวนิช	5.30
ถนนกาญจนาภิเษก	5.50
ถนนกำแพงเพชร	5.30
ถนนกิ่งแก้ว	5.20
ถนนกีบหมู	5.00
ถนนข้ามแหล่งน้ำ	5.60
ถนนข้าวสาร	5.10
ถนนข้าวหลาม	5.20
ถนนคนเดิน	5.00
ถนนคนเดินพัทยา	5.50
ถนนคลองหลวง	5.20
ถนนคอนแวนต์	5.20
ถนนคอเสื้อ	5.10
ถนนคีรีรัฐ	5.10
ถนนคีรีรัฐยา	5.30
ถนนคู่ขนานลอยฟ้าบรมราชชนนี	6.00
ถนนงามวงศ์วาน	5.40
ถนนจตุรทิศ	5.10
ถนนจรดวิถีถ่อง	5.50
ถนนจรัญสนิทวงศ์	5.60
ถนนจรัสเมือง	5.30
ถนนจอมทอง	5.00
ถนนจอมสุรางค์ยาตร	5.80
ถนนจักรพงษ์	5.20
ถนนจักรวรรดิ	5.30
ถนนจักรวรรดิ์	5.40
ถนนจักรเพชร	5.20
ถนนจังหวัดในประเทศญี่ปุ่น	6.00
ถนนจันทน์	5.00
ถนนจารุเมือง	5.30
ถนนฉลองกรุง	5.20
ถนนฉางอาน	5.00
ถนนฉางอานตะวันตก	5.70
ถนนฉางอานตะวันออก	5.80
ถนนชยางกูร	5.10
ถนนชัยพฤกษ์	5.20
ถนนช้างม่อย	5.20
ถนนซังฮี้	5.00
ถนนซางฮี้	5.00
ถนนดำรงรักษ์	5.30
ถนนดินสอ	4.90
ถนนด้านตะวันตกของจัตุรัส	6.00
ถนนด้านตะวันออกของจัตุรัส	6.00
ถนนตก	4.60
ถนนตรง	4.70
ถนนตรีมิตร	5.10
ถนนตรีเพชร	5.10
ถนนตะนาว	4.90
ถนนตากสิน	5.00
ถนนติวานนท์	5.20
ถนนตีทอง	4.90
ถนนต้นยาง	5.00
ถนนถลาง	4.80
ถนนทรงวาด	5.00
ถนนทรงเสริม	5.20
ถนนทวีวัฒนา	5.20
ถนนทหาร	4.80
ถนนทองหล่อ	5.10
ถนนทางรถไฟสายเก่า	5.80
ถนนทางรถไฟสายเก่าปากน้ำ	6.00
ถนนทางรถไฟเก่า	5.50
ถนนที่เก็บค่าผ่านทาง	6.00
ถนนท่าดินแดง	5.30
ถนนท่าแพ	4.90
ถนนท้ายบ้าน	5.20
ถนนธนาลัย	5.00
ถนนธนิยะ	4.90
ถนนธานี	4.80
ถนนนกแก้ว	5.00
ถนนนครปฐม	5.00
ถนนนครราชสีมา	5.40
ถนนนครสวรรค์	5.30
ถนนนครอินทร์	5.30
ถนนนครเขื่อนขันธ์	5.80
ถนนนครไชยศรี	6.30
ถนนนราธิวาสราชนครินทร์	6.00
ถนนนวมินทร์	5.20
ถนนนักวิทยาศาสตร์มีแร	6.00
ถนนนักสู้สู่ทีมเบสบอล	6.00
ถนนนางลิ้นจี่	5.40
ถนนนิตโย	4.90
ถนนนิมมานเหมินทร์	5.80
ถนนนิมมานเหมินท์	5.70
ถนนนิมิตรใหม่	5.40
ถนนนิมิตใหม่	5.30
ถนนนิเวศรัตน์	5.40
ถนนนี้หัวใจข้าจอง	5.80
ถนนบรมราชชนนี	5.40
ถนนบรรทัดทอง	5.30
ถนนบรอดเวย์	5.20
ถนนบริพัตร	5.10
ถนนบวรนิเวศ	5.20
ถนนบวรนิเวศน์	5.40
ถนนบางขุนนนท์	5.40
ถนนบางขุนเทียน	5.50
ถนนบางแค	4.90
ถนนบางแวก	5.00
ถนนบำรุงเมือง	5.40
ถนนบุรีภิรมย์	5.40
ถนนบูรพา	4.90
ถนนบูร์บง	5.00
ถนนบ้านดินสอ	5.30
ถนนบ้านหม้อ	5.20
ถนนปฏิพัทธ์	5.20
ถนนประจวบคีรีขันธ์	5.90
ถนนประชาชื่น	5.30
ถนนประชาธิปก	5.30
ถนนประชาราษฎร์	5.50
ถนนประชาราษฏร์	5.50
ถนนประชาอุทิศ	5.40
ถนนประดิพัทธ์	5.40
ถนนประดิษฐ์มนูธรรม	5.90
ถนนประเสริฐมนูกิจ	5.80
ถนนปราจีนธานี	5.40
ถนนปรินซ์	5.00
ถนนปรีดีพนมยงค์	5.60
ถนนปั้น	4.80
ถนนปากเกร็ด	5.20
ถนนปานวิถี	5.10
ถนนปิ่นเกล้านครชัยศรี	6.00
ถนนปู่เจ้าสมิงพราย	5.90
ถนนป่าโทน	5.00
ถนนผดุงด้าว	5.20
ถนนผดุงสวัสดิ์	5.50
ถนนฝั่งตะวันตกของจัตุรัส	6.00
ถนนฝั่มหงูหลาว	5.50
ถนนพญาไท	5.90
ถนนพม่า	4.80
ถนนพระจันทร์	5.30
ถนนพระตรอซ็อกผแอม	5.80
ถนนพระนโรดม	5.20
ถนนพระพิทักษ์	5.40
ถนนพระพิพิธ	5.20
ถนนพระมุนีวงศ์	5.50
ถนนพระยาตรัง	5.30
ถนนพระยาสัจจา	5.40
ถนนพระรามที่สี่	5.60
ถนนพระรามที่๑	5.40
ถนนพระรามสี่	5.30
ถนนพระรามเก้า	5.40
ถนนพระร่วง	5.10
ถนนพระสีหนุ	5.20
ถนนพระสุเมรุ	5.30
ถนนพระอาทิตย์	5.40
ถนนพรานนก	5.00
ถนนพลดำริห์	5.20
ถนนพลับพลาไชย	5.40
ถนนพหลโยธิน	5.20
ถนนพอร์ทโทเบลโล	5.60
ถนนพอร์โทเบลโล	5.50
ถนนพัฒนพงศ์	5.20
ถนนพัฒนพงษ์	5.20
ถนนพัฒนาการ	5.20
ถนนพัฒน์พงศ์	5.30
ถนนพัฒน์พงษ์	5.30
ถนนพัทยาเหนือ	5.40
ถนนพาณิชย์พัฒนา	5.60
ถนนพาหุรัด	5.10
ถนนพิชัย	4.90
ถนนพิบูลสงคราม	5.50
ถนนพิพัฒน์มงคล	5.50
ถนนพิศาล	4.90
ถนนพิษณุโลก	5.20
ถนนพุทธบูชา	5.20
ถนนพุทธมณฑล	5.20
ถนนพุทธมณฑลสาย๑	5.60
ถนนพุทธมณฑลสาย๒	5.60
ถนนพุทธมณฑลสาย๓	5.60
ถนนพุทธมณฑลสาย๔	5.60
ถนนพุทธมณฑลสาย๕	5.60
ถนนพุทธมณฑลสาย๖	5.60
ถนนพุทธมณฑลสาย๗	5.60
ถนนพุทธมณฑลสาย๘	5.60
ถนนพุทธสาคร	5.20
ถนนพ่วงศิริ	5.20
ถนนฟากเลย	5.00
ถนนฟามงูเหลา	5.30
ถนนฟู่ซิง	5.00
ถนนฟู่ซิงเหมินนอก	5.80
ถนนฟู่ซิงเหมินใน	5.70
ถนนมลิวรรณ	5.10
ถนนมลิวัลย์	5.20
ถนนมหรรณพ	5.00
ถนนมหาจักร	5.10
ถนนมหาจักรพรรดิ	5.60
ถนนมหาพฤฒาราม	5.40
ถนนมหารัถยา	5.20
ถนนมหาราช	5.00
ถนนมหาเศรษฐ์	5.30
ถนนมหาไชย	5.00
ถนนมหิดล	4.90
ถนนมอสฟิลมอฟสกายา	5.80
ถนนมะขามหวาน	5.30
ถนนมะลิวัลย์	5.30
ถนนมังกร	4.90
ถนนมาลัยแมน	5.20
ถนนมิตรภาพ	5.10
ถนนมิตรไมตรี	5.30
ถนนมีนพัฒนา	5.20
ถนนมุขมนตรี	5.20
ถนนยุคล	4.80
ถนนยุงกัส	5.00
ถนนยุนกัส	5.00
ถนนรถไฟ	4.80
ถนนรองเมือง	5.20
ถนนระนอง	4.90
ถนนรักศักดิ์ชมูล	5.70
ถนนรัชดาภิเษก	5.40
ถนนรัชดาภิเษกตัดใหม่	6.00
ถนนรัตนราช	5.10
ถนนรัตนาธิเบศร์	5.60
ถนนรัษฎา	4.90
ถนนราชดำริ	5.10
ถนนราชดำเนิน	5.30
ถนนราชดำเนินกรุงเทพมหานคร	6.00
ถนนราชดำเนินกลาง	5.70
ถนนราชดำเนินนอก	5.60
ถนนราชดำเนินใน	5.50
ถนนราชปรารภ	5.20
ถนนราชพฤกษ์	5.20
ถนนราชวงศ์	5.10
ถนนราชวิถี	5.10
ถนนราชวิถีกรุงเทพมหานคร	6.00
ถนนราชสีมา	5.10
ถนนราชินี	5.00
ถนนราดยาง	5.00
ถนนรามคำแหง	5.20
ถนนรามบุตรี	5.20
ถนนรามอินทรา	5.30
ถนนราษฎรอุทิศ	5.40
ถนนราษฎร์บูรณะ	5.50
ถนนราษฎร์ยินดี	5.50
ถนนร่มเกล้า	5.20
ถนนร่วมจิต	5.10
ถนนร่วมพัฒนา	5.30
ถนนร่วมใจ	5.00
ถนนลาซาล	4.90
ถนนลาดกระบัง	5.30
ถนนลาดปลาเค้า	5.40
ถนนลาดพร้าว	5.20
ถนนลาดพร้าววังหิน	5.80
ถนนลาดยาง	5.00
ถนนลาดหญ้า	5.10
ถนนลำพูนไชย	5.20
ถนนลำลูกกา	5.10
ถนนลิขิต	4.90
ถนนลูกหลวง	5.10
ถนนวงศ์สว่าง	5.30
ถนนวงแหวน	5.00
ถนนวงแหวนมอสโก	5.50
ถนนวงแหวนรอบกรุงปักกิ่ง	6.00
ถนนวงแหวนรอบกลาง	5.70
ถนนวงแหวนรอบนอก	5.60
ถนนวงแหวนรอบนอกกรุงเทพ	6.00
ถนนวงแหวนรอบนอกกรุงเทพมหานคร	6.00
ถนนวงแหวนรอบนอกฝั่งตะวันออก	6.00
ถนนวงแหวนรอบเมืองนครราชสีมา	6.00
ถนนวงแหวนรอบเมืองร้อยเอ็ด	6.00
ถนนวงแหวนรอบใน	5.50
ถนนวงแหวนอุตสาหกรรม	6.00
ถนนวรจักร	5.00
ถนนวอลล์สตรีท	5.40
ถนนวังหลัง	5.10
ถนนวังเดิม	5.10
ถนนวัชรพล	5.00
ถนนวัดสุทธาวาส	5.50
ถนนวัดหนามแดง	5.40
ถนนวิชิตสงคราม	5.50
ถนนวิทยุ	4.90
ถนนวิภาวดี	5.10
ถนนวิภาวดีรังสิต	5.70
ถนนวิสุทธิกษัตริย์	5.90
ถนนวิสุทธิเทพ	5.40
ถนนวุฒากาศ	5.10
ถนนศรีธรรมาธิราช	5.70
ถนนศรีนครินทร์	5.50
ถนนศรีบูรพา	5.20
ถนนศรีรับสุข	5.30
ถนนศรีวิชัย	5.20
ถนนศรีสมาน	5.10
ถนนศรีอยุธยา	5.30
ถนนศาลาแดง	5.10
ถนนศิริพงษ์	5.20
ถนนศุขประยูร	5.30
ถนนศุภกิจ	5.00
ถนนสถลเชียงคาน	5.50
ถนนสถิตนิมานการ	5.60
ถนนสถิตนิมานกาล	5.60
ถนนสถิตย์นิมานการ	5.80
ถนนสถิตย์นิมานกาล	5.80
ถนนสนามชัย	5.10
ถนนสนามบินน้ำ	5.40
ถนนสนามไชย	5.10
ถนนสมเด็จพระเจ้าตากสิน	6.00
ถนนสมเด็จเจ้าพระยา	5.90
ถนนสมเด็จเดโชฮุนเซน	6.00
ถนนสยาม	4.80
ถนนสรงประภา	5.20
ถนนสรรพาวุธ	5.20
ถนนสวรรคโลก	5.20
ถนนสหกรณ์	5.00
ถนนสหพันธรัฐรัสเซีย	6.00
ถนนสะพานพุทธ	5.30
ถนนสาทร	4.80
ถนนสาทรเหนือ	5.30
ถนนสาทรใต้	5.10
ถนนสาธร	4.80
ถนนสาธุประดิษฐ์	5.60
ถนนสามสิบเมตร	5.40
ถนนสามัคคี	5.10
ถนนสามเสน	5.00
ถนนสายนี้หัวใจไม่เคยลืม	6.00
ถนนสายนี้เปรี้ยว	5.70
ถนนสายประธานใหญ่	5.70
ถนนสายลวด	5.00
ถนนสายหัวใจ	5.20
ถนนสายเลี่ยงเมืองภูเก็ต	6.00
ถนนสายใยรัก	5.20
ถนนสายไม้	5.00
ถนนสายไหม	5.00
ถนนสำเพ็ง	5.00
ถนนสำเร็จพัฒนา	5.50
ถนนสิงหวัฒน์	5.30
ถนนสิบสามห้าง	5.40
ถนนสิรินธร	5.10
ถนนสิริโสธร	5.20
ถนนสีจิ้นผิง	5.30
ถนนสีบุญเรือง	5.40
ถนนสีลม	4.80
ถนนสีหบุรานุกิจ	5.60
ถนนสีหบูรานุกิจ	5.60
ถนนสี่พระยา	5.20
ถนนสืบศิริ	5.10
ถนนสุขสวัสดิ์	5.40
ถนนสุขุมวิท	5.20
ถนนสุทธาวาส	5.20
ถนนสุทธิสาร	5.20
ถนนสุทธิสารวินิจฉัย	6.00
ถนนสุรนารายณ์	5.40
ถนนสุรนารี	5.10
ถนนสุรวงศ์	5.10
ถนนสุวรรณภูมิ	5.40
ถนนสุวรรณศร	5.20
ถนนสุวินทวงศ์	5.40
ถนนสุเหร่าคลองหนึ่ง	6.00
ถนนหทัยราษฎร์	5.40
ถนนหนังสือสายคาบูล	5.90
ถนนหนานจิง	5.10
ถนนหน้าพระธาตุ	5.50
ถนนหน้าพระลาน	5.40
ถนนหน้าวังตรา	5.40
ถนนหลวง	4.80
ถนนหลวงแพ่ง	5.20
ถนนหลังสวน	5.10
ถนนหลานหลวง	5.20
ถนนห้วยแก้ว	5.20
ถนนอนุวงศ์	5.10
ถนนอรุณอมรินทร์	5.60
ถนนอรุณอัมรินทร์	5.70
ถนนออชาร์ด	5.10
ถนนออร์ชาร์ด	5.30
ถนนอักษะ	4.90
ถนนอังรีดูนังต์	5.60
ถนนอัจฉริยะประสิทธิ์	6.00
ถนนอัจฉริยะพัฒนา	5.70
ถนนอัษฎางค์	5.20
ถนนอาลิส์คองส์	5.50
ถนนอินทรพิทักษ์	5.60
ถนนอิสรภาพ	5.10
ถนนอุณากรรณ	5.20
ถนนอุณากรรณ์	5.30
ถนนอุดมสรยุทธ์	5.50
ถนนอุดมสุข	5.10
ถนนอุทยาน	5.00
ถนนอู่ทอง	5.00
ถนนอู่ทองนอก	5.30
ถนนอู่ทองใน	5.20
ถนนอโยธยา	5.00
ถนนอโศก	4.80
ถนนอโศกมนตรี	5.30
ถนนอ่อนนุช	5.10
ถนนเคหะบางพลี	5.40
ถนนเจริญกรุง	5.30
ถนนเจริญนคร	5.20
ถนนเจริญรัฐ	5.20
ถนนเจริญรัถ	5.20
ถนนเจริญราษฎร์	5.50
ถนนเจริญเมือง	5.40
ถนนเจี้ยนกั๋วเหมินนอก	6.00
ถนนเจี้ยนกั๋วเหมินใน	6.00
ถนนเจ้าคำรบ	5.20
ถนนเจ้าคำรพ	5.20
ถนนเจ้าคุณทหาร	5.50
ถนนเจ้าฟ้าตะวันออก	5.90
ถนนเฉลิมบูรพาชลทิต	5.90
ถนนเชียงราก	5.20
ถนนเชียงใหม่	5.30
ถนนเชื่อมสัมพันธ์	5.80
ถนนเดชาวุธ	5.10
ถนนเดโช	4.80
ถนนเทพกระษัตรี	5.50
ถนนเทพคุณากร	5.30
ถนนเทพรักษ์	5.20
ถนนเทพรัตน	5.10
ถนนเทพราช	5.00
ถนนเทพารักษ์	5.30
ถนนเทอดไท	5.00
ถนนเปตาลิง	5.10
ถนนเปรียะฮ์ตรอซ็อกผแอม	6.00
ถนนเปอตาลิง	5.20
ถนนเพชรบุรี	6.20
ถนนเพชรบุรีตัดใหม่	5.90
ถนนเพชรเกษม	5.20
ถนนเพนซิลเวเนีย	5.60
ถนนเพลินจิต	5.20
ถนนเฟื่องนคร	5.30
ถนนเยาวราช	5.10
ถนนเรวดี	4.90
ถนนเรารักในหลวง	5.60
ถนนเลียบคลองทวีวัฒนา	6.00
ถนนเลียบคลองประปา	5.80
ถนนเลียบชายฝั่งทะเล	6.00
ถนนเลียบเนิน	5.30
ถนนเลี่ยงเมือง	5.50
ถนนเลี่ยงเมืองชะอำ	5.90
ถนนเลี่ยงเมืองนครราชสีมา	6.00
ถนนเลี่ยงเมืองนนทบุรี	6.00
ถนนเลี่ยงเมืองบางบ่อ	6.00
ถนนเลี่ยงเมืองปากเกร็ด	6.00
ถนนเลี่ยงเมืองพังงา	6.00
ถนนเลี่ยงเมืองมหาสารคาม	6.00
ถนนเลี่ยงเมืองสันป่าตองหางดง	6.00
ถนนเศรษฐกิจ	5.20
ถนนเสรีไทย	5.10
ถนนเสือป่า	5.10
ถนนเหมาเจ๋อตง	5.40
ถนนเหมืองหิต	5.30
ถนนเอกชัย	5.00
ถนนเอกมัย	5.00
ถนนเอปีฟานีโอเดลอสซันโตส	6.00
ถนนเอื้ออารีย์	5.50
ถนนเอเชีย	5.00
ถนนแก้วเงินทอง	5.50
ถนนแจ้งวัฒนะ	5.30
ถนนแจ้งวัฒนะปากเกร็ด	6.00
ถนนแจ้งสนิท	5.20
ถนนแปลงนาม	5.10
ถนนแพรกษา	5.00
ถนนแพร่งนรา	5.20
ถนนแพร่งภูธร	5.30
ถนนแพร่งสรรพศาสตร์	5.90
ถนนแม่หลวน	5.10
ถนนแสงชูโต	5.10
ถนนโชตนา	4.90
ถนนโดเวอร์	5.10
ถนนโพธิ์กลาง	5.30
ถนนโรจนะ	4.90
ถนนในประเทศพม่า	5.60
ถนนในประเทศเกาหลีเหนือ	6.00
ถนนในประเทศไทย	5.50
ถอนคำร้องทุกข์	4.50
ถามจริง	2.30
ถุงลมโป่งพอง	4.30
ถูกหวย	2.20
ถ้วยตวง	2.30
ทงคัตสึ	3.30
ทดลองขับ	2.40
ทนายความ	3.90
ทนุถนอม	0.50
ทพ.	5.00
ทพญ.	5.00
ทยอย	1.00
ทรงอย่างแบด	1.50
ทรอปิกออฟแคปริคอร์น	4.00
ทรอมโบน	2.80
ทรัมเป็ต	2.90
ทรานซิสเตอร์	3.30
ทราฟฟิก	3.30
ทริดิไมต์	3.00
ทริป	1.00
ทรีตเมนต์	3.00
ทรู	1.00
ทรูคอฟฟี่	3.50
ทวิตภพ	2.70
ทวิตเตอร์	4.00
ทวิสต์	2.70
ทวีดเลดดัม	3.10
ทวีต	1.00
ทสึนเดเระ	3.00
ทองคำ	2.60
ทองราชา	2.30
ทองหล่อ	6.30
ทองแดง	2.70
ทอดกฐิน	3.30
ทอดผ้าป่า	3.50
ทอนซิล	2.70
ทอปปิก	2.70
ทอฟฟี่	2.70
ทอฟฟี่เค้ก	3.60
ทอม	1.00
ทอมซอไนต์	3.00
ทอร์นาโด	2.90
ทอร์เบอร์ไนต์	3.40
ทอล์กโชว์	3.00
ทอเรียม	2.80
ทอเรียไนต์	3.10
ทอโรกุม์ไมต์	3.30
ทอไรต์	2.70
ทะนุถนอม	0.50
ทะยอย	0.50
ทะเบียนมงคล	3.70
ทักซีโด	2.80
ทังสเตน	2.80
ทัชใจ	1.50
ทันตแพทย์	4.00
ทับทิม	2.70
ทัลก์	2.60
ทัวริสต์	2.90
ทัวร์	2.60
ทัวร์นาเมนต์	3.30
ทัวร์มาลีน	3.10
ทางด่วนฉลองรัช	5.50
ทางด่วนบูรพาวิถี	5.70
ทางด่วนศรีรัช	5.40
ทางด่วนอุดรรัถยา	5.70
ทางด่วนเฉลิมมหานคร	5.90
ทางพิเศษ	4.90
ทางพิเศษกาญจนาภิเษก	6.00
ทางพิเศษฉลองรัช	5.60
ทางพิเศษชูโอ	5.30
ทางพิเศษทะเตะยะมะ	5.80
ทางพิเศษบูรพาวิถี	5.80
ทางพิเศษประจิมรัถยา	6.00
ทางพิเศษศรีรัช	5.50
ทางพิเศษอะโอะโมะริ	5.90
ทางพิเศษอุดรรัถยา	5.80
ทางพิเศษอุตราภิมุข	5.90
ทางพิเศษเฉลิมมหานคร	6.00
ทางพิเศษในประเทศมาเลเซีย	6.00
ทางพิเศษในประเทศสิงคโปร์	6.00
ทางพิเศษในประเทศไทย	6.00
ทาทา	2.00
ทาฟ์ไฟต์	2.90
ทายาทโดยธรรม	4.30
ทารกแรกเกิด	4.20
ทาร์ต	3.10
ทาร์บุตไทต์	3.20
ทาวน์เฮาส์	3.10
ทาสก์	3.10
ทาโกะยากิ	3.50
ทาโก้	3.10
ทำบุญครบรอบ	3.70
ทำบุญบ้าน	3.50
ทิงเจอร์	2.90
ทิชชู	2.60
ทิน	1.00
ทินคัล	2.70
ทินคัลโคไนต์	3.30
ทินักไซต์	3.00
ทิพวัล	6.20
ทิแรนโนซอรัสเร็กซ์	3.90
ทีซีดีซี	2.90
ทีม	1.00
ทีมเวิร์ก	3.00
ทียูยามูไนต์	3.30
ทีลไลต์	2.80
ทีวี	1.00
ทีออเรทิคัล	3.20
ทีเอ็นที	2.90
ที่นี่	2.20
ที่มา	2.10
ที่รัก	2.20
ที่อยู่	2.30
ทุกคน	2.10
ทุกรุ่น	2.30
ทุกวัน	2.20
ทูนา	3.00
ทูริงไกต์	3.00
ทูเนลไลต์	3.00
ทูเลียม	2.80
ทูแฟกเตอร์	3.60
ทูไลต์	2.70
ทไวไลท์	2.80
ท็อกซิก	2.80
ท็อปปิก	2.80
ท็อฟฟี่	2.80
ท่าพระ	6.20
ท้าวเวสสุวรรณ	3.90
ธ.ค.	7.00
ธค	0.50
ธปท.	4.00
น.	7.00
น.ส.	5.00
นพ.	5.00
นร.	4.00
นรสิงค์	0.50
นรสิงห์	5.80
นวมินทร์	5.90
นศ.	4.00
นอจยาไกต์	3.00
นอต	1.00
นอนโทรไนต์	3.10
นอยด์	2.60
นอร์ทอีสต์	3.10
นอร์ทูไพต์	3.10
นอร์เบอร์ไกต์	3.40
นอร์เวย์	6.40
นอไฟต์	2.70
นะคะ	2.00
นะจ๊ะ	2.10
นะหน้าทอง	3.50
นักพากย์	2.90
นักเก็ต	3.30
นัมเบอร์วัน	1.50
นั่งสบาย	2.40
นางกวัก	3.30
นางสาว	5.20
นาซา	1.00
นาซ่า	2.60
นาที	1.00
นานา	1.00
นายกรัฐมนตรี	3.80
นายกฯ	2.10
นาร์ซาร์ซุไคต์	3.50
นาวารา	2.20
นาวาร่า	3.30
นาห์โคไลต์	3.10
นาโชส์	3.20
นาโทรคาลไซต์	3.30
นาโทรจาโรไซต์	3.40
นิกรอยด์	2.90
นิกเกิล	2.80
นิกเกไลน์	3.00
นิกโคไลต์	3.00
นิติกรรม	3.90
นิติกรรมอำพราง	4.50
นิติบุคคล	4.00
นินเทนโด	2.90
นิรโทษกรรม	3.60
นิวตรอน	2.80
นิวนอร์มัล	3.10
นิวยอร์ก	6.40
นิวรัลเน็ตเวิร์ก	4.20
นิวส์	2.60
นิวเคลียร์	3.10
นิวเคลียส	3.00
นิโคติน	2.80
นิโครม	2.70
นีออน	2.60
นีเวีย	2.20
นีโอดิเมียม	3.20
นึกถึง	2.20
นุบนิบ	1.50
นุ่มฟู	1.50
นโยบายสาธารณะ	3.90
น็อกเอาต์	3.00
น่ากิน	2.20
น่าสน	2.10
น่าสนใจ	2.30
น้อน	1.50
น้ำมะนาว	2.40
น้ำมันก๊าด	0.50
น้ำมันก๊าส	0.50
บ.	5.00
บช.ก.	5.10
บช.น.	5.10
บนบาน	3.10
บรมราชชนนี	5.10
บรรพชา	0.50
บรอกโคลี	2.90
บรองโค	2.70
บรอด	2.50
บรอดแบนด์	3.00
บรอน	2.50
บรอนซ์	2.70
บรอนเซอร์	3.00
บรอนไซต์	2.90
บรอยล์	2.70
บรอล	2.50
บรอว์น	2.70
บรอว์ล	2.70
บรัช	2.50
บรันช์	2.70
บรัฟ	2.50
บรัมบี	2.70
บรั่นดี	3.30
บรา	1.00
บราซิเลียไนต์	3.40
บรานช์	2.70
บราย	2.50
บราว	2.50
บราวนี	2.70
บราวนี่	3.30
บราวน์	2.70
บราวอยต์	2.90
บราวเซอร์	3.50
บราส	2.50
บราโว	2.60
บริก	2.50
บริกันด์	2.90
บริกันทีน	3.00
บริง	2.50
บริงก์	2.70
บริดจ์	2.70
บริล	2.50
บริลเลียนซ์	3.20
บริลเลียนต์	3.20
บริสกิต	2.80
บริสก์	2.70
บริเกด	2.70
บรี	1.50
บรีช	2.50
บรีซ	2.50
บรีด	2.50
บรีฟ	2.50
บรีฟเคส	2.80
บรีออช	2.70
บรีโอ	2.60
บรุก	2.50
บรุม	2.50
บรูช	2.50
บรูด	2.50
บรูต	2.50
บรูม	2.50
บรูว์	2.60
บรูส	2.50
บรูสเก็ตตา	3.10
บรูเซอร์	2.90
บรูเนต	2.70
บรูเน็ต	2.80
บรูเวอรี	2.90
บรูเวอร์	2.90
บรูเออรี	2.90
บรูเออร์	2.90
บรูโน	2.60
บรูไคต์	2.80
บรูไซต์	2.80
บร็อคโคลี่	3.10
บร้า	0.50
บลอนด์	2.70
บลอบ	2.50
บลัช	2.50
บลัด	2.50
บลัดดี	2.70
บลัดสโตน	2.90
บลันต์	2.70
บลัฟ	1.00
บลานช์	2.70
บลาร์นีย์	3.00
บลาสต์	2.70
บลิงก์	2.70
บลิงริง	2.80
บลิซเซิร์ด	3.10
บลิตซ์	2.70
บลิป	2.50
บลิส	2.50
บลิสเตอร์	3.00
บลีก	2.50
บลีช	2.50
บลีด	2.50
บลีต	2.50
บลีนี	2.60
บลีป	2.50
บลู	1.00
บลูทูท	3.20
บลูทูธ	3.20
บลูพรินต์	3.00
บลูม	2.50
บลูมเบิร์ก	3.10
บลูเบร์รี	3.00
บลูเบอร์รี	3.60
บลูเรย์	2.80
บล็อก	2.60
บล็อกบัสเตอร์	3.40
บล็อกเกอร์	3.10
บล็อกเชน	3.90
บล็อกโคลี่	3.10
บล็อค	2.60
บล็อต	2.60
บล็อบ	2.60
บล๊อก	0.50
บวช	1.00
บวชนาค	3.20
บวชพระ	3.20
บอกซิง	2.70
บอกซ์	2.60
บอง	1.00
บองก์	2.60
บองก์บัสเตอร์	3.40
บองโก	2.60
บอดี	2.50
บอดีการ์ด	3.00
บอดี้	2.60
บอดี้การ์ด	3.10
บอตเทิล	2.80
บอนด์	2.60
บอนนิต	2.70
บอนบอน	2.70
บอนไฟเออร์	3.10
บอมบาร์ด	2.90
บอมบาเดียร์	3.20
บอมบ์	2.60
บอมแบสติก	3.00
บอย	1.00
บอยคอต	2.70
บอยค็อต	2.80
บอยล์	2.60
บอยส์เลิฟ	3.00
บอยเฟรนด์	3.00
บอยเลอร์	2.90
บอยแบนด์	2.90
บอราไซต์	2.90
บอร์	2.50
บอร์ด	2.60
บอร์ดเกม	2.90
บอร์น	2.60
บอร์โนไนต์	3.10
บอร์โรว์	2.90
บอร์ไนต์	2.90
บอล	1.00
บอลซัม	2.70
บอลซา	2.60
บอลซี	2.60
บอลด์	2.60
บอลด์วิน	2.90
บอลรูม	2.70
บอส	1.00
บอสซาโนวา	3.00
บอแรกซ์	2.80
บอแร็กซ์	2.90
บะซูกา	2.70
บะนอฟฟี	2.80
บะบูน	2.60
บะราจ	2.60
บะโลนี	2.70
บัก	1.00
บักกิต	2.70
บักกี	2.60
บักช็อต	2.80
บักวีต	2.70
บักเกอร์	2.90
บักเกิล	2.80
บักเบร์	2.80
บักแบร์	2.80
บังกะโล	2.80
บังก์	2.60
บังคับคดี	4.00
บังสุกุลตาย	3.70
บังสุกุลเป็น	3.80
บังเกอร์	2.90
บังเกิล	2.80
บัซ	1.50
บัซเซอร์	2.90
บัซเซิร์ด	3.00
บัซเวิร์ด	3.00
บัด	1.00
บัดจิต	2.70
บัดจี	2.60
บัดดี	2.60
บัต	1.50
บัตรกดเงินสด	4.30
บัตรราคา	2.40
บัตรเครดิต	4.10
บัตรเดบิต	4.00
บัตเตอร์	3.40
บัตเลอร์	2.90
บัตแทเลียน	3.10
บัน	1.00
บันจี	2.60
บันจีจัมป์	3.10
บันช์	2.60
บันดาลโทสะ	4.10
บันต์	2.60
บันนี	2.60
บันเดิล	2.80
บับเบิล	2.80
บัฟ	1.50
บัฟพลัง	2.80
บัฟฟาโล	2.80
บัฟเฟอร์	3.40
บัม	1.50
บัมปี	2.60
บัมป์	2.60
บัมฟ์	2.60
บัมเบิล	2.80
บัมเบิลบี	3.00
บัลกี	2.60
บัลก์	2.60
บัลจ์	2.60
บัลบัส	2.70
บัลบ์	2.60
บัลลิสติก	3.00
บัลลูน	2.70
บัลเลต์	2.80
บัลเวิร์ก	3.00
บัส	1.00
บัสซูน	2.70
บัสตี	2.60
บัสต์	2.60
บัสบอย	2.70
บัสบี	2.60
บัสเตอร์	2.90
บัสเติร์ด	3.00
บัสไทต์	2.80
บั๊ก	1.00
บางกระสอ	6.40
บางขุนนนท์	6.60
บางจาก	6.20
บางซื่อ	6.30
บางซ่อน	6.30
บางนา-ตราด	5.10
บางบอน	6.20
บางบัว	6.20
บางพลัด	6.30
บางพลู	6.20
บางยี่ขัน	6.50
บางรักน้อยท่าอิฐ	7.20
บางรักใหญ่	6.60
บางหว้า	6.30
บางอ้อ	6.20
บางแค	6.10
บางโพ	6.10
บางไผ่	6.20
บาซิลลัส	2.90
บาซิโลซอรัส	3.20
บาดทะยัก	3.90
บาท	1.00
บาบีกอน	2.30
บาบีก้อน	2.40
บาย	1.00
บายพาส	2.70
บายศรีสู่ขวัญ	3.90
บารอมิเตอร์	3.20
บาริสตา	2.80
บารีสตา	2.80
บาร์	1.00
บาร์ก	2.60
บาร์กิน	2.80
บาร์คีวิไคต์	3.30
บาร์จ	2.60
บาร์จี	2.70
บาร์ด	2.60
บาร์น	2.60
บาร์นยาร์ด	3.10
บาร์บ	2.60
บาร์บิคิว	3.00
บาร์บีคิว	3.50
บาร์ฟ	2.60
บาร์มบี	2.80
บาร์เตอร์	3.00
บาร์เทนเดอร์	3.30
บาร์เบล	2.80
บาร์เบอร์	3.00
บาร์เบอร์ช็อป	3.40
บาร์เบเรียน	3.20
บาร์เรล	2.80
บาร์เลย์	2.90
บาร์แบเรียน	3.20
บาร์โคด	3.30
บาร์โค้ด	2.90
บาลซัม	2.70
บาลซา	2.60
บาลซี	2.60
บาลด์	2.60
บาลด์วิน	2.90
บาล์ม	2.60
บาว	1.50
บาสกิต	2.70
บาสก์	2.60
บาสต์เนไซต์	3.20
บาสเกตบอล	3.00
บาสเติร์ด	3.00
บาาท	0.50
บิก	1.50
บิกซ์ไบต์	3.00
บิกิทาไอต์	3.10
บิกิน	2.60
บิกินเนอร์	3.10
บิคอส	2.60
บิคัม	2.60
บิคีนี	2.70
บิง	1.50
บิงซู	3.10
บิงโก	2.60
บิซาร์	2.70
บิซี	2.50
บิต	1.00
บิตคอย	2.70
บิตคอยน์	3.90
บิตแม็ป	2.80
บิทคอยน์	2.90
บิทวีน	2.70
บิน	1.00
บินจ์	2.60
บินด์ไฮไมต์	3.20
บินต์	2.60
บิบิมบับ	3.40
บิฟอร์	2.70
บิมโบ	2.60
บิล	1.00
บิลด์	2.60
บิลด์อัป	2.90
บิลต์	2.60
บิลต์อิน	2.90
บิลบอร์ด	2.90
บิลล์	2.60
บิลอง	2.60
บิลีฟ	2.60
บิลเดอร์	2.90
บิลเลียด	2.90
บิลเลียน	2.90
บิวคอลิก	2.90
บิวตี	2.60
บิวตีบล็อกเกอร์	3.60
บิวตี้บล็อกเกอร์	3.70
บิวท์อิน	2.90
บิวเกิล	2.80
บิวเรตต์	2.90
บิสกิต	3.20
บิสก์	2.60
บิสนิส	2.70
บิสมัท	2.70
บิสมูทิไนต์	3.20
บิสมูไทต์	3.00
บิสเนส	2.70
บิสโตร	2.70
บิสไตรด์	2.90
บิฮาล์ฟ	2.80
บิฮีมอท	2.80
บิเทก	2.60
บิเทรย์	2.80
บิเมนไทต์	3.00
บิเฮด	2.60
บิเฮฟ	2.60
บิแดซเซิล	3.00
บิแวร์	2.70
บิแฮล์ฟ	2.80
บิโลว์	2.70
บิโอเร	2.20
บิโฮลด์	2.80
บิไซด์	2.70
บิไนน์	2.70
บิไฮนด์	2.80
บิ๊กดาต้า	3.50
บิ๊กแมตช์	3.00
บีก	1.50
บีกเกอร์	2.90
บีคอน	2.60
บีช	1.00
บีซีจี	3.20
บีซีพีจี	2.90
บีด	1.50
บีต	1.50
บีตรูต	2.70
บีตา	1.00
บีทาไฟต์	2.90
บีทีเอส	2.80
บีน	1.50
บีบอป	2.60
บีบีซี	2.70
บีบีซีเวิลด์	3.30
บีบ็อป	2.70
บีป	1.50
บีฟ	1.50
บีม	1.50
บียอนด์	2.80
บีสก์	2.60
บีสต์	2.60
บีสโตร	2.70
บีอาร์วี	3.40
บีเกิล	2.70
บีเทิล	2.70
บีเวอร์	2.80
บีไฮฟ์	2.70
บุก	1.00
บุกกิง	2.70
บุคคลธรรมดา	4.20
บุคคลากร	0.50
บุคลากร	0.50
บุช	1.50
บุญบั้งไฟ	3.50
บุตต์เจนแบไคต์	3.50
บุตเชอร์	2.90
บุพการี	3.80
บุฟเฟต์	2.80
บุฟเฟ่	0.50
บุฟเฟ่ต์	2.90
บุล	1.50
บุลดอก	2.70
บุลด็อก	2.80
บุลรัช	2.70
บุลลิช	2.70
บุลลิต	2.70
บุลลี	2.60
บุลิเมีย	2.90
บุลเลียน	2.90
บุลเวิร์ก	3.00
บุลโดซเซอร์	3.20
บุ๊ก	2.50
บุ๊กมาร์ก	3.00
บุ๊กส์	2.70
บูกี	2.50
บูกีแมน	2.80
บูต	1.00
บูตส์	2.60
บูตเลก	2.70
บูท	1.00
บูทีก	2.60
บูน	1.50
บูมเมอร์	2.90
บูลีเมีย	2.90
บูสต์	2.60
บูสเตอร์	2.90
บูเค	2.50
บูเคต์	2.70
บูเมอแรง	2.90
บูแลนเจอไรต์	3.30
บ็อกซิง	2.80
บ็อกซ์	2.70
บ็อกไซต์	2.90
บ็อตทอม	2.80
บ็อนบ็อน	2.90
บ้ง	1.50
บ้านทับช้าง	6.70
บ้านเรา	2.30
บ๊อกเซอร์	3.00
ป.ป.ช.	5.20
ป.ป.ท.	5.20
ป.ป.ส.	5.20
ปกติราคา	2.40
ปชช	1.50
ปตท	1.50
ปธ.	5.00
ปรปักษ์	3.80
ปรอท	1.00
ประกันชีวิต	4.20
ประกันตัว	4.00
ประกันวินาศภัย	4.50
ประกันสุขภาพ	4.30
ประกาศกระทรวง	4.40
ประจำปี	2.30
ประชาชื่น	5.00
ประชาธิปไตย	3.70
ประชาธิปไตยทางตรง	4.30
ประดิษฐ์มนูธรรม	5.60
ประธานสภา	3.50
ประนอมหนี้	4.10
ประมวลกฎหมายที่ดิน	4.90
ประมวลกฎหมายวิธีพิจารณาความอาญา	5.00
ประมวลกฎหมายวิธีพิจารณาความแพ่ง	5.00
ประมวลกฎหมายอาญา	4.70
ประมวลกฎหมายแพ่งและพาณิชย์	5.00
ประมวลรัษฎากร	4.40
ประมาท	3.70
ประเพณีบุญบั้งไฟ	4.20
ประเพณีลอยโคม	3.90
ประเพณีแห่เทียนพรรษา	4.50
ประเสริฐมนูกิจ	5.50
ปรับโครงสร้างหนี้	4.80
ปรากฎ	0.50
ปรากฏ	0.50
ปราถนา	0.50
ปรารถนา	0.50
ปริซึม	2.70
ปรินเตอร์	3.00
ปล	1.50
ปลดเปลื้องหนี้	4.50
ปลัดขิก	3.30
ปลั๊ก	2.60
ปลั๊กอินไฮบริด	4.00
ปลาสเตอร์	3.00
ปล่อยก๊าซเรือนกระจก	4.50
ปล่อยชั่วคราว	4.40
ปล่อยตัวชั่วคราว	4.70
ปอนด์	2.60
ปักหมุด	1.50
ปังปุริเย่	1.50
ปังมาก	1.50
ปัสสาวะ	3.80
ปั๊วะ	1.50
ปั๊วะมาก	1.50
ปากน้ำ	6.20
ปากเกร็ด	6.40
ปาดเหงื่อ	1.50
ปารีส	2.60
ปาร์ตี้ลิสต์	3.30
ปาล์ม	2.60
ปาเจโร	2.20
ปิกนิก	2.70
ปิงปอง	2.70
ปิโตรเลียม	3.10
ปิ้งย่าง	2.40
ปีชง	3.00
ปีใหม่	2.20
ป่ะ	1.50
ป่าชายเลน	3.50
ป่าชุมชน	3.40
ป้องกันโดยชอบด้วยกฎหมาย	5.00
ป้ะ	1.50
ป้ายยา	1.50
ป๊อป	1.00
ป๊อปคอร์น	3.00
ป๋องดำ	2.20
ผก.	5.00
ผกก.	5.00
ผงกระหรี่	0.50
ผงกะหรี่	0.50
ผงสุพรรณ	3.40
ผจก	1.50
ผญ	1.50
ผบ.	5.00
ผบ.ตร	5.10
ผบ.ตร.	5.20
ผบ.ทบ	5.10
ผบ.ทบ.	5.20
ผบ.ทร	5.10
ผบ.ทร.	5.20
ผบ.ทอ	5.10
ผบ.ทอ.	5.20
ผบ.สส	5.10
ผบ.สส.	5.20
ผบก.	5.00
ผมนี่ลุกขึ้นยืนเลย	1.50
ผลตอบแทน	3.90
ผวจ.	5.00
ผศ.	4.00
ผอ	1.50
ผอ.	4.00
ผะหมี	3.10
ผัดไท	0.50
ผัดไทย	0.50
ผับเบอร์	2.40
ผีตาโขน	3.30
ผูกข้อมือ	3.50
ผูกดวง	3.20
ผูกพัทธสีมา	3.70
ผูกพัน	0.50
ผูกพันธ์	0.50
ผู้จัดการมรดก	4.40
ผู้ต้องหา	5.00
ผู้ประกันตน	4.20
ผู้พิทักษ์	4.10
ผู้สนับสนุน	4.20
ผู้สมัครรับเลือกตั้ง	4.50
ผู้สืบสันดาน	4.30
ผู้อนุบาล	4.00
ผู้เสียหาย	5.10
ผู้แทนโดยชอบธรรม	4.70
ผู้ใช้อำนาจปกครอง	4.80
ผู้ใช้ให้กระทำความผิด	5.00
ผ่อนชำระ	3.90
ผ่อนสบาย	2.40
ผ้ายันต์	3.40
ฝังลูกนิมิต	3.70
ฝากขัง	3.70
ฝุ่นพีเอ็มสองจุดห้า	4.50
ฝุ่นละอองขนาดเล็ก	4.30
ฝ่ายค้าน	3.40
ฝ่ายรัฐบาล	3.60
พ.ค.	7.00
พ.ต.	5.00
พ.ต.ต	5.10
พ.ต.ต.	5.20
พ.ต.ท	5.10
พ.ต.ท.	5.20
พ.ต.อ	5.10
พ.ต.อ.	5.20
พ.ท.	5.00
พ.ย.	7.00
พ.ร.ก.	4.20
พ.ร.ฎ.	4.20
พ.ร.บ.	4.20
พ.ศ.	7.00
พ.อ.	5.00
พญ	1.50
พญ.	5.00
พญาครุฑ	3.30
พญานาค	3.20
พญาไท	6.10
พน	1.50
พนง	1.50
พนักงานอัยการ	4.40
พบกัน	2.10
พย	0.50
พยาน	1.00
พยานบุคคล	4.00
พยานหลักฐาน	4.20
พยานเอกสาร	4.10
พยายามกระทำความผิด	4.90
พรบ	1.50
พรรคกรรมกร	4.60
พรรคกรรมกรมาเลเซีย	5.40
พรรคกรรมกรเยอรมัน	5.30
พรรคกระยาจก	4.70
พรรคกรีน	4.40
พรรคกลาง	4.40
พรรคกล้า	4.40
พรรคกล้าธรรม	4.80
พรรคกว๋อหมินตั่ง	5.20
พรรคกสิกรไทย	4.80
พรรคกองทัพเสือภูฏาน	5.50
พรรคกะตออิบ	4.70
พรรคกะตาอิบ	4.70
พรรคการเมือง	4.80
พรรคการเมืองปฏิรูป	5.40
พรรคการเมืองใหม่	5.20
พรรคกิจประชาคม	5.00
พรรคกิจประชาชน	5.00
พรรคกิจประชาธิปไตย	5.40
พรรคกิจสังคม	4.80
พรรคก้าวหน้า	4.80
พรรคก้าวหน้าใหม่	5.20
พรรคก้าวอิสระ	4.90
พรรคก้าวใหม่	4.80
พรรคก้าวไกล	4.70
พรรคก๊กมินตั๋ง	5.00
พรรคก๊กมินตั๋น	5.00
พรรคก๊กมิ่นตั๋ง	5.10
พรรคขบวนการไฮด์ปาร์ค	5.50
พรรคของภูมิภาค	5.00
พรรคของเรา	4.60
พรรคขัตติยะธรรม	5.10
พรรคคนขอปลดหนี้	5.10
พรรคคนงานมาเลเซีย	5.30
พรรคความหวังใหม่	5.20
พรรคคองเกรสอินเดีย	5.40
พรรคคอนท์วนคนตันตระ	5.50
พรรคคอนท์วนะคนตันตระ	5.50
พรรคคอมมิวนิสต์	5.10
พรรคคอมมิวนิสต์คิวบา	5.50
พรรคคอมมิวนิสต์จีน	5.40
พรรคคอมมิวนิสต์ชิลี	5.50
พรรคคอมมิวนิสต์ธงแดง	5.50
พรรคคอมมิวนิสต์พม่า	5.50
พรรคคอมมิวนิสต์มลายา	5.50
พรรคคอมมิวนิสต์ลาว	5.40
พรรคคอมมิวนิสต์สยาม	5.50
พรรคคอมมิวนิสต์เขมร	5.50
พรรคคอมมิวนิสต์เนปาล	5.50
พรรคค็อกโรชชนตา	5.10
พรรคฉันทะเขมร	4.90
พรรคชนตาแมลงสาบ	5.10
พรรคชัยเตลังคนะ	5.10
พรรคชัยเตลังคานา	5.20
พรรคชาตินิยม	4.80
พรรคชาตินิยมจีน	5.10
พรรคชาตินิยมฟาสซิสต์	5.50
พรรคชาตินิยมเวียดนาม	5.50
พรรคชาติประชาชน	5.10
พรรคชาติประชาธิปไตย	5.50
พรรคชาติปะหล่อง	5.10
พรรคชาติพัฒนา	4.90
พรรคชาติพัฒนากล้า	5.30
พรรคชาติภูฏาน	4.90
พรรคชาติรุ่งเรือง	5.30
พรรคชาติสกอต	4.80
พรรคชาติสังคม	4.90
พรรคชาติเวลส์	4.90
พรรคชาติไทย	4.70
พรรคชาติไทยพัฒนา	5.20
พรรคชาวนา	4.50
พรรคชาวนาอินโดนีเซีย	5.50
พรรคชาวนาไต้หวัน	5.20
พรรคชินก้าวหน้า	5.10
พรรคซันเซ	4.50
พรรคซันเซโต	4.70
พรรคซาบะฮ์ก้าวหน้า	5.40
พรรคซาบาห์ก้าวหน้า	5.40
พรรคดวงดาวปฏิรูป	5.20
พรรคดาวเดือนเสี้ยว	5.40
พรรคดำรงไทย	4.70
พรรคตะวันใหม่	4.90
พรรคตุรกีรุ่งเรือง	5.40
พรรคถิ่นกาขาว	4.90
พรรคถิ่นกาขาวชาววิไล	5.50
พรรคถิ่นไทย	4.70
พรรคทอรี	4.40
พรรคทางเลือกใหม่	5.20
พรรคทาโย	4.40
พรรคท้องถิ่นก้าวหน้า	5.50
พรรคท้องที่ไทย	5.00
พรรคธรรมสังคม	4.90
พรรคธรรมาธิปัตย์	5.20
พรรคธรรมาธิปไตย	5.10
พรรคนครา	4.40
พรรคนวัตกรรมญี่ปุ่น	5.50
พรรคนักนิเวศนิยม	5.20
พรรคนักนิเวศวิทยา	5.30
พรรคนักสู้	4.60
พรรคนาซิสโอนาลิสตา	5.40
พรรคนาซิโอนาลิสตา	5.30
พรรคนาซี	4.40
พรรคนาซีอเมริกัน	5.20
พรรคนาซีเยอรมัน	5.10
พรรคนาซีแคนาดา	5.00
พรรคนำไทย	4.50
พรรคนิวเดอะพาวเวอร์	5.50
พรรคนโรดมรณฤทธิ์	5.20
พรรคบอลเชวิก	4.80
พรรคบอลเชวิค	4.80
พรรคบัวขาว	4.60
พรรคบายันมูนา	4.90
พรรคบู๊ตึ้ง	4.70
พรรคปฏิรูป	4.60
พรรคปฏิรูปประชาชน	5.30
พรรคปฏิรูปเขมร	5.00
พรรคปฏิรูปเอสโตเนีย	5.50
พรรคประชากรไทย	5.00
พรรคประชาชน	4.70
พรรคประชาชนกะเหรี่ยง	5.50
พรรคประชาชนกัมตปูร์	5.50
พรรคประชาชนกัมพูชา	5.40
พรรคประชาชนกามตาปุร	5.50
พรรคประชาชนกามตาปูร	5.50
พรรคประชาชนก้าวหน้า	5.50
พรรคประชาชนคาทอลิก	5.40
พรรคประชาชนซาราวะก์	5.50
พรรคประชาชนซาราวัก	5.40
พรรคประชาชนนีวเว	5.20
พรรคประชาชนบรูไน	5.20
พรรคประชาชนปฏิรูป	5.30
พรรคประชาชนปฏิวัติ	5.40
พรรคประชาชนปาเลสไตน์	5.50
พรรคประชาชนมาเลเซีย	5.50
พรรคประชาชนยุโรป	5.20
พรรคประชาชนลาว	5.00
พรรคประชาชนสหซาบาห์	5.50
พรรคประชาชนสังคมนิยม	5.50
พรรคประชาชนสิงคโปร์	5.50
พรรคประชาชนออสเตรีย	5.50
พรรคประชาชนอาเจะห์	5.40
พรรคประชาชนอาเจะฮ์	5.40
พรรคประชาชนแห่งชาติ	5.50
พรรคประชาชนใหม่	5.10
พรรคประชาชนไทย	5.00
พรรคประชาชาติ	4.90
พรรคประชาธรรม	4.90
พรรคประชาธรรมไทย	5.20
พรรคประชาธิปัตย์	5.20
พรรคประชาธิปไตย	5.10
พรรคประชาธิปไตยยุโรป	5.50
พรรคประชาธิปไตยสหภาพ	5.50
พรรคประชาธิปไตยสังคม	5.50
พรรคประชาธิปไตยเขมร	5.50
พรรคประชาธิปไตยใหม่	5.50
พรรคประชานิยม	4.90
พรรคประชาภิวัฒน์	5.20
พรรคประชาราช	4.80
พรรคประชาราษฎร์	5.10
พรรคประชาวิวัฒน์	5.20
พรรคประชาสันติ	5.00
พรรคประชาเสรี	4.90
พรรคประชาไทย	4.80
พรรคปลุกพลังชาติ	5.20
พรรคปวงชนชาวไทย	5.10
พรรคปวงชนไทย	4.80
พรรคปาส	4.30
พรรคผสมรัฐว้า	4.90
พรรคผึ้งหลวง	4.80
พรรคผู้บุกเบิก	5.00
พรรคผู้รักปิตุภูมิ	5.40
พรรคพร้อม	4.50
พรรคพร้อมพัฒนา	5.00
พรรคพลัง	4.40
พรรคพลังคนกีฬา	5.00
พรรคพลังชล	4.60
พรรคพลังชาติไทย	5.10
พรรคพลังท้องถิ่นไท	5.40
พรรคพลังธรรม	4.80
พรรคพลังธรรมใหม่	5.20
พรรคพลังธรรรม	4.90
พรรคพลังบูรพา	4.90
พรรคพลังประชาชน	5.10
พรรคพลังประชารัฐ	5.20
พรรคพลังปวงชนไทย	5.20
พรรคพลังพลเมืองไทย	5.40
พรรคพลังสังคมใหม่	5.30
พรรคพลังสุราษฎร์	5.20
พรรคพลังเขมร	4.80
พรรคพลังเพื่อชาติ	5.30
พรรคพลังใหม่	4.80
พรรคพลังไทยรักไทย	5.30
พรรคพลังไทสร้างชาติ	5.50
พรรคพลเมือง	4.70
พรรคพลเมืองไทย	5.00
พรรคพหุชนสมาช	4.90
พรรคพัฒนาจังหวัด	5.20
พรรคพัฒนาชาติไทย	5.20
พรรคพันธมิตร	4.80
พรรคพันธมิตรสิงคโปร์	5.50
พรรคพิทักษ์ไทย	5.00
พรรคฟาตาห์	4.60
พรรคฟื้นฟูชาติไทย	5.30
พรรคฟื้นฟูญี่ปุ่น	5.30
พรรคฟุนซินเปก	4.90
พรรคภราดรภาพ	4.80
พรรคภารตียชนตา	5.00
พรรคภูมิใจไทย	4.90
พรรคมรดกภูมิบุตร	5.20
พรรคมวลชน	4.50
พรรคมหาชน	4.50
พรรคมอญใหม่	4.70
พรรคมัชฌิมาธิปไตย	5.30
พรรคมัสยูมี	4.70
พรรคมาชูมี	4.60
พรรคมาตุภูมิ	4.80
พรรคมินจุง	4.60
พรรคมินจ็อง	4.70
พรรคมูร์บา	4.60
พรรคมูลวิวัติ	4.90
พรรคยาจก	4.40
พรรคยุติธรรมประชาชน	5.50
พรรคยุติธรรมสิงคโปร์	5.50
พรรคยุติธรรมแห่งชาติ	5.50
พรรคยูเอสดีพี	4.90
พรรครวมชาติพัฒนา	5.20
พรรครวมประชาชน	5.00
พรรครวมพลัง	4.70
พรรครวมพลังใหม่	5.10
พรรครวมแผ่นดิน	5.00
พรรครวมใจไทย	4.80
พรรครวมไทย	4.60
พรรครวมไทยยูไนเต็ด	5.40
พรรครวมไทยรักชาติ	5.30
พรรครวมไทยสร้างชาติ	5.50
พรรครักประเทศไทย	5.20
พรรครักภูเก็ต	4.90
พรรครักษ์ผืนป่า	5.10
พรรครักษ์สันติ	5.00
พรรครักไทย	4.60
พรรครัฐมอญใหม่	5.00
พรรครัฐว้าเอกภาพ	5.20
พรรครัฐโรมันคาทอลิก	5.50
พรรครัสเซียแห่งอนาคต	5.50
พรรคราดีกัล	4.70
พรรคราดีแกล	4.70
พรรคราษฎร	4.50
พรรคราษฎร์วิถี	5.00
พรรคราษฏริยสวตันตระ	5.50
พรรคริพับลิกัน	5.00
พรรครีพับลิกัน	5.00
พรรคร่วมพัฒนาชาติไทย	5.50
พรรคลิคุด	4.50
พรรคลิเบอร์เทเรียน	5.40
พรรควิก	4.30
พรรควิทรรภราชยะ	5.10
พรรควิทรรภาราชยะ	5.20
พรรคศรัทธา	4.60
พรรคศิลปิน	4.60
พรรคสงเคราะห์ชาติ	5.30
พรรคสมรังสี	4.70
พรรคสมาชวาที	4.80
พรรคสยามปฎิรูป	5.00
พรรคสยามปฏิรูป	5.00
พรรคสยามประชาธิปไตย	5.50
พรรคสยามใหม่	4.80
พรรคสร้างรัฐไต้หวัน	5.50
พรรคสร้างอนาคตไทย	5.30
พรรคสหกรณ์	4.60
พรรคสหกรรมาชีพ	5.00
พรรคสหชาติ	4.60
พรรคสหชีพ	4.50
พรรคสหซาบาห์	4.80
พรรคสหประชาชน	4.90
พรรคสหประชาชนซาราวัก	5.50
พรรคสหประชาธิปไตย	5.30
พรรคสหประชารัฐ	5.00
พรรคสหประชาไทย	5.00
พรรคสหพัฒนาการ	5.00
พรรคสหภาพประชาธิปไตย	5.50
พรรคสหภูมิ	4.60
พรรคสหรัฐว้า	4.80
พรรคสหแนวร่วมมอญ	5.20
พรรคสหแรงงานโปแลนด์	5.50
พรรคสังคม	4.50
พรรคสังคมก้าวหน้า	5.30
พรรคสังคมชาตินิยม	5.30
พรรคสังคมนิยม	4.90
พรรคสังคมนิยมจีน	5.20
พรรคสังคมนิยมบาสก์	5.40
พรรคสังคมนิยมพม่า	5.30
พรรคสังคมนิยมยุโรป	5.40
พรรคสังคมนิยมรวันดา	5.50
พรรคสังคมนิยมเสรี	5.30
พรรคสังคมประชาธิปไตย	5.50
พรรคสังคมราษฎร์นิยม	5.50
พรรคสังคมสาธารณรัฐ	5.40
พรรคสังคมแห่งธรรม	5.30
พรรคสัญญาพลเมือง	5.20
พรรคสันติชน	4.70
พรรคสาธารณรัฐ	4.90
พรรคสาธารณรัฐเขมร	5.30
พรรคสามัคคีชาติเขมร	5.50
พรรคสามัคคีธรรม	5.10
พรรคสามัคคีแห่งชาติ	5.50
พรรคสามัญชน	4.70
พรรคสำนึกประชาชน	5.20
พรรคสิงคโปร์ก้าวหน้า	5.50
พรรคสิทธิมนุษยชน	5.20
พรรคสุจริตชน	4.80
พรรคอธิปัตย์	4.80
พรรคอธิปไตยอาเจะห์	5.40
พรรคอธิปไตยอาเจะฮ์	5.40
พรรคอนาคตใหม่	4.90
พรรคอนาคตไทย	4.80
พรรคอนุรักษนิยม	5.10
พรรคอนุรักษ์นิยม	5.20
พรรคอัมโน	4.50
พรรคอาณัติแห่งชาติ	5.40
พรรคอาปริสตาเปรู	5.20
พรรคอามอาทมี	4.80
พรรคอาเจะห์	4.70
พรรคอาเจะฮ์	4.70
พรรคอาโจมา	4.60
พรรคอำนาจเขมร	4.90
พรรคอำนาจใหม่	4.90
พรรคอิสระ	4.50
พรรคอเมริกา	4.70
พรรคฮากกา	4.50
พรรคเกษตรกร	4.70
พรรคเกษตรมหาชน	5.00
พรรคเกษตรสังคม	5.00
พรรคเกิ่นลาว	4.80
พรรคเขมรกลาง	4.80
พรรคเขมรวิล	4.70
พรรคเขมรสาธารณรัฐ	5.30
พรรคเขมรเป็นกลาง	5.20
พรรคเขมรใหม่	4.80
พรรคเขียว	4.50
พรรคเคียววะ	4.70
พรรคเงินเดือนประชาชน	5.50
พรรคเดโมเครติก	5.00
พรรคเดโมแครต	4.80
พรรคเดโมแครติก	5.00
พรรคเตลังคนะราษฏระ	5.40
พรรคเตลังคานาราษฎระ	5.50
พรรคเทพพรรคมาร	5.00
พรรคเทิดไท	4.60
พรรคเนอการา	4.70
พรรคเบอร์จายา	4.90
พรรคเปลี่ยน	4.70
พรรคเป็นธรรม	4.80
พรรคเพลิงเทียน	5.00
พรรคเพื่อชาติ	4.90
พรรคเพื่อชาติไทย	5.20
พรรคเพื่อธรรม	4.90
พรรคเพื่อฟ้าดิน	5.10
พรรคเพื่อราษฎร	5.00
พรรคเพื่อสัตว์	5.00
พรรคเพื่อเสรีภาพ	5.20
พรรคเพื่อแผ่นดิน	5.20
พรรคเพื่อไทย	4.80
พรรคเพื่อไทยพัฒนา	5.30
พรรคเพื่อไทรวมพลัง	5.40
พรรคเยาวชนกัมพูชา	5.30
พรรคเรด	4.30
พรรคเราทำได้	4.80
พรรคเวนสเตร	4.70
พรรคเศรษฐกร	4.70
พรรคเศรษฐกิจ	4.80
พรรคเศรษฐกิจใหม่	5.20
พรรคเศรษฐกิจไทย	5.10
พรรคเสรีกัมพูชา	5.10
พรรคเสรีชน	4.60
พรรคเสรีธรรม	4.80
พรรคเสรีนิยม	4.80
พรรคเสรีนิยมแห่งชาติ	5.50
พรรคเสรีประชาธิปไตย	5.50
พรรคเสรีภาพ	4.70
พรรคเสรีภาพกัมพูชา	5.40
พรรคเสรีภาพนิยม	5.10
พรรคเสรีภาพออสเตรีย	5.50
พรรคเสรีมนังคศิลา	5.30
พรรคเสรีรวมไทย	5.00
พรรคเสรีและปฎิรูป	5.30
พรรคเส้นด้าย	4.80
พรรคเส้นทางใหม่	5.10
พรรคเอกภาพ	4.60
พรรคเอกภาพดยัก	5.00
พรรคเอกภาพท้องถิ่น	5.40
พรรคเอกภาพอาหรับ	5.20
พรรคเอกภาพอาเจะห์	5.30
พรรคเอกภาพอาเจะฮ์	5.30
พรรคเอกภาพเขมร	5.00
พรรคเอกภาพแห่งชาติ	5.40
พรรคเอกราชมลายา	5.10
พรรคเอเอ็นซี	4.80
พรรคเอ็นดีเอฟ	4.90
พรรคเอ็นแอลดี	4.90
พรรคแดง	4.30
พรรคแทนคุณแผ่นดิน	5.30
พรรคแนวประชาธิปไตย	5.40
พรรคแนวรัฐธรรมนูญ	5.30
พรรคแนวร่วมสังคมนิยม	5.50
พรรคแนวหน้า	4.70
พรรคแผ่นดินใหม่กะยัน	5.50
พรรคแผ่นดินไทย	5.00
พรรคแรงงาน	4.60
พรรคแรงงานคูร์ดิสถาน	5.50
พรรคแรงงานดอมินีกา	5.40
พรรคแรงงานพม่า	5.00
พรรคแรงงานมลายา	5.10
พรรคแรงงานมาลายา	5.20
พรรคแรงงานสลังงอร์	5.40
พรรคแรงงานสิงคโปร์	5.40
พรรคแรงงานสเปน	5.00
พรรคแรงงานออสเตรเลีย	5.50
พรรคแรงงานเกาหลี	5.20
พรรคแรงงานเกาหลีใต้	5.50
พรรคแรงงานเซอลาโงร์	5.50
พรรคแรงงานและสหกรณ์	5.50
พรรคแรงงานแห่งเกาหลี	5.50
พรรคแรงงานแอลเบเนีย	5.50
พรรคแรสทอฆีซ	4.80
พรรคแสงตุรกี	4.80
พรรคแห่งชาติ	4.80
พรรคแห่งชาติกะยัน	5.30
พรรคแห่งชาติฉิ่น	5.20
พรรคแห่งชาติชีน	5.10
พรรคแห่งชาติซาราวะก์	5.50
พรรคแห่งชาติซาราวัก	5.50
พรรคแห่งชาติยะไข่	5.30
พรรคแอร์โรวครอส	5.10
พรรคแอร์โรว์ครอสส์	5.40
พรรคโกโลราโด	4.80
พรรคโคณฑวานาคณตันตระ	5.50
พรรคโคเม	4.40
พรรคโคเมโตะใหม่	5.10
พรรคโคโลราโด	4.80
พรรคโอกาสใหม่	4.90
พรรคโอกาสไทย	4.80
พรรคใหม่	4.40
พรรคไซปรัสใหม่	5.00
พรรคไดเวียด	4.70
พรรคไท	4.20
พรรคไทยก้าวหน้า	5.10
พรรคไทยก้าวใหม่	5.10
พรรคไทยชนะ	4.60
พรรคไทยพร้อม	4.80
พรรคไทยภักดี	4.80
พรรคไทยรักษาชาติ	5.20
พรรคไทยรักไทย	4.90
พรรคไทยศรีวิไลย์	5.20
พรรคไทยสร้างสรรค์	5.30
พรรคไทยสร้างไทย	5.10
พรรคไทยเป็นหนึ่ง	5.20
พรรคไทยเป็นไท	4.90
พรรคไทรวมพลัง	4.90
พรรคไทรักธรรม	4.90
พรรคไทสังคม	4.70
พรรคไทเป็นไท	4.80
พรรคไพรด์คัมรี่	5.10
พรรคไลเบอร์เทเรียน	5.40
พระขุนแผน	3.50
พระซุ้มกอ	3.50
พระตรีมูรติ	3.70
พระธรรมนูญศาลยุติธรรม	5.00
พระนางพญา	3.50
พระผงสุพรรณ	3.70
พระพรหม	6.30
พระพิฆเนศ	3.50
พระยอดขุนพล	3.70
พระรอด	3.20
พระราชกฤษฎีกา	4.40
พระราชกำหนด	4.20
พระราชทานเพลิงศพ	4.20
พระราชบัญญัติ	4.90
พระราม	2.20
พระราม9	6.30
พระรามสอง	5.00
พระรามสาม	5.00
พระรามสี่	5.00
พระรามหนึ่ง	5.20
พระรามหา	4.90
พระรามเก้า	5.10
พระรามเจ็ด	5.10
พระราหู	3.30
พระสมเด็จ	3.50
พระองค์เจ้า	5.70
พระเครื่อง	3.60
พระเจ้าวรวงศ์เธอ	6.20
พระแม่ลักษมี	3.80
พระโขนง	6.30
พริตตี	2.70
พรินต์	2.70
พริเซนต์	2.90
พริเซนเตอร์	3.20
พริ้นเซส	2.40
พรีวิว	2.70
พรีห์ไนต์	3.00
พรีออเดอร์	3.10
พรีอุส	2.20
พรีเซนต์	2.90
พรีเซนท์	2.90
พรีเซนเตชัน	3.20
พรีเซนเตอร์	3.20
พรีเซนเทชัน	3.20
พรีเซ้นท์	3.00
พรีเมียม	2.90
พรีเมียร์	3.00
พรีเวดดิ้ง	3.10
พรูน	2.50
พรูสไทต์	2.90
พร็อป	2.60
พร้อมกัน	2.40
พร้อมพงษ์	6.50
พร้อมเพย์	4.00
พล.ต.	5.10
พล.ต.ต	5.20
พล.ต.ต.	5.30
พล.ต.ท	5.20
พล.ต.ท.	5.30
พล.ต.อ	5.20
พล.ต.อ.	5.30
พล.ท.	5.10
พล.อ.	5.10
พลการ	0.50
พลวง	1.00
พละการ	0.50
พลังงานชีวมวล	3.90
พลังงานทดแทน	3.80
พลังงานน้ำ	3.60
พลังงานลม	3.50
พลังงานสะอาด	3.80
พลังงานหมุนเวียน	4.20
พลังงานแสงอาทิตย์	4.30
พลัม	2.50
พลัมบาโก	2.90
พลัส	2.00
พลาสติก	2.80
พลาสติกชีวภาพ	3.90
พลาสมา	2.70
พลีโอนาสต์	3.10
พลูออต	2.70
พลูโต	2.60
พลูโตเนียม	3.10
พลูโทเนียม	3.10
พวงมาลัย	3.40
พหลโยธิน	6.40
พหลโยธิน24	6.60
พหลโยธิน59	6.60
พอดคาสต์	2.90
พอดแคสต์	2.90
พอร์ต	3.10
พอร์ตการลงทุน	4.40
พอร์ตแลนไดต์	3.30
พอร์ตโฟลิโอ	3.20
พอลลูไซต์	3.00
พอลล่า	2.70
พอลิลิทิโอไนต์	3.50
พอลิเบไซต์	3.10
พอลิเมอร์	3.00
พอลิเฮไลต์	3.10
พอเลียไนต์	3.10
พอโลเนียม	3.00
พะแนง	0.50
พักก่อน	1.50
พัฒนาการ	6.40
พันล้าน	2.30
พัฟ	1.50
พัมเพลล์ไยต์	3.30
พากย์ไทย	2.90
พานาโซนิค	3.00
พาพรีกา	2.80
พาพาโกไอต์	3.10
พาย	1.00
พาราซิมพลิไซต์	3.50
พาราดาไมต์	3.10
พาราฟิน	2.80
พาราว็อกไซต์	3.30
พาราเซตามอล	4.20
พาราโกไนต์	3.10
พาราโบลา	2.90
พาร์กาไซต์	3.10
พาร์ตเนอร์	3.10
พาร์ตไทม์	3.00
พาร์ทไทม์	3.00
พาร์เซก	2.80
พาร์เมซาน	3.50
พาวเวอร์	2.90
พาสตา	3.10
พาสต้า	3.20
พาสปอร์ต	2.90
พาสเวิร์ด	3.00
พาเมล่า	2.80
พาโกไดต์	2.90
พิก	1.50
พิกซาร์	2.80
พิกอัป	2.70
พิกเชอร์	2.90
พิกเซล	3.20
พิกโนมิเตอร์	3.30
พิจิโอไนต์	3.10
พิซซา	3.10
พิซซ่า	3.20
พิดมอนไทต์	3.10
พิตชิงเวดจ์	3.20
พิตช์เบลนด์	3.20
พิตบุล	2.70
พิตบูล	2.70
พิตบูลล์	2.90
พิตบูลเทอร์เรีย	3.60
พิทบูล	2.70
พิทักษ์ทรัพย์	4.40
พิทักษ์ทรัพย์เด็ดขาด	5.00
พิธีฌาปนกิจ	3.70
พิธีผูกข้อมือ	3.90
พิธีหมั้น	3.50
พิธีแต่งงาน	3.70
พินัยกรรม	4.00
พินโนไอต์	3.00
พิพิธภัณฑ์กองทัพอากาศ	7.50
พิร์โรไทต์	3.10
พิษสุนัขบ้า	4.20
พิโครเมอไรต์	3.30
พิโคไทต์	2.90
พีก	1.50
พีช	1.50
พีระมิด	2.80
พี่ก้อน	2.30
พุดดิ้ง	3.30
พุทธมณฑลสายสอง	5.50
พุทธมณฑลสายสาม	5.50
พุทธมณฑลสายสี่	5.50
พุทธมณฑลสายหนึ่ง	5.70
พุทธมณฑลสายห้า	5.50
พูเซอไรต์	3.00
พ็อกเกตบุ๊ก	3.20
พ็อดคาสต์	3.00
พ็อดคาสท์	3.00
พ็อดแคสต์	3.00
พ็อป	2.50
พ็อปคอร์น	3.00
พ็อปพิวลาร์	3.20
พ็อปอัป	2.80
ฟรอนต์เอนด์	3.70
ฟรักโทส	2.80
ฟรี	1.00
ฟรีเดไลต์	3.00
ฟรุตสลัด	3.40
ฟรุตเค้ก	3.40
ฟลอปปีดิสก์	3.70
ฟลอร์	2.60
ฟลอร์เอ็กเซอร์ไซส์	3.90
ฟลัตเตอร์	3.50
ฟลามิงโก	2.90
ฟลินต์	2.70
ฟลูก	2.50
ฟลูต	2.50
ฟลูออรีน	2.90
ฟลูออร์สปาร์	3.30
ฟลูออร์อะพาไทต์	3.60
ฟลูออโรริชเทอไรต์	3.80
ฟลูออไรต์	3.00
ฟลูโอซีไรต์	3.20
ฟลูโอบอไรต์	3.20
ฟอกไต	3.60
ฟองดู	3.10
ฟองดูว์	3.30
ฟอนต์	2.60
ฟอร์กลิฟต์	3.10
ฟอร์จูนเนอร์	3.80
ฟอร์มาลดีไฮด์	3.40
ฟอร์มาลิน	3.00
ฟอร์สเตอไรต์	3.30
ฟอลคอน	2.70
ฟอลโลว์	2.80
ฟอสจีไนต์	3.00
ฟอสฟอรัส	2.90
ฟอสฟอไรต์	3.00
ฟอสฟูฟิลไลต์	3.30
ฟอสฟูแรนิไลต์	3.40
ฟอสเฟต	2.70
ฟักข้าว	2.30
ฟังก์ชัน	3.40
ฟังก์ชั่น	3.00
ฟังเทศน์	3.40
ฟาดมาก	1.50
ฟาดเคราะห์	1.50
ฟาทอม	2.60
ฟายาไลต์	2.90
ฟาร์ม	2.60
ฟาร์มกังหันลม	3.90
ฟาร์มของ	2.90
ฟาร์มาซูทิคัล	3.40
ฟาร์มาโคซิเดอไรต์	3.80
ฟาร์มาโคไลต์	3.30
ฟาลคอน	2.70
ฟาวล์	2.60
ฟาสซิสต์	2.90
ฟาสต์ฟูด	2.90
ฟาสต์เลน	2.90
ฟิกซ์	2.60
ฟิกเกอร์	2.90
ฟิค	1.50
ฟิคซ์	0.50
ฟิชชิ่ง	3.30
ฟิตติง	2.70
ฟิตเนส	2.70
ฟิน	1.00
ฟินเวอร์	1.50
ฟินเว่อร์	1.50
ฟิลลิปไซต์	3.10
ฟิลเตอร์	2.90
ฟิล์ม	2.60
ฟิวส์	2.60
ฟิวเจอร์ส	4.00
ฟิสิกส์	2.80
ฟีดแบ็ก	2.80
ฟีลด์	2.60
ฟีเชอร์	2.80
ฟีเดลอไรต์	3.10
ฟื้นฟูกิจการ	4.30
ฟุกไซต์	2.80
ฟุต	1.00
ฟุตบอล	2.70
ฟุตพาท	2.70
ฟุลกาไรต์	3.00
ฟุลสแก๊ป	2.90
ฟูด	1.00
ฟูลสแต็ก	3.40
ฟ้องแม่แน่	1.50
ภก.	5.00
ภงด90	3.60
ภงด91	3.60
ภญ.	5.00
ภพ20	3.50
ภาวะโลกร้อน	3.70
ภาษีที่ดิน	4.10
ภาษีมูลค่าเพิ่ม	4.60
ภาษีหัก ณ ที่จ่าย	4.80
ภาษีเงินได้	4.20
ภาษีเจริญ	6.50
ม.	5.00
ม.ค.	7.00
ม.จ.	5.00
ม.ร.ว	5.10
ม.ร.ว.	5.20
ม.ล.	5.00
มก.	4.00
มข	1.50
มค	0.50
มงกุฎ	0.50
มงกุฏ	0.50
มงลง	1.50
มติคณะรัฐมนตรี	4.50
มทร.	4.00
มม	1.50
มม.	4.00
มรกต	1.00
มรดก	1.00
มรภ.	4.00
มล.	4.00
มลพิษทางน้ำ	3.70
มลพิษทางอากาศ	3.90
มอก.	4.00
มอกเทซูไมต์	3.20
มอคค่า	3.20
มองโกลอยด์	3.10
มองโกเลีย	6.50
มอตทราไมต์	3.10
มอนต์มอริลโลไนต์	3.70
มอนทิบราไซต์	3.30
มอนทิเซลไลต์	3.30
มอนสเตอร์	3.00
มอนิเตอร์	3.50
มอยส์ซอไนต์	3.20
มอยส์เชอไรเซอร์	3.60
มอร์นิง	2.80
มอร์ฟีน	2.80
มอร์เดไนต์	3.10
มอร์แกไนต์	3.10
มอลดาไวต์	3.00
มอลต์	2.60
มอลโทส	2.70
มอสซาเรลล่า	3.70
มอเซลแลนดส์เบอร์ไกต์	4.00
มอเตอร์	2.80
มอเตอร์ส	2.40
มอเตอร์เวย์	5.20
มอเตอร์เวย์สายเก้า	5.90
มอเตอร์เวย์สายเจ็ด	5.90
มอเตอร์ไซค์	3.20
มอเตอร์ไฟฟ้า	3.80
มอเรียน	2.80
มะกะโรนี	3.40
มะเร็ง	3.70
มะเร็งปอด	4.00
มะเร็งลำไส้	4.20
มะเร็งเต้านม	4.30
มัก	1.00
มักกะสัน	6.40
มักกะโรนี	3.00
มัคคิอาโต	3.50
มัคคุเทศก์	0.50
มัคคุเทศน์	0.50
มังกี้	2.20
มังงะ	2.60
มังงะยูริ	3.00
มังงะวาย	2.90
มัทฉะ	3.10
มันนี	2.60
มันส์	2.10
มัฟฟิน	3.20
มัฟฟินเรซินเค้ก	4.10
มัมมี่	2.70
มัลแวร์	3.30
มัสตาร์ด	2.90
มัสลิน	2.70
มัสโคไวต์	3.00
มากกว่า	2.30
มาการอง	3.30
มากาเร็ท	2.90
มาดริด	2.70
มานา	2.50
มานาหลอด	2.90
มายด์เซต	2.90
มายองเนส	2.90
มายเซ็ต	2.80
มายเซ็ท	2.80
มาราธอน	2.80
มาริโอ	2.70
มาริโอ้	2.80
มาร์กาไรต์	3.10
มาร์ค	2.60
มาร์คาไซต์	3.10
มาร์จิน	2.80
มาร์มาไทต์	3.10
มาร์เกต	2.80
มาร์เก็ต	2.90
มาร์เวล	2.80
มาร์ไทต์	2.90
มาลาเรีย	3.90
มาลาไคต์	2.90
มาสก์	2.60
มาสคาร่า	2.40
มาสด้าสอง	3.50
มาสด้าสาม	3.50
มาสเตอร์คลาส	3.30
มาส์ก	2.10
มาเลย์ไอต์	3.10
มิ.ย.	7.10
มิกซ์	2.60
มิกไซต์	2.80
มิดเดิลแวร์	3.70
มิดเลน	2.70
มิต	1.50
มินา	2.50
มินาสเจไรไซต์	3.40
มินิซีรีส์	3.10
มิราบิไลต์	3.10
มิล	1.50
มิลก์	3.10
มิลค์	3.10
มิลค์เชค	3.40
มิลลิกรัม	4.50
มิลลิบาร์	3.00
มิลลิลิตร	4.50
มิลลิเมตร	4.50
มิลลิไซต์	3.00
มิลาไรต์	2.90
มิลเลอร์ไรต์	3.30
มิวสิก	2.70
มิวเซเว่น	3.50
มิวเอ็กซ์	3.50
มิสทีน	2.20
มิสเตอร์	2.90
มิสเตอร์บีน	3.70
มิเตอร์	2.80
มิเนียม	2.80
มิเมทีน	2.80
มิเมทีไซต์	3.10
มิเมไทต์	2.90
มิ้ลค์	3.20
มี.ค.	7.10
มีค	0.50
มีต	1.50
มีตติ้ง	2.80
มีตแอนด์กรีต	3.30
มีทติ้ง	2.80
มีนบุรี	6.30
มีม	1.00
มีออร่า	2.30
มีเทน	2.60
มุก	1.00
มุกแป้ก	1.50
มุข	1.00
มุลไลต์	2.80
มูฟออน	1.50
มูฟออนเป็นวงกลม	1.50
มูเตลู	3.20
มโนสาเร่	0.50
มโนสาเหร่	0.50
ม็อกเทล	3.30
ม็อด	2.50
ม็อบ	1.00
ยกฟ้อง	3.70
ยอช์ต	2.60
ยอดคงเหลือ	4.10
ยอมความ	3.80
ยอร์ช	2.60
ยังมี	2.10
ยันต์	3.10
ยันเดเระ	2.90
ยั่วๆ	1.50
ยั่วๆ บดๆ	1.50
ยาคลายกล้ามเนื้อ	4.70
ยาต้านไวรัส	4.20
ยาปฏิชีวนะ	4.10
ยาริส	3.10
ยาริสเอทีฟ	3.60
ยาล้างไต	2.40
ยาฮู	1.00
ยาแก้ปวด	3.90
ยาแก้แพ้	3.90
ยาใจ	1.00
ยิงหัว	2.70
ยิปซัม	2.70
ยิปซี	2.60
ยิม	1.00
ยิมนาสติก	3.00
ยีน	1.00
ยีนส์	2.60
ยีลด์	2.60
ยีสต์	2.60
ยี่เป็ง	3.30
ยึดทรัพย์	4.00
ยืนหนึ่ง	1.50
ยืนหนึ่งในดง	1.50
ยื่นญัตติ	3.50
ยุกสพอไรต์	3.10
ยุบพรรค	2.30
ยุบสภา	3.20
ยุโรป	2.60
ยูคริปไทต์	3.10
ยูซีไนต์	2.90
ยูดิดิไมต์	3.10
ยูทาห์ไลต์	3.10
ยูทูบ	3.60
ยูทูบเบอร์	3.10
ยูนาไคต์	2.90
ยูนิคอร์น	3.00
ยูนิต	2.60
ยูนิตเทสต์	3.60
ยูฟ่า	2.60
ยูรานอเซอร์ไคต์	3.60
ยูราโนแทนทาไลต์	3.60
ยูอาร์แอล	3.50
ยูเคลส	2.70
ยูเดียไลต์	3.10
ยูเนี่ยนเพาเวอร์	3.70
ยูเบียร์	2.40
ยูเรนัส	2.80
ยูเรนิไนต์	3.10
ยูเรเชีย	2.90
ยูเรเนียม	3.00
ยูเลกไซต์	3.00
ยูเวนตุส	2.90
ยูเอสบี	3.30
ยูแรโนเฟน	3.00
ยูโทเปีย	2.90
ยูโรปอยด์	3.00
ยูโรเพียม	3.00
ยูไวต์	2.70
ร.ต.	5.00
ร.ต.ต	5.10
ร.ต.ต.	5.20
ร.ต.ท	5.10
ร.ต.ท.	5.20
ร.ต.อ	5.10
ร.ต.อ.	5.20
ร.ท.	5.00
ร.อ.	5.00
รดชาด	0.50
รดน้ำดำหัว	3.60
รดน้ำสังข์	3.60
รถดี	2.00
รถยนต์ไฟฟ้า	3.70
รถสวย	2.10
รถอีวี	3.20
รถใหม่	2.20
รถไฮบริด	3.40
รพ	1.50
รพ.	4.00
รมช.	5.00
รมว.	5.00
รร	1.50
รร.	4.00
รวดราย	0.50
รศ.	4.00
รสชาด	0.50
รสชาติ	0.50
รหัสผ่าน	3.40
รอการกำหนดโทษ	4.40
รอการลงโทษ	4.10
รอชม	2.00
รอดู	2.00
รอบแรก	2.20
รอม	1.00
รอยเตอร์	2.90
ระบบขับขี่อัตโนมัติ	4.50
ระบบช่วยขับขี่	4.00
ระเบียบราชการ	4.40
ระเมียดระไม	0.50
รักบี้	2.70
รังสิต	6.20
รังสีรักษา	4.10
รัชดาภิเษก	6.60
รัชโยธิน	6.40
รัฐธรรมนูญ	4.10
รัฐบาลผสม	3.50
รัฐบาลเสียงข้างน้อย	4.50
รัฐบาลเสียงข้างมาก	4.40
รัฐประหาร	3.50
รัฐมนตรีช่วยว่าการ	4.40
รัฐมนตรีว่าการ	4.00
รัฐสวัสดิการ	3.80
รัตนาธิเบศร์	5.30
รัทเทอร์ฟอร์เดียม	3.80
รันไทม์	3.30
รัม	1.00
รัมมี่	2.70
รัสต์	3.10
ราคาปกติ	2.40
ราชดำริ	6.30
ราชดำเนิน	5.00
ราชดำเนินกลาง	5.40
ราชดำเนินนอก	5.30
ราชดำเนินใน	5.20
ราชปรารภ	6.40
ราชเทวี	6.30
รามคำแหง	6.40
รามอินทรา	6.00
รามอินทรา3	6.60
ราสป์เบอร์รี	3.30
ราเมน	3.10
ราเม็ง	3.20
ริคาร์โด	2.90
ริชาร์ด	2.80
ริชเทอไรต์	3.10
ริซอตโต	3.30
ริบทรัพย์	4.00
ริบบิ้น	2.80
ริสต์	2.60
ริเชิร์ด	2.90
ริโมตคอนโทรล	3.30
รีดักชัน	2.90
รีทวีต	2.70
รีนิไอต์	2.90
รีพลาย	2.70
รีม	1.00
รีวิว	2.60
รีสตาร์ต	2.90
รีสอร์ต	2.80
รีสอร์ท	2.80
รีอัลการ์	3.00
รีเควสต์	2.90
รีเนียม	2.80
รีเบกไคต์	3.00
รีเฟรช	2.70
รีแลกซ์	2.80
รีโมท	2.60
รีโว่	3.10
รีไซเคิล	2.90
รีไฟแนนซ์	4.00
รีไวนด์	2.80
รึ	1.50
รุ่นปี	2.20
รุ่นย่อย	2.40
รุ่นใหม่	2.40
รูทีเนียม	3.00
รูบิเดียม	3.00
รูบี้	2.60
รูมเมท	2.70
รูอิน	2.60
รูเบลไลต์	3.00
รูเล็ตต์	2.90
รูไทล์	2.70
ร็อก	2.50
ร็อกบริดไจต์	3.30
ร็อตเตอร์ดัม	3.30
ร่วมกันกระทำความผิด	5.00
ร่างกฎหมาย	3.60
ร่างพระราชบัญญัติ	4.30
ร้องทุกข์	5.00
ร้านค้าเกม	3.10
ลค	1.50
ลงนะ	3.00
ลงนะหน้าทอง	3.70
ลงมติ	4.60
ลดความเหลื่อมล้ำ	4.20
ลดคูลดาวน์	3.10
ลดทันที	2.30
ลดราคา	2.20
ลดหย่อนภาษี	4.20
ลดเหลือ	2.30
ลดไข้	2.10
ลทบ	1.50
ลบ.ม.	4.10
ลวดลาย	0.50
ลหุโทษ	3.70
ลอการิทึม	3.00
ลองจิจูด	2.90
ลองโควิด	3.90
ลอตเตอรี่	3.00
ลอนดอน	6.20
ลอนเชอร์	2.90
ลอยกระทง	3.40
ลอยอังคาร	3.50
ลอยโคม	3.20
ลอริมา	2.70
ลอริโอไนต์	3.10
ลอรีอัล	2.30
ลอรีเอะ	2.30
ลอว์ซอไนต์	3.10
ลอว์เรนเซียม	3.30
ลอสเองเจิลลิส	3.40
ลอเรนเซไนต์	3.20
ละติจูด	2.80
ละเมิด	3.70
ละเมียดละไม	0.50
ลังโคม	2.20
ลัดเลไมต์	3.00
ลางไบไนต์	3.00
ลาซานญ่า	3.40
ลาซูไรต์	2.90
ลาซูไลต์	2.90
ลาดกระบัง	6.50
ลาดพร้าว	6.40
ลาดพร้าว101	6.70
ลานจอดรถ	2.40
ลาบานูน	2.30
ลายมือ	3.20
ลาร์เดอเรลไลต์	3.50
ลาวา	1.00
ลาเต้	3.10
ลาเท็กซ์	2.90
ลาเวนเดอร์	3.10
ลาแมร์	2.20
ลำสาลี	6.20
ลำใย	0.50
ลำไย	1.00
ลิกไนต์	2.80
ลิงก์	2.60
ลิงค์	0.50
ลิดดิโคไทต์	3.20
ลิตมัส	2.70
ลิตร	1.00
ลิทิโอฟอไรต์	3.30
ลิทิโอฟิไลต์	3.30
ลินาไรต์	2.90
ลินิน	2.60
ลินุกซ์	3.30
ลิป	1.50
ลิปซิงก์	2.90
ลิปบาล์ม	2.90
ลิปสติก	2.80
ลิปแมท	2.20
ลิฟ	1.50
ลิฟต์	2.60
ลิมิติดอิดิชัน	3.50
ลิสติ้ง	2.80
ลิเทียม	2.80
ลิเบเทไนต์	3.10
ลิโด	2.00
ลิโรคอไนต์	3.10
ลีฟ	1.50
ลีแกรนไดต์	3.10
ลีโอ	2.00
ลีไฟต์	2.70
ลุก	1.00
ลุดวิไกต์	3.00
ลุมพินี	6.30
ลูกบาศก์เมตร	4.80
ลูกอมชานหมาก	3.80
ลูซอไนต์	2.90
ลูทีเชียม	3.00
ลูน่า	2.60
ลูสพารตส์	3.00
ลูโคซีน	2.80
ลูโคเฟน	2.80
ลูโคเฟไนต์	3.10
ลูไซต์	2.70
ล็อก	1.00
ล็อกดาวน์	3.00
ล็อกอิน	3.30
ล็อกเกต	2.80
ล็อกเกอร์	3.00
ล็อกเอาต์	3.50
ล็อตเตอรี	3.00
ล็อบบี้	2.80
ล็อบบี้ยิสต์	3.30
ล็็อก	2.60
ล้มละลาย	3.90
ล้างไต	3.70
ล้านบาท	2.30
วงศ์สว่าง	6.50
วงเงินกู้	4.00
วงเวียนใหญ่	6.70
วงไอดอล	2.80
วอดก้า	3.20
วอตส์แอปป์	3.10
วอนเซไนต์	3.00
วอบเบลอร์	3.00
วอฟเฟิล	3.30
วอร์ม	2.60
วอร์รูม	2.80
วอร์ไดต์	2.90
วอลบอร์ไทต์	3.20
วอลล์บ็อกซ์	3.70
วอลล์เปเปอร์	3.30
วอลล์เพเปอร์	3.30
วอลูม	2.60
วอลเพอร์ไจต์	3.30
วอลเลย์บอล	3.10
วอลเล็ต	3.80
วอลเล่ย์บอล	3.20
วอล์ก	2.60
วอล์กอิน	2.90
วอล์กเอาต์	3.10
วัคซีน	3.70
วัชรพล	6.20
วัณโรค	3.70
วัดพระศรีมหาธาตุ	7.20
วัดมังกร	6.40
วัดเจดีย์	3.50
วัดเสมียนนารี	6.90
วัตต์	2.60
วันขึ้นปีใหม่	3.90
วันครู	3.20
วันจักรี	3.40
วันฉัตรมงคล	3.70
วันที่	2.20
วันนี้	2.20
วันปิยมหาราช	3.80
วันพ่อแห่งชาติ	4.00
วันมาฆบูชา	3.60
วันรัฐธรรมนูญ	3.90
วันวิสาขบูชา	3.80
วันสงกรานต์	3.70
วันสารทจีน	3.60
วันสารทไทย	3.60
วันออกพรรษา	3.70
วันอาสาฬหบูชา	3.90
วันเกิด	2.30
วันเข้าพรรษา	3.80
วันเดย์	2.80
วันเดียว	2.40
วันเด็ก	3.30
วันเต็ม	2.30
วันเสาร์	2.40
วันแม่แห่งชาติ	4.00
วันแรก	2.20
วาคอม	2.60
วาติกัน	2.80
วานาดิไนต์	3.10
วาฟเฟิล	3.30
วายฟาย	2.70
วาระการดำรงตำแหน่ง	4.40
วาริสไซต์	3.00
วาร์ป	1.50
วาร์ลามอฟไฟต์	3.40
วาล์ว	2.60
วาเนเดียม	3.00
วาเลนไทน์	3.00
วาไรตี้	2.80
วิ	1.50
วิกตอเรีย	3.00
วิกฤตสภาพภูมิอากาศ	4.40
วิกิ	1.00
วิกิพีเดีย	3.10
วิกิลีกส์	3.00
วิดิโอ	3.20
วิดีโอ	3.20
วิดีโอคลิป	3.60
วิดีโอคอล	3.50
วิดเจ็ต	2.80
วิตกกังวล	4.00
วิตล็อกไทต์	3.20
วิตามิน	2.80
วินาที	4.20
วินเทจ	2.70
วินโดวส์	2.90
วินโดวส์วิสตา	3.40
วินโดวส์เอ็กซ์พี	3.70
วิปครีม	3.30
วิปปิงครีม	3.60
วิภาวดีรังสิต	5.40
วิลอซิแร็ปเตอร์	3.60
วิลเลจดรัม	3.10
วิลเลียม	2.90
วิลเลไมต์	3.00
วิว	1.00
วิสกี้	3.20
วิสตา	2.60
วิสัญญีแพทย์	4.30
วิสเทค	2.70
วิเทอไรต์	3.00
วิเวียไนต์	3.10
วีก	1.50
วีซูเวียไนต์	3.30
วีดีโอ	3.20
วีต์ไชต์	2.90
วีป	1.50
วีออส	2.10
วีแชต	2.60
วีโก้	2.10
วุฒากาศ	6.30
วุดเฮาไซต์	3.10
วุลฟีไนต์	3.00
วุลแฟรม	2.80
วุลแฟรไมต์	3.10
วุลไฟต์	2.80
วูสไทต์	2.80
ว็อกไซต์	2.90
ว่านล้อม	0.50
ว้าวววว	0.50
ศ.	4.00
ศบค.	4.00
ศรีกรีฑา	6.40
ศรีด่าน	6.30
ศรีนครินทร์	6.70
ศรีนครินทร์38	6.90
ศรีนุช	6.20
ศรีลาซาล	6.40
ศรีษะ	0.50
ศรีอุดม	6.30
ศรีเทพา	6.30
ศรีเอี่ยม	6.50
ศรีแบริ่ง	6.50
ศัลยแพทย์	4.00
ศาลชั้นต้น	4.10
ศาลฎีกา	5.30
ศาลตายาย	3.40
ศาลทรัพย์สินทางปัญญา	5.00
ศาลปกครอง	5.50
ศาลปกครองสูงสุด	6.10
ศาลพระภูมิ	3.60
ศาลรัฐธรรมนูญ	5.90
ศาลล้มละลาย	4.20
ศาลล้มละลายกลาง	4.60
ศาลอุทธรณ์	5.60
ศาลาแดง	6.30
ศาลเจ้าที่	3.60
ศาลเยาวชนและครอบครัว	6.50
ศาลแรงงาน	4.00
ศาลแรงงานกลาง	4.40
ศีรษะ	0.50
ศูนย์การประชุมแห่งชาติสิริกิติ์	7.50
ศูนย์ราชการนนทบุรี	7.40
ศูนย์วัฒนธรรมแห่งประเทศไทย	7.50
ส.ค.	7.00
ส.ต.	5.00
ส.ต.ต	5.10
ส.ต.ต.	5.20
ส.ต.ท	5.10
ส.ต.ท.	5.20
ส.ต.อ	5.10
ส.ต.อ.	5.20
ส.ท.	5.00
ส.ว.	4.00
ส.ส.	4.00
ส.อ.	5.00
สกริปต์	3.30
สกลอดอว์สไกต์	3.40
สกวิด	2.60
สกอร์ซาไลต์	3.20
สกอลิไซต์	3.00
สกอโรไดต์	3.00
สกิน	2.50
สกินแคร์	2.90
สกิล	2.50
สกี	1.00
สกุตเทอรูไดต์	3.40
สกูป	2.50
สคริปต์	3.30
สคัดเดอร์	3.00
สงกรานต์	3.40
สตช.	4.00
สตรอนเชียม	3.10
สตรอนเชียไนต์	3.40
สตรอว์เบร์รี	3.30
สตรอว์เบอร์รี	3.90
สตรอว์เบอร์รี่	3.50
สตรอเบอร์รี่	3.30
สตรันไซต์	3.00
สตริกนิน	2.90
สตรีตฟูด	2.90
สตรีมมิง	3.40
สตรีมมิ่ง	3.00
สตรีมมิ่งอนิเมะ	3.60
สตรีมเมอร์	3.10
สตรูเวอร์ไรต์	3.40
สตอร์	2.60
สตอร์ม	2.20
สตอร์มเซิร์จ	3.30
สตอเบอร์รี่	3.20
สตอโรไลต์	3.00
สตัน	2.50
สตันต์แมน	3.00
สตัฟ	2.50
สตัฟฟ์	2.70
สตัสส์เฟอร์ไทต์	3.60
สตางค์	4.20
สตาฟ	2.50
สตาร์	2.60
สตาร์ต	2.70
สตาร์ตอัป	3.00
สตาร์ตเตอร์	3.70
สตาร์ทอัพ	3.00
สติกเกอร์	3.00
สติชไทต์	2.90
สติบาร์เซน	3.10
สติบิโคไนต์	3.20
สติบิโอแทนทาไลต์	3.70
สติบไนต์	2.90
สติลไบต์	2.90
สติแรโคซอรัส	3.30
สติโชไวต์	3.00
สตีไทต์	2.80
สตู	1.00
สตูดิโอ	2.80
สตูว์	3.10
สต็อก	2.60
สต๊อก	2.60
สถานีกรมชลประทาน	7.20
สถานีกรมชลประธาน	7.20
สถานีกรมป่าไม้	7.00
สถานีกระทรวงสาธารณสุข	7.50
สถานีกรุงธนบุรี	7.10
สถานีกรุงเทพ	6.80
สถานีกลันตัน	6.80
สถานีกลาง	6.50
สถานีกลางกรุงเทพอภิวัฒน์	7.50
สถานีกลางซือริช	7.10
สถานีกลางบางซื่อ	7.20
สถานีกลางเบอร์ลิน	7.30
สถานีกลางเฮลซิงกิ	7.30
สถานีกษัตริย์ศึก	7.20
สถานีการกีฬาแห่งประเทศไทย	7.50
สถานีการค้า	6.70
สถานีการเคหะ	6.80
สถานีกำแพงเพชร	7.00
สถานีกำแพงแสน	6.90
สถานีกิจกรรมพิเศษ	7.30
สถานีกินซะ	6.60
สถานีกู่เฉิง	6.80
สถานีขนส่ง	6.60
สถานีขนส่งซ้วยเตียน	7.50
สถานีขนส่งผู้โดยสาร	7.50
สถานีขนส่งผู้โดยสารกรุงเทพ	7.50
สถานีขนส่งผู้โดยสารกรุงเทพฯ	7.50
สถานีขนส่งหมอชิต	7.20
สถานีคยุลฮย็อน	7.00
สถานีครัสนอสเซลสกายา	7.50
สถานีคราสนาเซียนสกายา	7.50
สถานีครุใน	6.60
สถานีคลองบางไผ่	7.10
สถานีคลองบ้านม้า	7.20
สถานีคลองสาน	6.80
สถานีคลองสาม	6.80
สถานีคลองสี่	6.80
สถานีคลองห้า	6.80
สถานีคลองเตย	6.80
สถานีควีนสเวย์	7.00
สถานีคอมมูนาร์คา	7.20
สถานีคอมเพล็กซ์ดิจิทัลคาซัน	7.50
สถานีคอร์นีลอฟสกายา	7.50
สถานีคะมะกุระ	6.90
สถานีคาราวาน	6.80
สถานีคาราวานเซลีม	7.30
สถานีคาราวานแซลิม	7.30
สถานีคาวาซากิ	6.90
สถานีคาโงชิมะจูโอ	7.30
สถานีคิซารางิ	6.90
สถานีคีรอฟสกีซาวอด	7.40
สถานีคุนจา	6.60
สถานีคุมาโมโตะ	7.00
สถานีคูคต	6.50
สถานีคูอึย	6.60
สถานีคู้บอน	6.70
สถานีคเยซัน	6.70
สถานีคเยยัง	6.70
สถานีจตุจักร	6.80
สถานีจรัญสนิทวงค์	7.30
สถานีจอมทอง	6.70
สถานีจูรงตะวันออก	7.30
สถานีจูเลบีโน	6.90
สถานีฉัตรปติศิวาชี	7.40
สถานีฉัตรปตีศิวาจี	7.40
สถานีชลประทาน	6.90
สถานีชาร์จ	3.60
สถานีชิดลม	6.60
สถานีชินจุกุ	6.80
สถานีชินจูกุ	6.80
สถานีชินะงะวะ	6.90
สถานีชินโอซะกะ	7.00
สถานีชินไซบาชิ	7.00
สถานีชิบุยะ	6.70
สถานีชิบูยะ	6.70
สถานีชิมบาชิ	6.80
สถานีชิโมนาดะ	6.90
สถานีชุมทางตลิ่งชัน	7.50
สถานีชุมทางบ้านดารา	7.50
สถานีชุมทางหนองปลาดุก	7.50
สถานีชุมทางหาดใหญ่	7.40
สถานีช่องนนทรี	7.00
สถานีช้างเอราวัณ	7.20
สถานีซรีเปอตาลิง	7.20
สถานีซัปโปะโระ	7.00
สถานีซูยู	6.50
สถานีดอนเมือง	6.90
สถานีดาวคะนอง	6.90
สถานีดินแดง	6.70
สถานีตลาดบางใหญ่	7.20
สถานีตลาดพลู	6.80
สถานีตลาดมีนบุรี	7.20
สถานีตลิ่งชัน	6.90
สถานีตำรวจนครบาลพระราชวัง	7.50
สถานีตำหรุ	6.60
สถานีตูเชฟสกายา	7.10
สถานีต่อไป	6.60
สถานีถนนจันทน์	7.00
สถานีถาวรนิเวศน์	7.20
สถานีถาวเดี่ยน	7.00
สถานีถูดึ๊ก	6.70
สถานีทวนสัญญาณวิทยุสมัครเล่น	7.50
สถานีทวีวัฒนา	6.90
สถานีทหารเรือนอร์ฟอล์ก	7.50
สถานีทองหล่อ	6.80
สถานีทอทเทนแฮมคอร์ตโร้ด	7.50
สถานีทอทเทนแฮมคอร์ทโร้ด	7.50
สถานีทะเลสาบเมืองทองธานี	7.50
สถานีทางด่วนศรีรัช	7.40
สถานีทิพวัล	6.70
สถานีทุ่งสองห้อง	7.20
สถานีท่าพระ	6.70
สถานีท่าอากาศยานคันไซ	7.50
สถานีท่าอากาศยานจางี	7.50
สถานีท่าอากาศยานชางงี	7.50
สถานีท่าอากาศยานดอนเมือง	7.50
สถานีท่าอากาศยานนะริตะ	7.50
สถานีท่าอากาศยานนาริตะ	7.50
สถานีท่าอากาศยานสุวรรณภูมิ	7.50
สถานีท่าอิฐ	6.70
สถานีธนาซิตี้	6.90
สถานีนกซาพย็อง	7.00
สถานีนครปฐม	6.70
สถานีนครราชสีมา	7.10
สถานีนครลำปาง	6.90
สถานีนครหลวงเวียงจันทน์	7.50
สถานีนพรัตน์	6.80
สถานีนอร์ทแอฟเวนู	7.30
สถานีนอโวมอสคอฟสกายา	7.50
สถานีนานา	6.50
สถานีนาโงยะ	6.70
สถานีนำร่อง	6.70
สถานีนิปโปะริ	6.90
สถานีนีเฌอโกรอดสกายา	7.50
สถานีนีเฌโกรอดสกายา	7.50
สถานีบอนด์สตรีต	7.10
สถานีบอนด์สตรีท	7.10
สถานีบันดาร์ตาซิก์เซอลาตัน	7.50
สถานีบันดาร์ตาสิกเซอลาตัน	7.50
สถานีบางกรวย	6.80
สถานีบางกระสอ	6.90
สถานีบางกอกใหญ่	7.10
สถานีบางกะปิ	6.80
สถานีบางขุนนนท์	7.10
สถานีบางขุนพรหม	7.10
สถานีบางจาก	6.70
สถานีบางชัน	6.70
สถานีบางซื่อ	6.80
สถานีบางซ่อน	6.80
สถานีบางนา	6.60
สถานีบางบัว	6.70
สถานีบางบำหรุ	6.90
สถานีบางปะกอก	6.90
สถานีบางปะแก้ว	7.00
สถานีบางปู	6.60
สถานีบางพลัด	6.80
สถานีบางพลี	6.70
สถานีบางพลู	6.70
สถานีบางยี่ขัน	7.00
สถานีบางรักน้อยท่าอิฐ	7.50
สถานีบางรักใหญ่	7.10
สถานีบางหว้า	6.80
สถานีบางอ้อ	6.70
สถานีบางเขน	6.70
สถานีบางแก้ว	6.80
สถานีบางแค	6.60
สถานีบางแวก	6.70
สถานีบางโฉลง	6.80
สถานีบางโพ	6.60
สถานีบางไผ่	6.70
สถานีบาตูเคฟส์	7.00
สถานีบาสอน	6.60
สถานีบิ่ญท้าย	6.90
สถานีบุลวาร์โรคอสซอฟสโกโก	7.50
สถานีบูกิซ	6.60
สถานีบูกิส	6.60
สถานีบูลวาร์โรโคสซอฟสโกโก	7.50
สถานีบ่อเต็น	6.80
สถานีบ้านทับช้าง	7.20
สถานีบ้านภาชี	6.90
สถานีบ้านม้า	6.80
สถานีบ้านแสลงพัน	7.20
สถานีบ้านแหลม	6.90
สถานีบ้านโพ	6.70
สถานีประชาชน	6.80
สถานีประชาธิปไตย	7.20
สถานีประชาสงเคราะห์	7.50
สถานีประชาอุทิศ	7.10
สถานีประดิษฐ์มนูธรรม	7.50
สถานีประตูน้ำ	6.90
สถานีปลัดเปรียง	7.10
สถานีปลายทางฉัตรปตีศิวาจี	7.50
สถานีปากท่อ	6.70
สถานีปากน้ำ	6.70
สถานีปากเกร็ด	6.90
สถานีปุณณวิถี	6.90
สถานีปู่เจ้า	6.80
สถานีป่วงกก	6.70
สถานีผิงกั่วหยวน	7.20
สถานีผ่านฟ้า	6.80
สถานีพญาไท	6.60
สถานีพระประแดง	7.00
สถานีพระโขนง	6.80
สถานีพรานนก	6.70
สถานีพร้อมพงษ์	7.00
สถานีพลังงานศิลปะ	7.30
สถานีพหลโยธิน	6.90
สถานีพอร์ตกลัง	7.00
สถานีพักชน	6.60
สถานีพักเซ็นทรัล	7.20
สถานีพัคชน	6.60
สถานีพาจู	6.50
สถานีพิพิธภัณฑ์กองทัพอากาศ	7.50
สถานีพิพิธภัณฑ์ช้างเอราวัณ	7.50
สถานีฟอกซ์	6.60
สถานีฟ็อกซ์	6.70
สถานีภาคพื้นดินทางบก	7.50
สถานีภาวนา	6.60
สถานีภาษีเจริญ	7.00
สถานีมงกุฎวัฒนะ	7.10
สถานีมหาดไทย	6.80
สถานีมหาวิทยาลัยรามคำแหง	7.50
สถานีมหาวิทยาลัยเกษตรศาสตร์	7.50
สถานีมหาวิทยาลัยแห่งชาติ	7.50
สถานีมักกะสัน	6.90
สถานีมัยลาภ	6.70
สถานีมารีนาเซาท์เพียร์	7.50
สถานีมีนบุรี	6.80
สถานีมีอา	6.50
สถานีมีอาซากอรี	7.10
สถานียมราช	6.60
สถานียศเส	6.50
สถานียูระกุโช	6.90
สถานีย่อย	6.50
สถานีย่อยประเทศฝรั่งเศส	7.50
สถานีรถบัสลวิว	7.00
สถานีรถโดยสารประจำทาง	7.50
สถานีรถโดยสารประจำทางลวิว	7.50
สถานีรถไฟกบินทร์บุรี	7.50
สถานีรถไฟกบินทร์เก่า	7.50
สถานีรถไฟกระสัง	7.10
สถานีรถไฟกระเบียด	7.30
สถานีรถไฟกรุงเทพ	7.20
สถานีรถไฟกลางซูริก	7.40
สถานีรถไฟกลางดง	7.10
สถานีรถไฟกลางบางซื่อ	7.50
สถานีรถไฟกลางปราก	7.30
สถานีรถไฟกลางมิวนิก	7.50
สถานีรถไฟกลางมึนเชิน	7.50
สถานีรถไฟกลางวอร์ซอ	7.50
สถานีรถไฟกลางฮัมบวร์ค	7.50
สถานีรถไฟกลางเจนไน	7.40
สถานีรถไฟกลางเบอร์ลิน	7.50
สถานีรถไฟกลางเวียนนาแห่งใหม่	7.50
สถานีรถไฟกลางไลพ์ซิก	7.50
สถานีรถไฟกลางไลพ์ซิช	7.50
สถานีรถไฟกะมิชิระตะกิ	7.50
สถานีรถไฟกะเปียด	7.20
สถานีรถไฟกะโดนค้อ	7.30
สถานีรถไฟกันตัง	7.10
สถานีรถไฟกันทรารมย์	7.50
สถานีรถไฟกัมบีร์	7.20
สถานีรถไฟกัวลาลัมเปอร์	7.50
สถานีรถไฟกาญจนบุรี	7.40
สถานีรถไฟการเคหะ	7.20
สถานีรถไฟการเคหะธนบุรี	7.50
สถานีรถไฟกำแพงแสน	7.30
สถานีรถไฟกินซะ	7.00
สถานีรถไฟกุดจิก	7.10
สถานีรถไฟกุมภวาปี	7.30
สถานีรถไฟกุยบุรี	7.20
สถานีรถไฟขอนแก่น	7.20
สถานีรถไฟขุนตาน	7.10
สถานีรถไฟครัสโนยาสค์	7.50
สถานีรถไฟคลองกุย	7.20
สถานีรถไฟคลองขนาน	7.30
สถานีรถไฟคลองขนานจิตร	7.50
สถานีรถไฟคลองขุด	7.20
สถานีรถไฟคลองจัง	7.20
สถานีรถไฟคลองจันดี	7.40
สถานีรถไฟคลองจาก	7.20
สถานีรถไฟคลองตาคด	7.30
สถานีรถไฟคลองตาคต	7.30
สถานีรถไฟคลองต้นไทร	7.50
สถานีรถไฟคลองบางตาล	7.50
สถานีรถไฟคลองปราบ	7.30
สถานีรถไฟคลองปลากด	7.40
สถานีรถไฟคลองพุทรา	7.40
สถานีรถไฟคลองมวน	7.20
สถานีรถไฟคลองมหาสวัสดิ์	7.50
สถานีรถไฟคลองมะพลับ	7.50
สถานีรถไฟคลองยา	7.10
สถานีรถไฟคลองยาง	7.20
สถานีรถไฟคลองละมุง	7.40
สถานีรถไฟคลองวังช้าง	7.50
สถานีรถไฟคลองสูญ	7.20
สถานีรถไฟคลองหลวงแพ่ง	7.50
สถานีรถไฟคลองแงะ	7.20
สถานีรถไฟคลองไทร	7.20
สถานีรถไฟคลองไผ่	7.20
สถานีรถไฟควนหนองคว้า	7.50
สถานีรถไฟควนหินมุ้ย	7.50
สถานีรถไฟควนเนียง	7.30
สถานีรถไฟควนเมา	7.10
สถานีรถไฟคอกควาย	7.20
สถานีรถไฟคะนะซะวะ	7.30
สถานีรถไฟคะมะกุระ	7.30
สถานีรถไฟคะมิชิระตะกิ	7.50
สถานีรถไฟคะวะงุชิโกะ	7.50
สถานีรถไฟคะวะซะกิ	7.30
สถานีรถไฟคันกระได	7.30
สถานีรถไฟคันธุลี	7.20
สถานีรถไฟคั่นกระได	7.40
สถานีรถไฟคาซันสกีมอสโก	7.50
สถานีรถไฟคานาซาวะ	7.30
สถานีรถไฟคามากูระ	7.30
สถานีรถไฟคามิชิราตากิ	7.50
สถานีรถไฟคายาชิมะ	7.30
สถานีรถไฟคาลัมบา	7.20
สถานีรถไฟคาวางูจิโกะ	7.50
สถานีรถไฟคาวาซากิ	7.30
สถานีรถไฟคาโงชิมะจูโอ	7.50
สถานีรถไฟคาโงชิมะชูโอ	7.50
สถานีรถไฟคำสะหวาด	7.30
สถานีรถไฟคิตะเซ็นจุ	7.50
สถานีรถไฟคิตะเซ็นจู	7.50
สถานีรถไฟคิลแมรี	7.20
สถานีรถไฟคีรีรัฐนิคม	7.50
สถานีรถไฟคุมาโมโตะ	7.40
สถานีรถไฟคูมาโมโตะ	7.40
สถานีรถไฟคูริฮามะ	7.30
สถานีรถไฟคูรูเมะ	7.20
สถานีรถไฟงาว	6.80
สถานีรถไฟจรัญสนิทวงศ์	7.50
สถานีรถไฟจอมทอง	7.10
สถานีรถไฟจอร์แดนฮิลล์	7.50
สถานีรถไฟจะนะ	6.90
สถานีรถไฟจักราช	7.10
สถานีรถไฟจัตุรัส	7.20
สถานีรถไฟจันทึก	7.10
สถานีรถไฟจันเสน	7.10
สถานีรถไฟจาการ์ตาโกตา	7.50
สถานีรถไฟจาติเนอการา	7.50
สถานีรถไฟจาตีเนอการา	7.50
สถานีรถไฟจิตรลดา	7.20
สถานีรถไฟจุกเสม็ด	7.30
สถานีรถไฟฉวาง	6.90
สถานีรถไฟฉะเชิงเทรา	7.50
สถานีรถไฟฉัตรปตีศิวาจี	7.50
สถานีรถไฟฉัตรปตีศิวาจีมหาราช	7.50
สถานีรถไฟชลบุรี	7.10
สถานีรถไฟชะม่วง	7.10
สถานีรถไฟชะอำ	6.90
สถานีรถไฟชาได	6.90
สถานีรถไฟชิงโยโกฮามะ	7.50
สถานีรถไฟชินจุกุ	7.20
สถานีรถไฟชินจุกุซันโชเมะ	7.50
สถานีรถไฟชินจูกุ	7.20
สถานีรถไฟชินจูกุซันโจเมะ	7.50
สถานีรถไฟชินจูกุซันโชเมะ	7.50
สถานีรถไฟชินซัปโปะโระ	7.50
สถานีรถไฟชินซัปโปโระ	7.50
สถานีรถไฟชินยัตสึชิโระ	7.50
สถานีรถไฟชินยามางูจิ	7.50
สถานีรถไฟชินอะโอะโมะริ	7.50
สถานีรถไฟชินอาโอโมริ	7.50
สถานีรถไฟชินฮาโกดาเตะโฮกูโตะ	7.50
สถานีรถไฟชินะงะวะ	7.30
สถานีรถไฟชินางาวะ	7.30
สถานีรถไฟชินโคเบะ	7.30
สถานีรถไฟชินโทซุ	7.20
สถานีรถไฟชินโยะโกะฮะมะ	7.50
สถานีรถไฟชินโยโกฮามะ	7.50
สถานีรถไฟชินโอซะกะ	7.40
สถานีรถไฟชินโอซากะ	7.40
สถานีรถไฟชิบะ	6.90
สถานีรถไฟชิบุยะ	7.10
สถานีรถไฟชิบูยะ	7.10
สถานีรถไฟชิมบะชิ	7.20
สถานีรถไฟชิมบาชิ	7.20
สถานีรถไฟชิโรอิชิ	7.30
สถานีรถไฟชุมทางคลองสิบเก้า	7.50
สถานีรถไฟชุมทางฉะเชิงเทรา	7.50
สถานีรถไฟชุมทางตลิ่งชัน	7.50
สถานีรถไฟชุมทางถนนจิระ	7.50
สถานีรถไฟชุมทางทุ่งสง	7.50
สถานีรถไฟชุมทางบัวใหญ่	7.50
สถานีรถไฟชุมทางบางซื่อ	7.50
สถานีรถไฟชุมทางบ้านกลับ	7.50
สถานีรถไฟชุมทางบ้านดารา	7.50
สถานีรถไฟชุมทางบ้านทุ่งโพธิ์	7.50
สถานีรถไฟชุมทางบ้านภาชี	7.50
สถานีรถไฟชุมทางบ้านไผ่นาบุญ	7.50
สถานีรถไฟชุมทางศรีราชา	7.50
สถานีรถไฟชุมทางหนองบัว	7.50
สถานีรถไฟชุมทางหนองปลาดุก	7.50
สถานีรถไฟชุมทางหาดใหญ่	7.50
สถานีรถไฟชุมทางอู่ตะเภา	7.50
สถานีรถไฟชุมทางเขาชีจรรย์	7.50
สถานีรถไฟชุมทางเขาชุมทอง	7.50
สถานีรถไฟชุมทางแก่งคอย	7.50
สถานีรถไฟชุมทางโคกกะเทียม	7.50
สถานีรถไฟชุมพร	7.00
สถานีรถไฟชุมแสง	7.10
สถานีรถไฟช่องลม	7.10
สถานีรถไฟช่องเขา	7.20
สถานีรถไฟช่องแค	7.10
สถานีรถไฟช่องแคบ	7.20
สถานีรถไฟซันตาเมซา	7.40
สถานีรถไฟซับม่วง	7.20
สถานีรถไฟซัปโปะโระ	7.40
สถานีรถไฟซัปโปโระ	7.30
สถานีรถไฟซัลทซ์บวร์ค	7.50
สถานีรถไฟซูคัต	7.00
สถานีรถไฟดงตะขบ	7.10
สถานีรถไฟดงมะกุ	7.10
สถานีรถไฟดอนขุนวิเศษ	7.50
สถานีรถไฟดอนทราย	7.20
สถานีรถไฟดอนธูป	7.10
สถานีรถไฟดอนสงวน	7.20
สถานีรถไฟดอนสีนนท์	7.40
สถานีรถไฟดอนหญ้านาง	7.50
สถานีรถไฟดอนเมือง	7.30
สถานีรถไฟตรอน	6.90
สถานีรถไฟตรัง	6.90
สถานีรถไฟตลาดพลู	7.20
สถานีรถไฟตลาดหนองคาย	7.50
สถานีรถไฟตลาดใหม่ดอนเมือง	7.50
สถานีรถไฟตะพานหิน	7.30
สถานีรถไฟตันจงปาการ์	7.50
สถานีรถไฟตันหยงมัส	7.40
สถานีรถไฟติรานา	7.10
สถานีรถไฟตีมีชออาราเหนือ	7.50
สถานีรถไฟตูตูบัน	7.20
สถานีรถไฟต้นสำโรง	7.30
สถานีรถไฟถนนทรงพล	7.30
สถานีรถไฟถนนฟินเดอร์	7.50
สถานีรถไฟถนนไลม์ลิเวอร์พูล	7.50
สถานีรถไฟถ้ำกระแซ	7.30
สถานีรถไฟทะเลหว้า	7.30
สถานีรถไฟทับกฤช	7.10
สถานีรถไฟทับกวาง	7.20
สถานีรถไฟทับสะแก	7.20
สถานีรถไฟทาชมภู	7.10
สถานีรถไฟทานพอ	7.00
สถานีรถไฟที่วัง	7.10
สถานีรถไฟทุ่งคา	7.10
สถานีรถไฟทุ่งน้ำซึม	7.50
สถานีรถไฟทุ่งบัว	7.20
สถานีรถไฟทุ่งประดู่	7.50
สถานีรถไฟทุ่งมะเม่า	7.50
สถานีรถไฟทุ่งสีทอง	7.40
สถานีรถไฟท่าฉลอม	7.20
สถานีรถไฟท่าฉาง	7.10
สถานีรถไฟท่าชนะ	7.10
สถานีรถไฟท่าช้าง	7.20
สถานีรถไฟท่าทอง	7.10
สถานีรถไฟท่านาแล้ง	7.40
สถานีรถไฟท่าม่วง	7.20
สถานีรถไฟท่าสัก	7.10
สถานีรถไฟท่าฬอ	7.00
สถานีรถไฟท่าฬ่อ	7.10
สถานีรถไฟท่าอากาศยานคันไซ	7.50
สถานีรถไฟท่าอากาศยานนะริตะ	7.50
สถานีรถไฟท่าอากาศยานนาริตะ	7.50
สถานีรถไฟท่าอากาศยานฟูกูโอกะ	7.50
สถานีรถไฟท่าเรือ	7.20
สถานีรถไฟท่าเรือกันตัง	7.50
สถานีรถไฟท่าเรือน้อย	7.50
สถานีรถไฟท่าเรือแหลมฉบัง	7.50
สถานีรถไฟท่าเสา	7.10
สถานีรถไฟท่าแค	7.00
สถานีรถไฟท่าแฉลบ	7.20
สถานีรถไฟท่าแมงลัก	7.40
สถานีรถไฟธนบุรี	7.10
สถานีรถไฟนครชัยศรี	7.40
สถานีรถไฟนครชุมน์	7.30
สถานีรถไฟนครปฐม	7.10
สถานีรถไฟนครราชสีมา	7.50
สถานีรถไฟนครลำปาง	7.30
สถานีรถไฟนครศรีธรรมราช	7.50
สถานีรถไฟนครสวรรค์	7.40
สถานีรถไฟนครหลวงเวียงจันทน์	7.50
สถานีรถไฟนอวีซาด	7.20
สถานีรถไฟนะโงะยะ	7.20
สถานีรถไฟนางาซากิ	7.30
สถานีรถไฟนาชะอัง	7.20
สถานีรถไฟนาทา	6.90
สถานีรถไฟนาบอน	7.00
สถานีรถไฟนาปรือ	7.10
สถานีรถไฟนาป้อ	7.00
สถานีรถไฟนาผักขวง	7.30
สถานีรถไฟนาพู่	7.00
สถานีรถไฟนาม่วง	7.10
สถานีรถไฟนาสาร	7.00
สถานีรถไฟนาเอโบะ	7.20
สถานีรถไฟนาโงยะ	7.10
สถานีรถไฟนิกโก	7.00
สถานีรถไฟนิชิกิโอกะ	7.50
สถานีรถไฟนิปโปริ	7.20
สถานีรถไฟนิปโปะริ	7.30
สน.	5.00
สนามกีฬาแห่งชาติ	7.20
สนามบินน้ำ	6.60
สนามเป้า	6.40
สนามไชย	6.30
สนุ๊กเกอร์	3.10
สปริง	2.60
สปส.	4.00
สปสช.	4.10
สปอดูมีน	2.90
สปอต	1.00
สปอติฟาย	3.90
สปอตไลต์	2.90
สปอนเซอร์	3.00
สปอนเซอร์ชิป	3.30
สปอยล์	2.70
สปอยเลอร์	3.00
สปอร์	2.60
สปอร์ต	2.70
สปอร์ตยูทิลิตี้	4.10
สปอร์ตไรเดอร์	3.40
สปา	1.00
สปายแวร์	2.90
สปาร์กลิงวอเตอร์	4.20
สปาเกตตี	3.40
สปาเก็ตตี้	3.60
สปินเอาต์	3.00
สปิริต	2.70
สปิเนล	2.70
สปีด	1.00
สปีดโบต	2.80
สป็อต	2.60
สป็อตไลต์	3.00
สฟาเลอไรต์	3.10
สฟีน	2.50
สฟีโรโคบอลไทต์	3.50
สภ.	5.00
สภ.ต.	5.10
สภ.อ.	5.10
สภาทนายความ	4.20
สมชาย	2.10
สมรสเท่าเทียม	3.90
สมอ.	4.00
สมอลไทต์	2.90
สมาชิกวุฒิสภา	3.90
สมาชิกสภาผู้แทนราษฎร	4.50
สมาร์ต	3.20
สมาร์ตการ์ด	3.70
สมาร์ตคอนแทร็กต์	4.70
สมาร์ตวอตช์	3.70
สมาร์ตโฟน	3.50
สมาร์ทโฟน	3.50
สมิท	2.50
สมิทซอไนต์	3.10
สมูทตี้	3.30
สมูทที	2.70
สมูทโตะ	2.30
สมเด็จพระราชาคณะ	6.20
สมเด็จพระสังฆราช	6.20
สมเด็จพระเจ้าตากสิน	7.50
สมเด็จพุฒาจารย์โต	4.30
สยาม	1.00
สรงน้ำพระ	3.50
สลัด	1.00
สลัดบาร์	3.40
สลิป	1.00
สวดพระอภิธรรม	3.90
สวดอภิธรรม	3.60
สวรรคต	0.50
สวรรณคต	0.50
สวัสดิการถ้วนหน้า	4.30
สวิตช์	3.20
สวิตซ์	3.20
สวิฟท์	0.50
สวิสเซอร์แลนด์	3.50
สวีต	2.50
สสส	0.50
สสส.	4.00
สะพานกระจกจางเจียเจี้ย	6.00
สะพานกรุงธน	5.20
สะพานกรุงธนบุรี	5.60
สะพานกรุงเทพ	5.30
สะพานกลีนิคเคอ	5.50
สะพานกษัตริย์ศึก	5.70
สะพานกาญจนาภิเษก	5.70
สะพานกีซูนา	5.20
สะพานก๊น	4.90
สะพานขอม	4.90
สะพานขาดข้ามแม่น้ำยาลู่	6.00
สะพานขาว	4.90
สะพานขึง	4.90
สะพานขึงคู่ขนานพระรามเก้า	6.00
สะพานข้ามทะเลอ่าวหังโจว	6.00
สะพานข้ามอ่าวหังโจว	6.00
สะพานข้ามอ่าวหางโจว	6.00
สะพานควาย	6.50
สะพานตากสิน	6.70
สะพานนนทบุรี	5.30
สะพานนวลฉวี	5.20
สะพานนั่งเกล้า	7.00
สะพานพระนั่งเกล้า	7.30
สะพานพระปกเกล้า	5.60
สะพานพระปิ่นเกล้า	5.80
สะพานพระรามแปด	5.50
สะพานพุทธ	5.00
สะพานภูมิพล	5.20
สะพานใหม่	6.50
สะวันนา	2.80
สะเดาะเคราะห์	3.90
สักยันต์	3.40
สังกะสี	2.80
สัญญากู้ยืมเงิน	4.60
สัญญาจะซื้อจะขาย	4.70
สัญญาจ้างทำของ	4.50
สัญญาจ้างแรงงาน	4.60
สัญญาซื้อขาย	4.30
สัญญาซื้อขายล่วงหน้า	5.00
สัญญาเช่า	4.00
สับมาก	1.50
สับละเอียด	1.50
สัปดาห์	0.50
สัปดาห์น	0.50
สัมนา	0.50
สัมมนา	2.70
สัส	1.50
สั่งฟ้อง	3.90
สั่งไม่ฟ้อง	4.20
สาทรเหนือ	5.00
สาทรใต้	4.80
สาบสูญ	3.70
สาปสูญ	0.50
สามยอด	6.20
สามย่าน	6.30
สามัคคี	6.30
สามเสน	6.20
สามแยกบางใหญ่	6.90
สายมู	3.10
สายลวด	6.20
สายหยุด	6.30
สายเอเชีย	5.00
สายแลน	3.20
สารหนู	2.70
สาริกาลิ้นทอง	3.90
สาวดะเตะ	2.90
สำนักงานอัยการสูงสุด	6.50
สำโรง	6.10
สิทธิครอบครอง	4.40
สิทธิความเท่าเทียม	4.40
สิทธิชุมชน	3.60
สิทธิบัตรทอง	3.80
สิทธิพลเมือง	3.80
สิทธิมนุษยชน	3.80
สิทธิสตรี	3.50
สิทธิเรียกร้อง	4.50
สิทธิเสรีภาพ	3.80
สิทธิแรงงาน	3.70
สินทรัพย์	4.00
สินสมรส	3.80
สินส่วนตัว	4.10
สินเชื่อ	3.90
สินเชื่อบ้าน	4.30
สินเชื่อรถยนต์	4.50
สินเชื่อส่วนบุคคล	4.80
สินไหมทดแทน	4.20
สิรินธร	6.30
สิ่งแวดล้อม สังคม และบรรษัทภิบาล	4.50
สีขาว	2.10
สีดำ	2.00
สีผึ้ง	3.20
สีลม	1.00
สีสวย	2.10
สีส้ม	2.10
สีเขียว	2.30
สีแดง	2.10
สีใหม่	2.20
สืบพยาน	3.80
สืบพยานจำเลย	4.30
สืบพยานโจทก์	4.30
สุกี้ยากี้	3.60
สุขภาพดี	2.40
สุขุมวิท	6.40
สุดคุ้ม	2.30
สุดยอด	2.20
สุทธิสาร	6.40
สุรวงศ์	4.80
สุรศักดิ์	6.50
สุวรรณภูมิ	6.60
สุ่มกาชา	2.90
สูจิบัตร	0.50
สูตรใหม่	2.40
สูตินรีแพทย์	4.30
สูติบัตร	0.50
สู่ขวัญ	3.30
สู่ขิต	1.50
สเกต	1.00
สเกตช์	2.70
สเตจ	2.50
สเตชันแวกอน	3.70
สเตซี่	2.70
สเตซี่ย์	2.90
สเตนเลส	2.80
สเตนเลสสตีล	3.20
สเตป	2.50
สเตฟาไนต์	3.00
สเตย์	2.60
สเตรนไจต์	3.00
สเตร็ปโทค็อกคัส	3.60
สเตลเลอไรต์	3.20
สเตอรอล	2.80
สเตอร์มาไนต์	3.30
สเตโกซอรัส	3.10
สเต็ก	3.10
สเต็ป	2.60
สเต็มเซลล์	4.10
สเต๊ก	3.10
สเปก	1.00
สเปกตรัม	2.90
สเปกโทรสโกป	3.20
สเปค	1.00
สเปรย์	2.70
สเปสซาร์ทีน	3.20
สเปสซาร์ไทต์	3.30
สเปอร์ริไลต์	3.30
สเปอร์ไรต์	3.10
สเป็ก	2.60
สเป็ค	2.60
สเมกไทต์	2.90
สเมอนอฟ	0.50
สเลต	2.50
สเวต	2.50
สเวตเตอร์	3.00
สแกน	1.00
สแกนสมอง	3.90
สแกนเดียม	3.00
สแกนเนอร์	3.00
สแกมเมอร์	3.00
สแกโพไลต์	3.00
สแคร์โคร์ว	3.10
สแควร์รูต	3.00
สแตนดาร์ด	3.00
สแตนดี	2.70
สแตนด์	2.70
สแตนเดิร์ด	3.10
สแตนไนต์	2.90
สแตฟ	2.50
สแตมป์	2.70
สแนป	2.50
สแปนโกไลต์	3.10
สแปม	1.00
สแล็ก	2.60
สแวนเบอร์ไจต์	3.40
สโตน	1.00
สโตรโบสโคป	3.10
สโนว์บอร์ด	3.10
สไกป์	2.60
สไตลิสต์	2.90
สไตล์	2.60
สไปก์	2.60
สไปซี	2.60
สไปรต์	3.20
สไปโนซอรัส	3.10
สไลซ์	2.60
สไลด์	2.60
ส่วนของผู้ถือหุ้น	4.80
ส่วนบัตร	2.40
ส่วนลด	2.70
หงษ์ทอง	2.30
หงส์ทอง	2.30
หนี้	1.00
หนี้ครัวเรือน	4.40
หนี้สาธารณะ	4.20
หนี้สิน	3.80
หนี้เสีย	3.90
หน้าชา	1.50
หน้าร้าน	2.40
หมดเขต	2.20
หมอชิต	6.20
หมอแสง	2.20
หมากทุย	3.30
หมายค้น	3.80
หมายจับ	3.80
หมายเรียก	4.00
หมูกะทะ	0.50
หม่อมราชวงศ์	5.80
หม่อมหลวง	5.50
หม่อมเจ้า	5.50
หยก	1.00
หยอด	1.00
หยากใย่	0.50
หยากไย่	0.50
หยุดกี่โมง	1.50
หลงใหล	0.50
หลงไหล	0.50
หลวงปู่ทวด	3.60
หลวงปู่ศุข	3.60
หลวงปู่โต๊ะ	3.70
หลวงพ่อคูณ	3.60
หลวงพ่อทวด	3.60
หลวงพ่อเกษม	3.70
หลวงพ่อเงิน	3.70
หลวงพ่อเดิม	3.70
หลวงพ่อโต	3.50
หลวงพ่อโสธร	3.70
หลอดเลือด	3.00
หลอดเลือดสมอง	4.40
หลักทรัพย์ประกัน	4.70
หลักประกัน	4.10
หลักประกันสุขภาพถ้วนหน้า	4.50
หลักสอง	6.30
หลักสี่	6.30
หลักหก	6.20
หลานหลวง	4.90
หลุดสปอยล์	3.10
หลุดเรท	2.80
หลุมฝังกลบขยะ	3.90
หลุยส์	2.70
หล่อเท่	1.50
หวีด	1.00
หว่านล้อม	0.50
หอบหืด	3.70
หอผู้ป่วย	4.00
หักเกราะ	2.90
หัวจะปวด	1.50
หัวชาร์จ	3.40
หัวร้อน	2.80
หัวลำโพง	6.40
หัวหมาก	6.30
หัวใจวาย	3.90
หัวใจเต้นผิดจังหวะ	4.90
หิวววว	0.50
หึหึ	2.00
หือออ	0.50
หุหุ	1.50
หุ่นดี	2.20
หุ้น	1.00
หุ้นกู้	3.80
หุ้นบุริมสิทธิ	4.50
หุ้นสามัญ	4.00
ห้วยขวาง	6.40
ห้องฉุกเฉิน	4.20
ห้องพัก	2.30
ห้าแยกลาดพร้าว	7.00
องศาเซลเซียส	4.80
อนาคอนดา	2.90
อนาล็อก	3.30
อนิเมะ	2.70
อนุญาต	0.50
อนุญาติ	0.50
อนุพันธ์	3.90
อนุมัต	0.50
อนุมัติ	0.50
อนุสาวรีย์ชัยสมรภูมิ	7.50
อบจ.	5.00
อบต.	5.00
อภิปรายทั่วไป	3.90
อภิปรายไม่ไว้วางใจ	4.40
อย	1.50
อย.	4.00
อยากกก	0.50
อยากได้	2.30
อย่าขิง	1.50
อร่อยมาก	2.40
อลิซ	2.50
อลิซาเบธ	2.90
อลิส	2.50
อลิสซาเบธ	3.00
อลิสัน	2.70
อวทาร์	2.70
อวยยศ	1.50
อวยเรือ	2.80
อสส.	5.00
อห	1.50
ออกซิเจน	2.90
ออกซิเจนในเลือด	4.60
ออกซิเดชัน	3.10
ออกพรรษา	3.40
ออกไซด์	2.80
ออตเทรไลต์	3.10
ออตโต	2.60
ออตโต้ทรี	3.50
ออทิสติก	3.90
ออทูไนต์	2.90
ออนซอน	1.50
ออนซ์	2.60
ออนไลน์	3.30
ออบเจกต์	3.40
ออปชัน	3.70
ออปติซอร์บ	3.10
ออฟฟิซ	2.70
ออฟฟิต	0.50
ออฟฟิศ	2.70
ออฟเฟรไทต์	3.10
ออฟเลน	2.70
ออฟไลน์	2.80
ออมฟาไซต์	3.00
ออราเคิล	2.90
ออริคาลไซต์	3.20
ออร์กาไนเซอร์	3.40
ออร์บิต	2.80
ออร์พิเมนต์	3.20
ออร์เซไลต์	3.10
ออร์เดอร์	3.00
ออร์แกนิก	3.00
ออร์แกนิค	3.00
ออร์แกไนเซอร์	3.40
ออร์โทเคลส	3.10
ออร์ไทต์	2.90
ออล	1.50
ออลดริน	2.80
ออสทิไนต์	3.00
ออสบอร์ไนต์	3.20
ออสเมียม	2.90
ออเจไลต์	2.90
ออโต	3.00
ออโต้แอตแทก	3.20
ออไจต์	2.70
อะกัลมาโทไลต์	3.40
อะคริลิก	2.90
อะความารีน	3.10
อะซิงโครนัส	3.70
อะซูร์มาลาไคต์	3.50
อะซูไรต์	2.90
อะดรีนัล	2.90
อะดรีนาลิน	3.10
อะดอนิส	2.80
อะดูลาเรีย	3.10
อะตอม	2.60
อะทาคาไมต์	3.10
อะนอร์โทเคลส	3.30
อะนอร์ไทต์	3.10
อะนาลไซต์	3.00
อะนาลไซม์	3.00
อะนาเทส	2.80
อะนิว	2.60
อะนีเมีย	2.90
อะนู	2.50
อะพาร์ตเมนต์	3.30
อะพาไทต์	2.90
อะมีบา	2.70
อะม็อกซิซิลลิน	3.50
อะม็อกซีซิลลิน	4.50
อะราบิกา	2.90
อะราโกไนต์	3.10
อะลอง	2.60
อะลัม	2.60
อะลาบาสเตอร์	3.30
อะลาแบนไดต์	3.20
อะลูมิเนียม	3.20
อะลูไนต์	2.90
อะเกต	2.60
อะเซทิลีน	3.00
อะเดล	2.60
อะเมซิง	2.80
อะเมริเซียม	3.20
อะเลกซานไดรต์	3.40
อะเวนจูรีน	3.10
อะแควเรียม	3.10
อะแควเรียส	3.10
อะแด็ปเตอร์	3.20
อะแพชี	2.70
อะแพโทซอรัส	3.20
อะแมลกัม	2.90
อะโกโกเบล	3.00
อะโครไอต์	3.00
อะโซโพรไอต์	3.20
อะโดนิส	2.80
อะโดบี	2.70
อะโพฟิลไลต์	3.20
อะโรมา	2.70
อะโลน	2.60
อะไรส์	2.70
อังสตรอม	2.90
อัณฑะ	3.60
อัตราดอกเบี้ย	4.40
อัตราผลตอบแทน	4.40
อัตราสิ้นเปลือง	4.10
อัตราเงินเฟ้อ	4.40
อัธยาศัย	0.50
อัธยาศัยล์	0.50
อันนี้	2.20
อัปเกรด	3.30
อัปเดต	3.20
อัปโหลด	3.30
อัพ	0.50
อัพเกรด	2.80
อัพเดต	2.70
อัพเดท	2.70
อัพโหลด	2.80
อัยการสูงสุด	4.30
อัลกอริทึม	3.60
อัลกอริทึ่ม	3.70
อัลคาไลน์	3.00
อัลตราซาวด์	4.20
อัลตราซาวนด์	3.30
อัลตราไวโอเลต	3.40
อัลตร้า	2.30
อัลตร้าไวด์	3.20
อัลติ	2.60
อัลติส	3.20
อัลติเมต	2.90
อัลทิมา	3.30
อัลบั้ม	2.80
อัลปากา	2.80
อัลฟาร์ด	3.40
อัลฟ่า	2.70
อัลลอย	2.70
อัลล์มันไนต์	3.30
อัลเบิร์ดไอน์สไตน์	3.90
อัลเมร่า	3.40
อัสกี	3.10
อาการ์	2.70
อาควา	2.60
อาซาร์	2.70
อาญาแผ่นดิน	4.20
อาบิเกล	2.80
อาฟเตอร์	2.90
อามอนด์	2.80
อายัด	3.60
อายุความ	3.90
อายุรแพทย์	4.10
อารบิก	2.70
อารีย์	6.20
อาร์ก	2.60
อาร์กติก	2.90
อาร์กอน	2.80
อาร์คีอ็อปส์เทริกซ์	4.00
อาร์จิโรไดต์	3.30
อาร์ต	2.60
อาร์ท	2.10
อาร์ทิไนต์	3.10
อาร์ฟเวดโซไนต์	3.50
อาร์ม	2.60
อาร์มิเจอร์	3.20
อาร์มแชร์	3.00
อาร์สยาม	2.40
อาร์เคน	2.80
อาร์เจนโทไพไรต์	3.60
อาร์เจนไทต์	3.20
อาร์เซนต์ซูเมไบต์	3.80
อาร์เซนัล	3.00
อาร์เซนิก	3.00
อาร์เซโนไพไรต์	3.50
อาร์เซโนไลต์	3.30
อาร์เทอไรต์	3.20
อาร์เมอร์	3.00
อาร์แคไนต์	3.10
อาร์โก	2.70
อาร์โกต์	2.90
อาลดริน	2.80
อาลมอนด์	2.90
อาลาการ์ต	3.00
อาเซติคแอนไฮไดรด์	3.80
อาเซติลคลอไรด์	3.50
อาเซียน	5.30
อาเมน	2.60
อาเรีย	2.70
อาแคนไทต์	3.00
อาแรบิกา	2.90
อาโวคาโด	3.40
อิกซิโอไลต์	3.20
อิกวานา	2.80
อิกวาโนดอน	3.10
อิดดิงไซต์	3.10
อิดอก	1.50
อิดิชัน	2.80
อิดิชั่น	2.40
อิตเทรียม	3.00
อิตเทอร์เบียม	3.40
อิตโทรแทนทาไลต์	3.60
อิน	1.00
อินจอย	2.70
อินซูลิน	2.90
อินดัสตรี	3.00
อินดิเคเตอร์	3.30
อินดิโกไลต์	3.20
อินดิโคไลต์	3.20
อินทราเน็ต	3.10
อินบอกซ์	2.90
อินบ็อกซ์	3.00
อินฟราเรด	3.00
อินฟลูเอนเซอร์	3.50
อินมาก	1.50
อินสตาแกรม	3.10
อินเดอร์บอไรต์	3.50
อินเดอไรต์	3.10
อินเดียม	2.90
อินเตอร์คอม	3.20
อินเตอร์เน็ต	3.30
อินเตอร์เฟส	3.20
อินเทล	2.70
อินเทอร์พรีเตอร์	4.20
อินเทอร์เน็ต	3.80
อินเทอร์เน็ตแบงก์กิ้ง	5.00
อินเทอร์เฟซ	3.70
อินเนอร์	2.90
อินโฟกราฟิก	3.20
อินโยไอต์	3.00
อิมพัลส์	2.90
อิมมิวโนโกลบิวลิน	3.80
อิมัลชัน	2.90
อิมเมจ	2.70
อิมแพค	2.20
อิมแพ็คเมืองทองธานี	7.50
อิริเดียม	3.00
อิลวาไอต์	3.00
อิลเมไนต์	3.00
อิลไลต์	2.80
อิสรภาพ	6.30
อิสัส	1.50
อิหม่าม	2.80
อิอิ	2.00
อิอิอิ	2.20
อิเซไก	2.70
อิเนไซต์	2.90
อิเล็กตรอน	3.10
อิเล็กทรอนิกส์	3.50
อิเล็กโทน	3.00
อิเล็คทรอนิกส์	3.50
อิเวง	2.10
อิเวนต์	2.80
อิเหี้ย	1.50
อิแลสโมซอรัส	3.30
อีกด้วย	2.30
อีควาย	1.50
อีคอมเมิร์ซ	3.20
อีจิรีน	2.80
อีจิส	2.60
อีจิไรต์	2.90
อีดอก	2.10
อีนาร์ไกต์	3.10
อีบุ๊ก	2.70
อีริโทรไมซิน	3.30
อีริโอไนต์	3.10
อีริไทรต์	3.00
อีสปอร์ต	2.90
อีสัส	1.50
อีสเตอร์	2.90
อีออน	2.60
อีเดไนต์	2.90
อีเทอร์	2.80
อีเธอเรียม	4.10
อีเบย์	2.70
อีเมล	3.10
อีเมลล์	2.80
อีเมล์	2.70
อีเลกทรัม	3.00
อีเลิร์นนิง	3.20
อีเวนต์	2.80
อีเหี้ย	1.50
อีเอสจี	3.30
อีแมกะซีน	3.00
อีโอสฟอไรต์	3.20
อืม	1.50
อุดมสุข	6.30
อุด้ง	3.10
อุทธรณ์	3.80
อุทิศส่วนกุศล	3.90
อุบลฯ	2.10
อุปสมบท	3.30
อูบุนตู	2.80
อูราลบอไรต์	3.20
อูราไลต์	2.90
อูวาโรไวต์	3.10
อเดลล์	2.70
อเมซอน	3.70
อเมริกันฟุตบอล	3.50
อเมริกาโน	3.50
อเมร่า	2.20
อโดบี	2.60
อโศก	1.00
อ็อปชัน	2.80
อ่อ	1.50
อ่อนนุช	6.30
อ่ะ	1.50
อ้ะ	1.50
ฮวงจุ้ย	3.30
ฮอกกี้	2.70
ฮอดจ์คินซอไนต์	3.50
ฮอตพอต	2.20
ฮอตสปอต	3.30
ฮอทดอก	3.20
ฮอป	1.50
ฮอยน์	2.60
ฮอยไนต์	2.80
ฮอร์นเบลนด์	3.20
ฮอร์โมน	2.80
ฮอลลีวูด	2.90
ฮอลล์	2.10
ฮอลันดา	2.80
ฮอลแลนด์	2.90
ฮอลแลนไดต์	3.10
ฮอโลแกรม	2.90
ฮันนีมูน	2.90
ฮันนี่โทสต์	3.70
ฮันไทต์	2.80
ฮับ	1.00
ฮัสบันโดะ	3.00
ฮัสเซียม	2.90
ฮั่น	1.00
ฮาร์ดดิสก์	3.60
ฮาร์ดิสโทไนต์	3.40
ฮาร์ดแวร์	3.50
ฮาร์ดไดรฟ์	3.60
ฮาร์ต	2.60
ฮาร์โมโทม	3.00
ฮาลลอยไซต์	3.10
ฮาลโลวีน	2.90
ฮาวาย	2.60
ฮาวาล	3.10
ฮาวาลเอชหก	3.60
ฮาวาลโจไลออน	3.80
ฮาวไลต์	2.80
ฮาห์เนียม	3.00
ฮาเร็ม	2.70
ฮาโรลด์	2.80
ฮาโลวีน	2.80
ฮิดเดไนต์	3.00
ฮินส์ดาไลต์	3.20
ฮิปฮอป	2.70
ฮิปโปโปเตมัส	3.30
ฮิพฮอพ	2.70
ฮิวแลนไดต์	3.10
ฮิวโรไลต์	3.00
ฮิวไมต์	2.80
ฮิสทรี	2.70
ฮิสทีเรีย	3.00
ฮีมาทีน	2.80
ฮีมาไทต์	2.90
ฮีล	1.50
ฮีลิโอโทรป	3.10
ฮีเซลวูไดต์	3.20
ฮีเลียม	2.80
ฮีเวลไลต์	3.00
ฮีโร	2.50
ฮืออ	0.50
ฮือออ	0.50
ฮืออออ	0.50
ฮือออออ	0.50
ฮ่า	1.50
ุโพสต์	2.70
เกตเวย์	2.80
เกม	1.00
เกมกระดาน	3.00
เกมมิ่ง	2.80
เกมส์	3.10
เกมเพลย์	2.90
เกมโชว์	3.30
เกย์ลุสไซต์	3.20
เกราไทต์	2.90
เกรแฮม	2.70
เกลาเบอไรต์	3.20
เกลือ	2.60
เกษียณ	0.50
เกษียน	0.50
เกอร์สดอร์ฟไฟต์	3.60
เกอไทต์	2.80
เกาต์	2.60
เกาลิน	2.70
เกิดใหม่ต่างโลก	3.60
เกินต้าน	1.50
เกียร์	5.70
เกี๊ยวซ่า	3.50
เขตเลือกตั้ง	3.80
เข้าพรรษา	3.50
เข้าไป	2.20
เคจ	1.50
เคซีน	2.60
เคน	1.00
เคบับ	3.10
เคป	1.50
เคป๊อป	2.70
เคพอน	2.60
เคฟ	1.50
เคมีบำบัด	4.00
เคร	1.50
เครดิต	2.70
เครดิตบูโร	4.10
เครนเนอไรต์	3.20
เคราเวย์	2.90
เคร์ริจ	2.80
เคร์รี	2.70
เคร์เรียน	3.00
เคร์เรียร์	3.10
เคลนส์	2.70
เคลนเซอร์	3.00
เคลฟ	2.50
เคลม	1.00
เคลย์	2.60
เคลย์มอร์	3.00
เคลริก	2.70
เคลอร์จี	2.90
เคลิร์ก	2.80
เคลี	2.50
เคลียร์	2.80
เควสต์	2.70
เคส	1.00
เคอร์ซูไทต์	3.20
เคอร์ฟิว	2.90
เคอร์มิไซต์	3.20
เคอร์เซอร์	3.10
เคอร์เนล	2.90
เคอร์ไนต์	3.00
เคออติก	2.80
เคออส	2.60
เคอเรียร์	3.00
เคานต์ดาวน์	3.20
เคาน์เตอร์	3.10
เคเดอร์	2.80
เคเตอริง	2.90
เคเตอร์	2.80
เคเบอร์	2.80
เคเบิล	2.70
เคโอลิไนต์	3.10
เคไนน์	2.70
เค้ก	1.00
เงิน	1.00
เงินกู้	3.80
เงินด่วน	3.90
เงินต้น	3.80
เงินบำนาญ	4.00
เงินบำเหน็จ	4.20
เงินปันผล	4.00
เงินฝากประจำ	4.30
เงินฝากออมทรัพย์	4.70
เงินอุดหนุนเด็กแรกเกิด	4.50
เงินเฟ้อ	3.90
เจด	1.50
เจดา	2.50
เจดีย์ทราย	3.60
เจตนา	3.60
เจนนิเฟอร์	3.10
เจนีวา	6.20
เจนเทิล	2.30
เจมซอไนต์	3.00
เจริญกรุง	5.00
เจริญนคร	6.40
เจอกัน	2.20
เจอร์เบรา	3.00
เจอร์เมเนียม	3.30
เจาะเลือด	4.00
เจเนอเรชัน	3.10
เจไดต์	2.70
เจ้าที่เจ้าทาง	4.00
เจ้าพนักงานบังคับคดี	5.00
เจ้าพนักงานพิทักษ์ทรัพย์	5.00
เจ้าแม่กวนอิม	3.90
เฉดสี	2.10
เชงเดไอต์	3.00
เชดดาร์ชีส	3.60
เชน	1.00
เชนจ์	2.60
เชนซอว์	2.80
เชฟ	1.00
เชฟรอน	2.70
เชฟโรเลต	2.90
เชมเบอร์	2.90
เชรับ	2.60
เชริช	2.60
เชริตี	2.70
เชริล	2.60
เชร์รี	2.70
เชลซี	2.60
เชลฟ์	2.60
เชลแล็ก	2.80
เชลโล	2.60
เชส	1.50
เชสซิไลต์	3.00
เชสต์	2.60
เชสต์นัต	2.90
เชสนัต	2.70
เชสเตอร์	2.90
เชอนีล	2.70
เชอรี่	2.70
เชอร์ชิลล์	3.10
เชอร์มาไคต์	3.20
เชอร์รี่	2.90
เชอร์เบต	2.90
เชอร์ไชต์	3.00
เชิร์ช	2.70
เชิร์ต	2.70
เชิร์น	2.70
เชิร์ป	2.70
เชิ้ต	2.60
เชียร์	2.70
เชียร์ลีดเดอร์	3.50
เชเรียต	2.80
เช็ก	1.00
เช็กลิสต์	3.00
เช็กอิน	2.80
เช็กเมต	2.80
เช็ค	1.00
เช็คเงินสด	4.10
เซต	1.00
เซนติกรัม	3.00
เซนติพีด	2.90
เซนติลิตร	3.00
เซนติเกรด	3.00
เซนติเมตร	4.50
เซนต์	2.60
เซนทรัม	2.80
เซนทรัล	2.80
เซนทริโน	2.90
เซนทอร์	2.80
เซนาร์มอนไทต์	3.40
เซนเชอรี	2.90
เซนเซอร์	3.40
เซนเซอร์ถอย	3.70
เซนเตอร์	2.90
เซนเฟลไดต์	3.10
เซฟ	1.00
เซย์ยู	2.70
เซรัฟ	2.60
เซรัสไซต์	3.00
เซรามิก	2.80
เซราร์จีไรต์	3.30
เซราโทซอรัส	3.20
เซริโมนี	2.90
เซริไซต์	2.90
เซล	1.50
เซลฟี	2.60
เซลฟี่	2.70
เซลลูลอยด์	3.10
เซลลูโลส	2.90
เซลล์	2.60
เซลส์	2.60
เซลาโดไนต์	3.10
เซลเซียส	2.90
เซลเลไอต์	3.00
เซอรูเลียน	3.10
เซอร์คลิต	3.00
เซอร์คอน	2.90
เซอร์คัส	2.90
เซอร์ซี	2.80
เซอร์ทิฟิเคต	3.30
เซอร์ทิฟิเคิต	3.40
เซอร์เคล็ต	3.10
เซอร์เคิล	3.00
เซอร์เคเดียน	3.30
เซอร์เบอรัส	3.20
เซอร์เพนทีน	3.20
เซอร์โคเนีย	3.20
เซอร์โคเนียม	3.30
เซอร์ไพรส์	3.10
เซอแรนไดต์	3.10
เซานา	2.60
เซิร์ก	2.70
เซิร์ช	2.70
เซิร์ชชิง	3.00
เซิร์ฟเวอร์	3.70
เซิร์ลไซต์	3.10
เซียนนา	2.80
เซียเรียล	3.50
เซเน็น	2.70
เซเลบ	2.60
เซเลสไทต์	3.00
เซเลอรี	2.80
เซเลไนต์	2.90
เซเว่นอัพ	3.50
เซเว่นอีเลฟเว่น	4.60
เซ็กซี่	2.80
เซ็กซ์	2.70
เซ็กส์	2.70
เซ็น	1.00
เซ็นชื่อ	0.50
เซ็นต์	0.50
เซ็นต์ชื่อ	0.50
เซ็นเซอร์	3.50
เดกซ์โทรส	3.00
เดซิลิตร	2.90
เดซิเมตร	2.90
เดดไลน์	2.80
เดต	1.50
เดนมาร์ก	6.40
เดบิวต์	2.80
เดฟออปส์	3.40
เดฟี	3.50
เดย์	1.00
เดรสซิ่ง	3.40
เดลล์	3.60
เดลิเวอรี	3.00
เดสก์ท็อป	3.00
เดสเซิร์ต	3.50
เดส์	2.50
เดอะซีรี่ส์	3.20
เดอะเดลีเมลล์	3.40
เดเบียน	2.80
เดโม	1.00
เด็กชาย	5.30
เด็กหญิง	5.40
เต็นท์	2.70
เต็มคาราเบล	1.50
เต้นท์	0.50
เต๊าะ	1.50
เทก	1.50
เทกนิค	2.70
เทกแคร์	2.80
เทกโอเวอร์	3.10
เทคนิก	2.70
เทคนิค	2.70
เทคนิเกิลน็อกเอาต์	3.90
เทคนีเชียม	3.10
เทคโนโลยี	3.00
เททราฮีไดรต์	3.30
เทนนิส	2.70
เทนอไรต์	2.90
เทนาร์ไดต์	3.10
เทนิโอไลต์	3.10
เทนเซ็นต์	3.00
เทนแนนไทต์	3.10
เทป	1.00
เทพรัตน	4.80
เทพารักษ์	6.50
เทมปุระ	3.30
เทมเพลต	2.80
เทมเพล็ต	2.90
เทรด	1.00
เทรน	1.00
เทรนด์	2.70
เทรนนิ่ง	2.90
เทรนเนอร์	3.00
เทรลเลอร์	3.00
เทระไบต์	3.40
เทรุกไกต์	3.00
เทรโมไลต์	3.00
เทลลูเรียม	3.10
เทศกาลกินเจ	3.70
เทศกาลถือศีลกินผัก	4.40
เทอม	1.00
เทอร์คอยส์	3.10
เทอร์รา	2.30
เทอร์เบียม	3.10
เทอร์โมมิเตอร์	3.50
เทอร์โมเนไทรต์	3.50
เทอร์โมไดนามิกส์	3.70
เทามาไซต์	3.00
เทียน่า	2.30
เทเลโฟโต้	3.00
เทแรโนดอน	3.00
เธียเตอร์	3.00
เนกเคดไบค์	3.10
เนกไท	2.60
เนคเทค	2.70
เนตบอล	2.70
เนติบัณฑิต	4.10
เนติบัณฑิตยสภา	4.50
เนต้า	3.10
เนต้าวี	3.30
เนต้าเอ็กซ์	3.70
เนทรอน	2.70
เนนโดรอยด์	3.10
เนบิวลา	2.80
เนปจูน	2.70
เนปทูเนียม	3.10
เนปทูไนต์	3.00
เนฟิลีน	2.80
เนยแข็ง	3.30
เนวาด้า	2.30
เนสควิโฮไนต์	3.30
เนาะ	2.00
เนิร์ฟ	2.70
เนิร์สเซอรี	3.20
เนียไลต์	2.90
เนี่ย	2.10
เนเชอร์	2.80
เนเชอร์สมูท	3.20
เนเธอร์แลนด์	6.80
เนโทรไลต์	3.00
เนไครต์	2.80
เนไฟรต์	2.80
เน็กไท	2.70
เน็ตซีโร่	3.50
เน็ตบุ๊ก	2.90
เน็ตเวิร์ก	3.60
เน็ตไอดอล	3.00
เบก	1.50
เบกเกอร์	2.90
เบคอน	3.10
เบจ	1.50
เบซัล	2.60
เบซิน	2.60
เบซิล	2.60
เบซิส	2.60
เบญจภาคี	3.40
เบญจเพศ	0.50
เบญจเพส	0.50
เบด	1.50
เบดรุม	2.70
เบดรูม	2.70
เบดร็อก	2.80
เบต	1.50
เบตา	1.00
เบตาดีน	2.80
เบต้า	2.60
เบน	1.00
เบนช์	2.60
เบนช์มาร์ก	3.10
เบนซีน	2.70
เบนด์	2.60
เบนสตอไนต์	3.10
เบนิดิกต์	3.00
เบนิฟิต	2.80
เบนิโทไอต์	3.10
เบบี	2.50
เบย์	2.50
เบย์ลโดไนต์	3.20
เบรก	1.00
เบรกดานซ์	3.00
เบรกดาวน์	3.00
เบรกอัตโนมัติ	3.90
เบรกแดนซ์	3.00
เบรค	1.00
เบรซ	2.50
เบรด	3.00
เบรดไลน์	2.90
เบรน	2.50
เบรนสตอร์ม	3.10
เบรฟ	2.50
เบรสต์	2.70
เบระคูดา	2.90
เบราว์เซอร์	3.70
เบราเซอร์	3.50
เบราไนต์	2.90
เบริง	2.60
เบริล	2.60
เบริลเลียม	3.10
เบริลโลไนต์	3.20
เบรี	2.50
เบร์	2.50
เบร์ฟุต	2.80
เบร์รี	3.20
เบร์รีมอร์	3.10
เบร์ฮัก	2.80
เบร์แบ็ก	2.90
เบร์โรว์	2.90
เบล	1.50
เบลช์	2.60
เบลซ	2.50
เบลด	2.50
เบลต์	2.60
เบลน	2.00
เบลนช์	2.70
เบลนด์	2.70
เบลนเดอร์	3.00
เบลบอย	2.70
เบลม	2.50
เบลลี	2.60
เบลส	2.50
เบลสซิง	2.80
เบลอร์	2.70
เบลาส์	2.70
เบลูกา	2.70
เบลเซอร์	2.90
เบลเยียม	6.40
เบลเยี่ยม	3.00
เบลโลว์	2.80
เบส	1.00
เบสต์	2.60
เบสต์เซลเลอร์	3.40
เบสบอล	2.70
เบสิก	2.60
เบสเมนต์	2.90
เบสไลน์	2.80
เบอร์คีเลียม	3.30
เบอร์ซาร์	3.00
เบอร์ดี	2.80
เบอร์ตี้	2.90
เบอร์ทิไรต์	3.20
เบอร์นิช	2.90
เบอร์มงคล	3.50
เบอร์มิวดา	6.60
เบอร์ลิไนต์	3.20
เบอร์เกอร์	3.60
เบอร์เกอไรต์	3.30
เบอร์เซิร์ก	3.20
เบอร์เดนไทต์	3.30
เบอร์เนสไซต์	3.30
เบอร์แทรนไดต์	3.40
เบอร์แบนไคต์	3.30
เบอร์ไคต์	3.00
เบอลูกา	2.80
เบอห์ไมต์	3.00
เบอเราไนต์	3.10
เบาต์	2.60
เบานซ์	2.70
เบาหวาน	3.80
เบิร์ช	2.70
เบิร์ด	2.70
เบิร์ดซอง	3.00
เบิร์ทเดย์	3.10
เบิร์น	2.70
เบิร์นเนอร์	3.20
เบิร์นเอาต์	3.20
เบิร์ป	2.70
เบิสต์	2.70
เบียร์	3.20
เบียร์ด	2.80
เบียร์สด	2.40
เบียว	1.50
เบียวมาก	1.50
เบี้ยประกัน	4.20
เบี้ยยังชีพผู้สูงอายุ	4.50
เบี้ยหวัด	4.00
เบี้ยแก้	3.40
เบเกอรี	2.80
เบเกิล	3.20
เบเคอไรต์	3.00
เบเนดิกต์	3.00
เบเนฟิต	2.80
เบโอแบบ	2.80
เบ็ก	2.50
เบ็กคัม	2.80
เบ็กเคอเรล	3.10
เบ็ต	2.50
เบ็ตเตอร์	3.00
เปอร์เซ็นต์	4.70
เปิดวาร์ป	1.50
เป็ปซี่	2.80
เป๊ก	1.00
เป๊ปซี่	2.80
เผด็จการ	3.40
เผยโฉม	2.20
เพกทิน	2.70
เพกโทไลต์	3.00
เพชรบุรี	8.40
เพชรบุรีตัดใหม่	5.60
เพชรเกษม	4.90
เพชรเกษม48	6.60
เพทาไลต์	2.90
เพนต์เฮาส์	3.10
เพนต์แลนไดต์	3.30
เพนนิไนต์	3.00
เพนิซิลลิน	3.10
เพนเทียม	2.90
เพรซีโอดิเมียม	3.50
เพรส	1.00
เพราะว่า	2.40
เพริดอต	2.80
เพริเคลส	2.90
เพรเมียร์	3.00
เพลซ	1.00
เพลย์	2.60
เพลินจิต	6.40
เพลเยอร์	2.90
เพสโต้	3.20
เพอรอฟสไกต์	3.20
เพอร์พูไรต์	3.20
เพอร์เฟกชันนิสต์	3.70
เพอร์เฟกต์	3.10
เพอร์เฟ็กชันนิสต์	3.80
เพอร์เฟ็กต์	3.20
เพอร์ไทต์	3.00
เพาเวลไลต์	3.10
เพิกถอนสิทธิ	4.30
เพิ่มอีก	2.40
เพียร์ทูเพียร์	3.50
เพื่อไทย	4.40
เพเลคานิไมมัส	3.40
เฟซบุค	2.70
เฟซบุ๊ก	3.80
เฟนไกต์	2.80
เฟรนช์ฟราย	3.60
เฟรนช์ฟรายส์	3.80
เฟรนด์	2.70
เฟรมเรต	2.80
เฟรมเวิร์ก	3.60
เฟรมเวิร์ค	3.10
เฟร์โรนาไทรต์	3.40
เฟร์โรอีเดไนต์	3.50
เฟร์โรเกลาโคเฟน	3.60
เฟลด์สปาทอยด์	3.40
เฟลด์สปาร์	3.10
เฟสบุค	2.70
เฟสบุ๊ก	2.80
เฟสบุ๊ค	2.80
เฟอร์กูซอไนต์	3.40
เฟอร์นิเจอร์	3.30
เฟอร์นิเชอร์	3.30
เฟอร์รารี่	3.10
เฟอร์เบอไรต์	3.30
เฟอร์เมียม	3.10
เฟอร์ไรต์	3.00
เฟาจาไซต์	3.00
เฟิน	1.00
เฟิร์น	2.70
เฟิร์มแวร์	3.60
เฟเนไคต์	2.90
เม.ย.	7.10
เมกอัป	2.70
เมกอัพ	2.70
เมกะเฮิรตซ์	3.20
เมกะไบต์	3.40
เมกเกอร์	2.90
เมคอัพ	2.70
เมดคาเฟ่	2.90
เมตร	1.00
เมตริก	2.70
เมตริกตัน	3.00
เมตา	2.50
เมตาเวิร์ส	3.60
เมทาซูเนอไรต์	3.40
เมทาทอร์เบอร์ไนต์	3.80
เมทานอล	2.80
เมทาวาริสไซต์	3.40
เมทาออทูไนต์	3.30
เมทาเเองโคลีไอต์	3.70
เมทิลแอลกอฮอล์	3.50
เมนทอล	2.70
เมนบอร์ด	3.40
เมนู	1.00
เมนเดลีเวียม	3.30
เมนเฟรน	2.80
เมนโดไซต์	3.00
เมย์เดย์	2.90
เมล	1.00
เมลาโนโฟลไกต์	3.40
เมลาไนต์	2.90
เมลิซ่า	2.80
เมลิฟาไนต์	3.10
เมลิสซ่า	2.90
เมลิเฟน	2.80
เมลิโนเฟน	3.00
เมลิไลต์	2.90
เมสเซจ	2.70
เมอร์คิวรี	3.10
เมอร์มาไนต์	3.20
เมะ	1.00
เมาท์	2.60
เมาส์	2.60
เมาเชอร์ไรต์	3.30
เมิร์จ	2.70
เมืองทองธานี	6.80
เมเนกิไนต์	3.10
เมแลนเทอไรต์	3.30
เมโซไลต์	2.90
เยซู	1.00
เยลลี	2.60
เยลลี่	2.70
เยสเข้	1.50
เยอรมนี	6.30
เยอะมาก	2.30
เยาวราช	4.80
เรซ	1.50
เรซซิง	2.70
เรด	1.50
เรดอน	2.60
เรดาร์	3.20
เรดแฮท	2.70
เรตติ้ง	2.80
เรนเจอร์	3.40
เรฟลอน	2.20
เรย์เทรซซิ่ง	3.30
เราเตอร์	3.40
เรินต์เกเนียม	3.40
เรือหลวง	2.90
เรือแล่น	2.90
เรเดียม	2.80
เรเนียไรต์	3.10
เรโซลูชัน	3.50
เรไอต์	2.70
เลคอนไทต์	3.00
เลดฮิลไลต์	3.10
เลนส์	2.60
เลวูโลส	2.80
เลอชาเทเลียไรต์	3.60
เลอโนโว	2.80
เลาทาไรต์	3.00
เลานจ์	2.70
เลามอนไทต์	3.10
เลาไอต์	2.80
เลิลลิงไกต์	3.20
เลิศเลอ	1.50
เลี่ยงเมืองปากเกร็ด	7.50
เลือกตั้งซ่อม	3.90
เลือกตั้งทั่วไป	4.10
เลือด	2.60
เลเซอร์	3.30
เลเซ่อร์	0.50
เลเวล	2.60
เลโอไนต์	2.90
เลโอไนต์เลโอไนต์	3.70
เล็กเชอร์	3.00
เวกเตอร์	3.40
เวต	1.50
เวตเทรนนิง	3.10
เวทเทรนนิ่ง	3.20
เวนต์	2.60
เวบไซต์	2.80
เวปไซด์	0.50
เวปไซต์	0.50
เวลที	2.60
เวลไฟร์	3.30
เวอร์ชวล	3.40
เวอร์ชัน	2.90
เวอร์ชั่น	3.00
เวอร์ดีไลต์	3.20
เวอร์มิคิวไลต์	3.50
เวอร์เนอไรต์	3.30
เวอร์แนไดต์	3.20
เวอร์ไดต์	3.00
เวาเชอร์	2.90
เวิร์ก	2.70
เวิร์กชอป	3.00
เวิร์กช็อป	3.10
เวิร์ค	0.50
เวิร์ดโพรเซสเซอร์	3.80
เวิร์ตไซต์	3.10
เวิลด์	2.70
เวียดนาม	6.40
เวียนเทียน	3.60
เวเลนซี	2.80
เวเวลไลต์	3.00
เวโลกาไนต์	3.10
เว็บ	1.00
เว็บบอร์ด	3.00
เว็บเซอร์วิส	3.80
เว็บเบราว์เซอร์	4.10
เว็บเพจ	3.30
เว็บไซต์	2.90
เว็บไซท์	2.90
เว็ปไซต์	0.50
เศรษฐกิจบีซีจี	4.00
เศรษฐกิจสีเขียว	4.10
เศรษฐกิจหมุนเวียน	4.30
เสนานิคม	6.40
เสรีภาพในการแสดงออก	4.50
เสรีไทย	4.80
เสิร์ช	2.70
เสิร์ชเอ็นจิน	3.90
เสิร์ชเอ็นจิ้น	4.00
เสิร์ฟ	2.70
เสียวหมี่	3.00
เสียเวลา	2.40
เหล็ก	2.60
เหล้าขาว	2.40
เห็ดสด	2.20
เห้อ	2.00
เอกซเรย์	3.90
เอกซ์คลูซิฟ	3.20
เอกซ์ปอตส์	3.10
เอกซ์เทนซิฟ	3.20
เอกซ์เอ็มแอล	3.30
เอกมาไนต์	3.00
เอการ์	2.70
เอชดีเอ็มไอ	3.20
เอชทีซี	2.80
เอชอาร์วี	3.50
เอชไอวี	2.80
เอดมอนโทซอรัส	3.40
เอดิงโทไนต์	3.20
เอดิเตอร์	3.00
เอต์ทรินไกต์	3.30
เอทิลีนออกไซด์	3.50
เอทิลแอลกอฮอล์	3.50
เอทีเอ็ม	2.90
เอนด์	2.60
เอนทิตี	2.80
เอนสตาไทต์	3.10
เอนเจล	2.70
เอนเจิล	2.80
เอนเทอร์เทนเมนต์	3.70
เอนไซม์	2.80
เอนไซม์แอมีเลส	3.50
เอนไซม์แอมีโลไลติก	3.90
เอบ	1.50
เอบราฮัม	2.90
เอบราแฮม	2.90
เอปซอไมต์	3.00
เอพิดิดิไมต์	3.30
เอพิสติลไบต์	3.30
เอพิสโตไลต์	3.20
เอพิโดต	2.80
เอพีไอ	3.20
เอฟซี	2.10
เอฟบีไอ	2.80
เอฟีไซต์	2.90
เอฟเฟกต์	2.90
เอฟเฟ็กต์	3.00
เอฟเฟ็ค	0.50
เอฟเอ	2.10
เอฟเอคัพ	2.40
เอมมอนไซต์	3.10
เอมเค	2.10
เอมเพลกไทต์	3.20
เอมโบไลต์	3.00
เอริด	2.60
เอรีส	2.60
เอลพิไดต์	3.00
เอลเบไอต์	3.00
เอสซีบี	2.80
เอสศูนย์เจ็ด	3.80
เอสเปรสโซ	3.50
เอสเพรสโซ	3.50
เอสเพรสโซ่	3.60
เอสเอสดี	3.40
เอสเอ็มเอส	3.10
เอสโตรเจน	3.00
เออร์เบียม	3.10
เอาต์คัม	2.90
เอาปากกามาวง	1.50
เอิ่ม	2.10
เอเคอร์	2.80
เอเจนซี	2.80
เอเจนต์	2.80
เอเดรียน	2.90
เอเนอร์จี	3.00
เอเมน	2.60
เอเมอรัลด์	3.10
เอเมอรี	2.80
เอเลียน	2.80
เอเวอร์เรสต์	3.80
เอเอ็มดี	2.90
เอแจ็กซ์	2.90
เอโมไซต์	2.90
เอโรบิก	2.80
เอไอ	3.00
เอไอจี	2.70
เอไอเอ	2.70
เอไอเอส	3.80
เอ็กซ์ตรีม	3.10
เอ็กซ์บ็อกซ์	3.30
เอ็กเซอร์ไซส์	3.40
เอ็นเตอร์เทนเมนต์	3.80
เอ็นเอฟซี	3.00
เอ็นเอฟที	4.00
เอ็นเฮชเอส	3.10
เอ็มคอตเอชดี	3.30
เอ็มบริโอ	3.00
เอ็มพีสาม	3.00
เอ็มวี	2.70
เอ็มเค	2.70
เอ็มเอ็มเอส	3.20
เอ้า	2.00
เอ๊กซ์	2.70
เฮกตาร์	2.80
เฮกเทอไรต์	3.10
เฮดสแตนด์	3.00
เฮดิเฟน	2.80
เฮดโฟน	2.70
เฮฟวีเวต	2.90
เฮมิมอร์ไฟต์	3.30
เฮลที	2.60
เฮลท์	2.60
เฮลท์แคร์	3.00
เฮลิคอปเตอร์	3.30
เฮลิโอดอร์	3.10
เฮลไวต์	2.80
เฮสทิงไซต์	3.10
เฮสโซไนต์	3.00
เฮสไซต์	2.80
เฮอริเคน	2.90
เฮอร์ซิไนต์	3.20
เฮอร์เดอไรต์	3.30
เฮาส์มันไนต์	3.30
เฮิบเนอไรต์	3.20
เฮิรตซ์	2.80
เฮเดนเบอร์ไกต์	3.50
เฮเลน	2.60
เฮเลน่า	2.80
เฮโมโกลบิน	3.10
เฮโรอีน	2.80
เฮไลต์	2.70
เฮ้	1.50
เฮ้าส์	2.70
แกงหม้อใหญ่	1.50
แกดจิต	2.70
แกมมา	2.60
แกรนิต	2.70
แกรโทไนต์	3.00
แกรไฟต์	2.80
แกลลอน	2.70
แกลลิไมมัส	3.10
แกลเลอรี	2.90
แกลเลียม	2.90
แกสเพไอต์	3.00
แกโดลิเนียม	3.20
แก้ชง	3.10
แก้บน	3.10
แก๊ง	1.00
แก๊งสเตอร์	1.50
แก๊ป	1.00
แก๊ส	1.00
แคกตัส	2.70
แคคตัส	2.70
แคช	1.00
แคชชิ่ง	3.30
แคชลิส	2.70
แคชวล	2.60
แคชูว์	2.70
แคชูว์นัต	3.50
แคชเชียร์เช็ค	4.40
แคชเลส	2.70
แคชแบ็ก	2.80
แคดดี	2.60
แคดเมียม	2.90
แคน	1.00
แคนคริไนต์	3.10
แคนดิด	2.70
แคนดิเดต	2.90
แคนดี	3.10
แคนตัส	2.70
แคนตาลูป	3.40
แคนต์	2.60
แคนทีน	2.70
แคนนอน	3.70
แคนนี	2.60
แคนอน	2.60
แคนิสเตอร์	3.10
แคนเซอร์	2.90
แคนเซิล	2.80
แคนเดิล	2.80
แคนเตอร์	2.90
แคนเทอร์	2.90
แคนเมค	2.20
แคนไดต์	2.80
แคบ	1.00
แคบาไซต์	2.90
แคบิน	2.60
แคปชั่น	2.80
แคปช่า	3.20
แคปซูล	2.70
แคปริคอร์น	3.10
แคปริคอร์นัส	3.30
แคปิตอลเกน	4.10
แคปิทัล	2.80
แคพิบารา	2.90
แคฟแทน	2.70
แคมคอร์เดอร์	3.30
แคมชาฟต์	2.90
แคมบริก	2.80
แคมปัส	2.70
แคมปิง	2.70
แคมปิ้ง	2.80
แคมป์	2.60
แคมรี่	2.20
แคมีโอ	2.70
แคมเบอร์	2.90
แคมเปญ	2.70
แคมเปอร์	2.90
แคมเพน	2.70
แคมแชฟต์	2.90
แครกเกอร์	3.50
แครนดาลไลต์	3.20
แครอล	2.60
แครักเตอร์	3.10
แครักเตอไรเซชัน	3.60
แคราย	6.10
แคราเมล	2.80
แคราเวย์	2.90
แคราแคล	2.80
แคริบู	2.70
แคริบเบียน	3.10
แครีส	2.60
แคร์	1.00
แคร์นกอร์ม	3.10
แคร์ฟรี	2.80
แคร์ฟุล	2.80
แคร์รอต	2.80
แคร์ริจ	2.80
แคร์รี	2.70
แคร์เรียน	3.00
แคร์เรียร์	3.10
แคลคูลัส	2.90
แคลง	1.00
แคลงก์	2.70
แคลช	2.50
แคลซิเฟอรอล	3.20
แคลด	2.50
แคลน	1.00
แคลนนิช	2.80
แคลม	2.50
แคลมป์	2.70
แคลมมี	2.70
แคลมเบก	2.80
แคลมเบอร์	3.00
แคลริฟาย	2.90
แคลริเน็ต	3.00
แคลลัส	2.70
แคลส	2.50
แคลสซี	2.70
แคลสรูม	2.80
แคลสเมต	2.80
แคลอรี	2.70
แคลาเวอไรต์	3.20
แคลิบอไรต์	3.10
แคลิฟอร์เนีย	3.30
แคลิฟอร์เนียม	3.40
แคลิฟอร์ไนต์	3.30
แคลิเบรต	2.90
แคลิเบอร์	3.00
แคลิเปอส์	3.00
แคลิโค	2.70
แคลิโดไนต์	3.10
แคลเซียม	2.90
แคลเซียมคาร์ไบด์	3.70
แคลเซียมไซคลาเมต	3.70
แคลไซต์	2.80
แคล็ก	2.60
แคล็ป	2.60
แคล็ปบอร์ด	3.10
แคล็ปเปอร์บอร์ด	3.60
แคล์ฟ	2.60
แคสก์	2.60
แคสซิเทอไรต์	3.30
แคสติง	2.70
แคสต์	2.60
แคสเคด	2.70
แคสเตอร์	2.90
แคสเปียน	2.90
แคเช	2.50
แคเชต์	2.70
แคเชียร์	2.90
แคเทกอรี	2.90
แคเทอกอรี	3.00
แคเฟ	2.50
แคเมล	2.60
แคเมอรา	2.80
แคแวนไซต์	3.00
แคโคซีไนต์	3.10
แคโทด	2.60
แคโมมีล	2.80
แคโมไมล์	2.90
แคโรทีน	2.80
แค็กเกิล	2.90
แค็ต	2.50
แค็ตตาล็อก	3.10
แค็ตนิป	2.80
แค็ตวอล์ก	3.00
แค็ปชัน	2.80
แค็ปซิคัม	3.00
แค็ปเชอร์	3.00
แค็ปเตอร์	3.00
แงงง	0.50
แงงงง	0.50
แจกวาร์ป	1.50
แจซ	1.50
แจสเพอร์	2.90
แจ็ก	2.50
แจ็กเกต	2.80
แจ็กเก็ต	2.90
แจ็คเก็ต	2.90
แจ้งวัฒนะ	5.00
แชต	1.00
แชท	1.50
แชทบอท	2.70
แชนดิเลียร์	3.20
แชนต์	2.60
แชนเดอเลียร์	3.30
แชนเนล	2.70
แชนเนิล	2.80
แชมป์	2.60
แชมเปียน	2.90
แชมเปียนชิป	3.20
แชริตี	2.70
แชร์	1.00
แชลเลนเจอร์	3.20
แชสซี	2.60
แชเรียต	2.80
แชเล	2.50
แชเลต์	2.70
แช็ต	1.00
แช็ป	2.50
แช็ปเตอร์	3.00
แซดอย่างบ่อย	1.50
แซตทักไกต์	3.10
แซนด์บ็อกซ์	3.20
แซนด์วิช	3.40
แซนบอร์ไนต์	3.20
แซนิไทเซอร์	3.20
แซปไฟรีน	2.90
แซปไฟร์	2.80
แซฟฟลอไรต์	3.10
แซมบาวิสเซิล	3.30
แซมอน	3.10
แซลมอน	3.20
แซสโซไลต์	3.00
แซ็ก	1.00
แซ็กคาริน	3.00
แซ็กคารินโซเดียม	3.70
แซ็กโซโฟน	3.00
แดดดี	2.60
แดนซ์	2.60
แดนบูไรต์	3.00
แดนเซอร์	2.90
แดแรปสไกต์	3.10
แถลงการ	0.50
แถลงการณ์	0.50
แทกไฮไดรต์	3.10
แทงค์	2.60
แทงค์สามร้อย	3.80
แทงค์ห้าร้อย	3.80
แทนซาไนต์	3.00
แทนทาลัม	2.90
แทนทาไลต์	3.00
แทนเจนต์	2.90
แทพิโอไลต์	3.10
แทมารินด์	3.00
แทรกเตอร์	3.00
แทรฟฟิก	2.80
แทร็ก	2.60
แทลเลียม	2.90
แทเมอรูไกต์	3.20
แท็ก	1.00
แท็กซี	2.70
แท็กซี่	2.80
แท็บ	1.00
แท็บเล็ต	2.90
แท่งไฟ	2.70
แท่นชาร์จ	3.50
แบคทีเรีย	3.00
แบคเอนด์	3.40
แบง	1.50
แบงก์	2.60
แบงควิต	2.80
แบงค์	2.60
แบงเกิล	2.80
แบงเคว็ต	2.90
แบงเค็ต	2.80
แบช	1.50
แบซอลต์	2.80
แบซาลต์	2.80
แบซิล	2.60
แบซิลิสก์	3.00
แบด	1.00
แบดจ์	2.60
แบดมินตัน	3.00
แบดเจอร์	2.90
แบดเดเลย์ไอต์	3.40
แบตเตอรี	2.90
แบตเตอรี่	3.50
แบท	1.50
แบทีก	2.60
แบทเทิลพาส	3.10
แบทเทิลรอยัล	3.30
แบน	1.00
แบนฃี	2.60
แบนชี	2.60
แบนดิต	2.70
แบนด์	2.60
แบนด์วิดท์	3.60
แบนทัม	2.70
แบนทัมเวต	3.00
แบนน็อก	2.80
แบนิช	2.60
แบนเนอร์	2.90
แบนแดนนา	2.90
แบนแดนา	2.80
แบนแยน	2.70
แบนโจ	2.60
แบบนี้	2.20
แบบิงทอไนต์	3.20
แบบูน	2.60
แบปทิซึม	2.90
แบมบู	2.60
แบมบูเซิล	3.00
แบรน	2.50
แบรนช์	2.70
แบรนดิช	2.80
แบรนด์	2.70
แบรนเนอไรต์	3.20
แบรส	2.50
แบระคูดา	2.90
แบราจ	2.60
แบราโทไวต์	3.10
แบริง	2.60
แบริ่ง	6.20
แบรีออนิกซ์	3.20
แบรเคียซอรัส	3.30
แบร็ต	2.60
แบร์	2.50
แบร์ฟุต	2.80
แบร์รี	2.70
แบร์รีมอร์	3.10
แบร์ฮัก	2.80
แบร์แบ็ก	2.90
แบร์โรว์	2.90
แบลค์เมล์	3.00
แบลงกิต	2.80
แบลงก์	2.70
แบลนช์	2.70
แบลนดิฃ	2.80
แบลนดิช	2.80
แบลนด์	2.70
แบลลัด	2.70
แบลลัสต์	2.90
แบลสต์	2.70
แบลโคนี	2.80
แบล็ก	2.60
แบล็กฟอเรสต์	3.30
แบล็กเบร์รี	3.20
แบล็กเบอร์รี	3.30
แบส	1.50
แบสก์	2.60
แบสซอไนต์	3.00
แบสเก็ต	2.80
แบสเติร์ด	3.00
แบเรียม	2.80
แบไรต์	2.70
แบ็ก	2.50
แบ็กกราวนด์	3.20
แบ็กดร็อป	3.00
แบ็กยาร์ด	3.00
แบ็กสเปซ	2.90
แบ็กสแลช	2.90
แบ็กอัป	2.80
แบ็กเวิร์ด	3.10
แบ็กเอนด์	3.50
แบ็กแกมมอน	3.10
แบ็กแพ็ก	2.90
แบ็กแฮนด์	3.00
แบ็กโฮ	2.70
แบ็กไฟเออร์	3.20
แบ็กไลต์	2.90
แบ็ต	2.50
แบ็ตเทิล	2.90
แบ็ปทอร์นิส	3.20
แบ็ปทิซึม	3.00
แปซิฟิก	2.80
แปซิฟิกไพพ์	3.20
แปลงหนี้ใหม่	4.30
แป้งพัฟ	2.30
แพกโนไลต์	3.00
แพคิเซฟาโลซอรัส	3.60
แพคเกจ	2.70
แพชชั่น	2.80
แพดพาแรดชา	3.10
แพตช์	3.10
แพตเทิร์น	3.00
แพนง	0.50
แพนิค	3.60
แพนเค้ก	3.30
แพนเดอร์ไมต์	3.30
แพรซิโอดิเมียม	3.50
แพรรีด็อก	3.00
แพรรี่ด็อก	3.10
แพราซอรอโลฟัส	3.40
แพริไซต์	2.90
แพลจิโอเคลส	3.20
แพลตต์เนอไรต์	3.40
แพลตฟอร์ม	3.50
แพลทฟอร์ม	0.50
แพลทินัม	2.90
แพลน	1.00
แพลนชีไอต์	3.10
แพลนต์	2.70
แพลิกอร์สไกต์	3.40
แพลเนต	2.70
แพลเลเดียม	3.10
แพล็ตฟอร์ม	3.10
แพสชัน	2.70
แพ็ก	2.50
แพ็กเกจ	3.30
แพ็กเกจจิง	3.10
แพ้ยา	3.60
แพ้อาหาร	3.90
แฟกซ์	2.60
แฟชั่น	2.70
แฟนคลับ	2.80
แฟนด้อม	2.80
แฟนฟิค	2.70
แฟนมีต	2.70
แฟนอาร์ต	2.90
แฟนเพจ	2.70
แฟมิลี	2.70
แฟรงคลิไนต์	3.20
แฟรงคีไอต์	3.10
แฟรนเซียม	3.00
แฟรนโคไลต์	3.10
แฟรนไชส์	2.90
แฟลกซ์	2.70
แฟลต	1.00
แฟลตไวท์	3.40
แฟลร์	2.60
แมกซีซี	2.80
แมกนีเซียม	3.10
แมกนีไซต์	3.00
แมกนีไทต์	3.00
แมกฮีไมต์	3.00
แมกาซีน	2.80
แมกเฟอร์ซอไนต์	3.50
แมค	1.00
แมคเวจ	2.70
แมคโดนัล	0.50
แมคโอเอส	3.40
แมงกานิน	2.90
แมงกานีส	2.90
แมงกาโนโซต์	3.20
แมงกาไนต์	3.00
แมงแกนแบบิงทอไนต์	3.80
แมชชีนเลิร์นนิง	4.10
แมตช์	2.60
แมทท์	0.50
แมนซิตี้	2.90
แมนยู	2.60
แมมมอท	2.70
แมยิสเตร็ด	3.10
แมลาคอน	2.80
แมลโดไนต์	3.00
แมสก์	2.60
แมสซิคอต	2.90
แมโคร	2.60
แม็กเคอเรล	3.10
แม็ตช์	2.70
แม่นางกวัก	3.60
แม่ย่านาง	3.50
แม่หญิง	2.30
แม่โขง	2.20
แยก คปอ.	6.40
แยกนนทบุรี1	6.70
แยกลำสาลี	6.50
แยม	1.00
แย็บ	1.00
แรงก์	2.60
แรงบิด	3.20
แรงม้า	3.20
แรนซัมแวร์	3.60
แรบโดเฟน	2.90
แรป	1.00
แรม	1.00
แรมส์เดลไลต์	3.30
แรมเมลส์เบอร์ไกต์	3.80
แรลลี่	2.70
แรสป์เบร์รี	3.20
แร็กคูน	2.80
แร็กเกต	2.80
แร็ป	1.00
แร็ปเปอร์	3.00
แร็พเตอร์	3.50
แร็พเปอร์	3.00
แลคโตส	2.70
แลนด์	2.60
แลนด์มาร์ก	3.10
แลนทานัม	2.90
แลนทาไนต์	3.00
แลบราโดไรต์	3.20
แลมโพรโบไลต์	3.30
แล็ก	2.50
แล็กติก	2.80
แล็กเกอร์	3.00
แล็กเตต	2.80
แล็กเทต	2.80
แล็กโทส	2.80
แล็บ	1.00
แล็บท็อป	2.90
แล็ป	2.50
แล็ปท็อป	2.90
แวนต์ฮอฟไฟต์	3.30
แวเลนทิไนต์	3.20
แสงโสม	2.20
แสตมป์	2.70
แสนบาท	2.20
แห่ขันหมาก	3.60
แห่นางแมว	3.50
แห่เทียนพรรษา	3.90
แอกซิไนต์	3.00
แอกทิเนียม	3.10
แอกทิโนไลต์	3.20
แอกนิส	2.70
แอกเซส	2.70
แอกเนส	2.70
แอกไมต์	2.80
แอควา	2.60
แองกรี	2.70
แองกลีไซต์	3.10
แองเกลอร์	3.00
แองเกอร์	2.90
แองเกิล	2.80
แองเคอร์	2.90
แองเคอโลซอรัส	3.40
แองเคอไรต์	3.10
แอซีทัลดีไฮด์	3.40
แอดดัมส์	2.90
แอดดิกต์	2.90
แอดมิต	2.70
แอดมิน	2.70
แอดัม	2.60
แอดาไมต์	2.90
แอดิโพส	2.80
แอดเวนต์	2.90
แอดเวนเชอร์	3.20
แอดเวิร์บ	3.00
แอตทาพุลไกต์	3.30
แอททราจ	2.30
แอนดรอยด์	3.50
แอนดราไดต์	3.10
แอนดาลูไซต์	3.20
แอนดีซีน	2.90
แอนติบอดี	4.00
แอนติออกซิแดนต์	3.60
แอนติออกซิแดนท์	4.60
แอนติเจน	3.90
แอนทิเพอร์ไทต์	3.50
แอนทิโกไรต์	3.20
แอนทิโมนี	3.00
แอนนาเบอร์ไกต์	3.50
แอนฟีลด์	2.90
แอนอกไซต์	3.00
แอนะล็อก	2.90
แอนาพาไอต์	3.10
แอนิเมชัน	3.00
แอนิเมเตอร์	3.20
แอนเจไลต์	3.00
แอนเดอร์ซอไนต์	3.50
แอนเทิลไรต์	3.20
แอนโชวี	2.80
แอนโทนีโอ้	3.10
แอนโทนี่	2.90
แอนโทฟิลไลต์	3.30
แอนโยไลต์	3.00
แอนไฮไดรต์	3.10
แอบสแตร็กต์	3.20
แอบาโลนี	2.90
แอบิเกล	2.80
แอบโซลูต	2.90
แอป	1.00
แอปพลิเคชัน	3.20
แอปฯ	3.00
แอปเปิล	3.30
แอปเปิ้ล	3.90
แอปเปิ้ลพาย	3.70
แอพ	1.00
แอพพลิเคชั่น	3.30
แอฟทิทาไลต์	3.20
แอฟเตอร์	2.90
แอฟเฟล็ก	2.90
แอมนีชา	2.80
แอมนีเซีย	3.00
แอมบลิโกไนต์	3.30
แอมบิชัน	2.90
แอมบุช	2.70
แอมฟิเบียน	3.10
แอมฟิโบล	2.90
แอมมิเตอร์	3.10
แอมะซอน	2.80
แอมะซอนสโตน	3.20
แอมะซอไนต์	3.10
แอมเบอร์	2.90
แอมแปร์	2.80
แอมโม	2.60
แอมโมเนีย	3.00
แอรอน	2.60
แอริด	2.60
แอรีส	2.60
แอร์ดรอป	2.90
แอร์บัส	2.80
แอร์รี่	2.80
แอร์เอเชีย	3.10
แอลกอฮอล์	3.00
แอลคานอแลมีนส์	3.50
แอลจี	2.60
แอลจีบีทีคิว	3.80
แอลมันดัน	3.00
แอลมันดีน	3.00
แอลมันไดต์	3.10
แอลลอย	2.70
แอลลาไนต์	3.00
แอลลีย์	2.80
แอลศูนย์เจ็ด	3.80
แอลิซ	2.60
แอลิไบ	2.70
แอลแพกา	2.80
แอลโลเฟน	2.90
แอลไบต์	2.80
แอลไพน์	2.80
แอสซาซิน	2.90
แอสตร้าเซเนก้า	4.50
แอสทาทีน	2.90
แอสฟัลต์	2.90
แอสเตอรอยด์	3.20
แอสเตอริสก์	3.20
แอสเบสทอส	3.00
แอสโทรฟิลไลต์	3.40
แอสไพริน	2.90
แอเจิล	2.70
แอเชอร์	2.80
แอเมทิสต์	3.00
แอโกนี	2.70
แอโครแบ็ต	3.00
แอโคไลต์	2.90
แอโดเลสเซนซ์	3.30
แอโดเลสเซนต์	3.30
แอโนด	2.60
แอโรบิก	2.80
แอโลวีรา	2.90
แอโลเวรา	2.90
แอโลเวียรา	3.10
แอโวคาโด	3.40
แอไจล์	2.70
แอ็กชัน	2.80
แอ็กซิเดนต์	3.20
แอ็กทิฟ	2.80
แอ็กทิเวต	3.00
แอ็กเคานต์	3.10
แอ็ป	3.00
แอ๊ว	1.50
แฮกมาไนต์	3.00
แฮกเกอร์	2.90
แฮงเอาต์	2.90
แฮงไซต์	2.80
แฮชแทก	2.70
แฮชแท็ก	2.80
แฮนด์	2.60
แฮนด์บอล	2.90
แฮนด์เมด	2.90
แฮนด์เอ๊ก	3.00
แฮนด์แซนิไทเซอร์เจล	4.00
แฮปปี	2.60
แฮปปีเบิร์ทเดย์	3.60
แฮฟเนียม	2.90
แฮม	1.00
แฮมเตอร์	2.90
แฮมเบอร์เกอร์	3.90
แฮมเบอร์ไกต์	3.30
แฮรี่	2.60
แฮร์คัท	3.80
แฮร์รี่	2.80
โกชีไนต์	2.90
โกลด์	2.60
โกลว์	2.60
โคด	1.50
โคต	1.50
โคนิคาลไซต์	3.20
โคบอลต์	2.80
โคบอลไทต์	3.00
โคฟ	1.50
โคม่า	2.60
โครคอยต์	2.90
โครซิโดไลต์	3.20
โครม	1.00
โครมา	2.60
โครมาทิน	2.90
โครมาโทกราฟี	3.30
โครเก้	2.70
โครเมียม	2.90
โครแมติก	2.90
โครโมโซม	2.90
โครไมต์	2.80
โคลก	2.50
โคลด์บรูว์	3.60
โคลมาไนต์	3.00
โคลวีไซต์	3.00
โคลสลอว์	3.40
โคลอี	2.60
โคลัมไบต์	3.00
โคลแมนไอต์	3.10
โควตา	2.60
โควต้า	0.50
โควิด	3.60
โควิด-19	3.90
โคออร์ดิเนต	3.20
โคอาลา	2.70
โคะกิริโกะ	3.10
โคเคน	2.60
โคเซแคนต์	3.00
โคเวลไลต์	3.00
โคโทไอต์	2.90
โคโรนาไวรัส	4.20
โคโรลล่า	3.40
โคโรลล่าครอส	3.80
โคโรลล่าอัลติส	4.00
โคไซต์	2.70
โคไซน์	2.70
โค้ก	1.00
โค้ช	1.00
โค้ด	1.00
โจทก์	3.60
โจมาโลน	2.30
โจอะควิไนต์	3.20
โจ๊ก	1.00
โชว์	1.00
โชเน็น	2.70
โชโจ	2.50
โซดา	1.00
โซดาร์	0.50
โซดาไนเตอร์	3.20
โซดาไลต์	2.90
โซนี่	3.60
โซนี่อีริคสัน	3.40
โซฟา	1.00
โซลาริส	2.80
โซลาร์ฟาร์ม	3.70
โซลาร์รูฟ	3.50
โซลาร์เซลล์	3.70
โซลเจอร์	2.90
โซเชียล	2.80
โซเชียลมีเดีย	3.40
โซเชียลเน็ตเวิร์ก	4.30
โซเชียลเน็ตเวิร์ค	4.30
โซเดียม	2.80
โซเดียมคาร์บอเนต	3.70
โซเดียมซัลเฟต	3.40
โซเดียมไซคลาเมต	3.60
โซเดียมไฮโดรเจนกลูทาเมต	4.00
โซเดียมไฮโดรเจนคาร์บอเนต	4.00
โซเดียมไฮโดรเจนซัลเฟต	4.00
โซโนตไลต์	3.00
โซโล	1.00
โซโห	2.00
โดจินชิ	2.80
โดนตก	1.50
โดนป้ายยา	1.50
โดนัต	3.10
โดนัท	3.10
โดนัล	2.60
โดนัลด์	2.80
โดนเท	1.50
โดยเฉพาะ	2.40
โดส	1.00
โดเนต	2.60
โดเมน	3.10
โดเมย์ไคต์	3.10
โดโลไมต์	2.90
โทน	1.00
โทนี่	2.60
โทมัส	2.60
โทรนา	2.60
โทะเซะกิ	2.90
โทเคน	3.10
โทแพซ	2.60
โทแพโซไลต์	3.10
โนซีไลต์	2.90
โนติฟิเคชัน	3.20
โนวา	1.00
โนวาคิวไลต์	3.20
โนเซียน	2.80
โนเบล	2.60
โนเบเลียม	3.00
โนเวลล์	2.80
โน้ต	1.00
โน้ตบุ๊ก	2.90
โน้ตบุ๊ค	2.90
โน๊ตบุ๊ก	2.90
โบกัส	2.60
โบกีแมน	2.80
โบต	1.00
โบน	1.50
โบนัส	2.60
โบนีโต	2.70
โบร	1.50
โบรกเกอร์	4.00
โบรช	2.50
โบรชัวร์	2.90
โบรมาร์จิไรต์	3.40
โบรมีน	2.70
โบรอน	2.60
โบรเชนไทต์	3.10
โบล	1.50
โบลด์	2.60
โบลต	2.50
โบลต์	2.60
โบลต์วูไดต์	3.20
โบลว์	2.60
โบลีไอต์	2.90
โบวีไนต์	2.90
โบว์	1.00
โบว์ลิง	2.80
โบว์ลินไกต์	3.20
โบว์ลิ่ง	2.90
โบสต์	2.60
โบห์เรียม	3.00
โบฮีเมียน	3.00
โบแนนซา	2.80
โบโซ	2.50
โปรดักชัน	3.00
โปรดิวเซอร์	3.20
โปรตอน	2.70
โปรตีน	2.70
โปรเจกต์	2.90
โปรเจค	2.70
โปรเจคต์	2.90
โปรเจ็ค	2.80
โปรเตสแตนต์	3.20
โปรเพลเยอร์	3.20
โปรแกรม	2.80
โปรแกรมเมอร์	3.30
โปรแทรกเตอร์	3.30
โปรโตคอล	3.40
โปรโมชั่น	3.00
โปรโมท	2.70
โปรไฟล์	2.80
โปลิโอ	2.70
โปสต์การ์ด	3.10
โป๊กเกอร์	3.00
โป๊ป	1.00
โป๊ะ	1.00
โป๊ะแตก	1.50
โพซิตรอน	2.90
โพธิ์นิมิตร	6.70
โพรดักชันส์	3.20
โพรมิเทียม	3.10
โพรมีเทียม	3.10
โพรเจกเตอร์	3.20
โพรเซส	2.70
โพรเซสเซอร์	3.20
โพรเบอร์ไทต์	3.30
โพรโตไทป์	3.00
โพรโทเซราท็อปส์	3.60
โพรโทแอกทิเนียม	3.60
โพรโทไทป์	3.00
โพรโมชัน	2.90
โพรโมต	2.70
โพรไฟล์	2.80
โพลีเอสเตอร์	3.30
โพส	1.00
โพสต์	2.60
โพสต์ทูเดย์	3.20
โพสท์	0.50
โพแทช	2.60
โพแทสเซียม	3.10
โฟกัส	2.60
โฟตอน	2.60
โฟน	1.00
โฟลว์	2.60
โฟลเรนไซต์	3.10
โฟลโกไพต์	3.00
โฟโตอิเล็กทริก	3.50
โฟโต้ชอป	2.90
โมดูล	3.10
โมนาไซต์	2.90
โมบาย	2.60
โมบายแบงก์กิ้ง	4.50
โมบิลิโอ	3.40
โมลิบดีนัม	3.10
โมลิบดีไนต์	3.20
โมฮาไวต์	2.90
โมเดล	3.10
โมเดลทรี	3.40
โมเดลวาย	3.40
โมเดลเอส	3.40
โมเดลเอ็กซ์	3.70
โมเดอร์นา	4.00
โมเดิร์น	2.90
โมเด็ม	3.20
โมเมนต์	2.80
โมเลกุล	2.80
โมเลกุลาร์	3.10
โมเสก	2.60
โมเอะ	2.60
โมเอะคาวาอี้	3.30
โมโตโรลา	2.90
โมโนแซ็กคาไรด์	3.50
โมไบล์	2.70
โยคะ	1.00
โยเกิร์ต	3.40
โรคกรดไหลย้อน	4.40
โรคกรดไหลย้อนนอกหลอดอาหาร	5.00
โรคกรดไหลย้อนเงียบ	4.90
โรคกรรมพันธุ์	4.40
โรคกรวยไตอักเสบ	4.60
โรคกระดูกพรุน	4.40
โรคกระดูกอ่อนในเด็ก	5.00
โรคกระเพาะ	4.10
โรคกระเพาะอาหาร	4.60
โรคกลัว	3.80
โรคกลัวการขาดมือถือ	5.00
โรคกลัวการเข้าสังคม	5.00
โรคกลัวความสูง	4.50
โรคกลัวตกกระแส	4.50
โรคกลัวทะเล	4.20
โรคกลัวที่ชุมชน	4.60
โรคกลัวที่สูง	4.40
โรคกลัวที่โล่ง	4.50
โรคกลัวน้ำ	4.10
โรคกลัวพิการ	4.30
โรคกลัวมหาสมุทร	4.60
โรคกลัวรัก	4.10
โรคกลัวรู	4.00
โรคกลัวสี	4.00
โรคกลัวอิสลาม	4.40
โรคกลัวโรงเรียน	4.60
โรคกล้ามเนื้อฝ่อจากไขสันหลัง	5.00
โรคกล้ามเนื้อลายสลาย	5.00
โรคกล้ามเนื้อลีบดูเชน	5.00
โรคกล้ามเนื้อหัวใจขาดเลือด	5.00
โรคกล้ามเนื้อหัวใจตาย	5.00
โรคกล้ามเนื้อหัวใจอักเสบ	5.00
โรคกล้ามเนื้ออ่อนแรงชนิดร้าย	5.00
โรคกล้ามเนื้อเสื่อมดูเชน	5.00
โรคกอรัม	3.90
โรคกอร์แดม	4.10
โรคกอร์แฮมดิซีส	4.60
โรคกามวิตถาร	4.30
โรคกามวิปริต	4.30
โรคกาฬม่วง	4.10
โรคกำพร้า	4.00
โรคกำแพงพัง	4.20
โรคกุ้งตายด่วน	4.50
โรคของซีลิแอ็ก	4.50
โรคของปอด	4.00
โรคของระบบประสาท	4.70
โรคของระบบหายใจ	4.60
โรคของหลอดเลือดส่วนปลาย	5.00
โรคของหลอดเลือดแดงส่วนปลาย	5.00
โรคของไอออนแชนเนล	4.80
โรคข้อจากโรคระบบประสาท	5.00
โรคข้ออักเสบ	4.30
โรคข้ออักเสบจากไวรัส	5.00
โรคข้ออักเสบรูมาตอยด์	5.00
โรคข้อเสื่อม	4.30
โรคข้อแบบปฏิกิริยา	4.90
โรคข้อไหล่ติด	4.40
โรคคริสต์มาส	4.30
โรคความคิด	4.10
โรคความจำเสื่อม	4.60
โรคความดันสูง	4.40
โรคความดันเลือดสูง	4.90
โรคความดันโลหิตสูง	4.90
โรคความเสื่อม	4.40
โรคคอตีบ	3.90
โรคคอนเวอร์ชัน	4.50
โรคคอพอก	3.90
โรคคอพอกตาโปน	4.40
โรคคอพอกเป็นพิษ	4.60
โรคคะวะซะกิ	4.20
โรคคาวาซากิ	4.20
โรคคุดทะราด	4.20
โรคคูรุ	3.80
โรคคูรู	3.80
โรคงูสวัด	4.00
โรคจมูกอักเสบจากภูมิแพ้	5.00
โรคจอตามีสารสี	4.50
โรคจอตาเหตุเบาหวาน	4.90
โรคจากการทำงาน	4.50
โรคจากการประกอบอาชีพ	5.00
โรคจากงานอาชีพ	4.50
โรคจากหมู่เลือดอาร์เอช	5.00
โรคจากไข่พยาธิตัวตืด	5.00
โรคจิต	3.70
โรคจิตชักนำโดยสาร	4.80
โรคจิตทำให้เกิดโดยสาร	5.00
โรคจิตที่ชักนำโดยสาร	5.00
โรคจิตที่ทำให้เกิดโดยสาร	5.00
โรคจิตที่สารชักนำ	4.80
โรคจิตที่สารทำให้เกิด	5.00
โรคจิตระยะสั้น	4.50
โรคจิตหวาดระแวง	4.60
โรคจิตเภท	4.00
โรคจิตเวช	4.00
โรคจิตเหตุขาดไทรอยด์	5.00
โรคจีบีเอส	4.10
โรคจุดภาพชัดของจอตาเสื่อม	5.00
โรคจู๋	3.70
โรคฉี่หนู	4.00
โรคฉี่หอม	4.00
โรคชอบขโมย	4.10
โรคชอบหยิบฉวย	4.40
โรคชอบเด็ก	4.10
โรคชอบแต่งกายลักเพศ	5.00
โรคชากาส	3.90
โรคชิคุนกุนยา	4.40
โรคชิคุนกุนย่า	4.50
โรคซนสมาธิสั้น	4.50
โรคซาร์	3.80
โรคซาร์ส	3.90
โรคซิฟิลิส	4.10
โรคซิฟิลิสแต่กำเนิด	5.00
โรคซิลิแอ็ก	4.20
โรคซีลิแอก	4.10
โรคซีลิแอ็ก	4.20
โรคซีลีแอก	4.10
โรคซึมเศร้า	4.20
โรคซึมเศร้าซ้ำ	4.50
โรคซึมเศร้าตามฤดูกาล	5.00
โรคซึมเศร้าหลังคลอด	5.00
โรคซึมเศร้าแบบจิตหลอน	5.00
โรคดัตช์	3.90
โรคดิสมอร์เฟีย	4.50
โรคดิสโซสิเอทีฟ	4.60
โรคดูเชน	3.90
โรคด่างขาว	4.10
โรคตับจากแอลกอฮอล์	4.90
โรคตับอักเสบ	4.30
โรคตับอักเสบซี	4.50
โรคตับแข็ง	4.10
โรคตายด่วนในกุ้ง	4.70
โรคตาแดง	3.90
โรคติดต่อ	4.00
โรคติดต่อทางอวัยวะเพศ	5.00
โรคติดต่อทางเพศสัมพันธ์	5.00
โรคติดเชื้อ	4.20
โรคติดเชื้อทางเดินหายใจ	5.00
โรคติดเชื้อบรูเซลลา	5.00
โรคติดเชื้อลิชมาเนีย	5.00
โรคติดเชื้อลิสเทอเรีย	5.00
โรคติดเชื้ออุบัติใหม่	5.00
โรคติดเชื้อแบคทีเรีย	5.00
โรคติดเชื้อโมโนนิวคลิโอซิส	5.00
โรคติดเชื้อโมโนนิวคลีโอซิส	5.00
โรคติดเชื้อไวรัส	4.70
โรคติดเชื้อไวรัสฮันตา	5.00
โรคตื่นตระหนก	4.40
โรคตุ่มน้ำพอง	4.40
โรคตุ่มพุพอง	4.30
โรคต่อมลูกหมากโต	4.70
โรคต้องการแปลงเพศ	4.80
โรคต้อหิน	4.00
โรคถึงจุดสุดยอดพร่ำเพรื่อ	5.00
โรคถุงน้ำรังไข่หลายใบ	5.00
โรคถุงผนังลำไส้อักเสบ	5.00
โรคถุงลมโป่งพอง	4.60
โรคถูกสาป	4.00
โรคถ้ำมอง	4.00
โรคทอกโซพลาสโมซิส	4.80
โรคทากายาสุ	4.20
โรคทางความคิด	4.40
โรคทางจิตเวช	4.30
โรคทางจิตใจ	4.20
โรคทางบุคลิกภาพ	4.60
โรคทางพันธุกรรม	4.60
โรคทางหน้าที่	4.40
โรคทางอารมณ์	4.30
โรคทางเดินหายใจจากฮันตาไวรัส	5.00
โรคทางเดินหายใจตะวันออกกลาง	5.00
โรคทางเดินอาหารโดยหน้าที่	5.00
โรคทาลัสซีเมีย	4.50
โรคที่ป้องกันได้ด้วยวัคซีน	5.00
โรคที่พบตั้งแต่กำเนิด	5.00
โรคที่หก	3.90
โรคที่หายาก	4.20
โรคที่เกิดจากเรณูดอกไม้	5.00
โรคที่เป็นแต่กำเนิด	5.00
โรคที่ไม่ได้รับการรักษา	5.00
โรคทูลารีเมีย	4.40
โรคท่อน้ำดีตัน	4.50
โรคท้องผูก	4.10
โรคท้าวแสนปม	4.30
โรคธาลัสซีเมีย	4.50
โรคนอนชักนำโดยกาเฟอีน	5.00
โรคนอนเหตุกาเฟอีน	4.80
โรคนอนไม่หลับ	4.40
โรคนอนไม่หลับมรณะ	4.80
โรคนิวโมคอคคัส	4.50
โรคนิ่วปัสสาวะ	4.50
โรคนิ่วไต	4.00
โรคนิ้วล็อก	4.20
โรคน้ำกัดเท้า	4.40
โรคน้ำในหูไม่เท่ากัน	5.00
โรคบรูกาด้า	4.20
โรคบัวเนวิล	4.20
โรคบิด	3.70
โรคบิดจากเชื้อชิเกลลา	5.00
โรคบิดมีตัว	4.20
โรคบิดไม่มีตัว	4.50
โรคบุคลิกภาพ	4.30
โรคบุคลิกภาพผิดปกติ	5.00
โรคบุคลิกภาพแตกแยก	4.90
โรคบูลิเมียเนอร์โวซา	5.00
โรคปมประสาทบาซัล	4.70
โรคประสาท	4.00
โรคปลอกประสาทอักเสบ	5.00
โรคปลอกประสาทเสื่อมแข็ง	5.00
โรคปวดข้อยุงลาย	4.60
โรคปอดบวม	4.00
โรคปอดอักเสบ	4.30
โรคปอดอุดกั้นเรื้อรัง	5.00
โรคปอดเรื้อรังในทารกแรกเกิด	5.00
โรคปัสสาวะน้ำเชื่อมเมเพิล	5.00
โรคปัสสาวะหอม	4.40
โรคปากแหว่ง	4.20
โรคผมร่วงเป็นหย่อม	4.90
โรคผอมแห้งเรื้อรัง	4.90
โรคผิวหนังเกล็ดปลา	4.90
โรคฝีดาษ	3.90
โรคฝีดาษลิง	4.20
โรคฝุ่นจับปอด	4.40
โรคฝุ่นหินจับปอด	4.70
โรคพยาธิกีเนีย	4.50
โรคพยาธิตาบอด	4.40
โรคพยาธิหอยโข่ง	4.60
โรคพยาธิแส้ม้า	4.50
โรคพยาธิใบไม้เลือด	4.90
โรคพยาธิใบไม้โลหิต	4.90
โรคพยาธิใบไม้ในเลือด	5.00
โรคพยาธิไส้เดือน	4.70
โรคพันธุกรรม	4.30
โรคพาร์กินสัน	4.40
โรคพาร์คินสัน	4.40
โรคพิษสุนัขบ้า	4.50
โรคพิษสุรา	4.10
โรคพิษแห่งครรภ์	4.60
โรคพิษแห่งครรภ์ระยะก่อนชัก	5.00
โรคพิษแห่งครรภ์ระยะชัก	5.00
โรคพุพอง	3.90
โรคพุ่มพวง	4.10
โรคฟอนริกกลิงเฮาเซน	5.00
โรคภัยเนื่องจากอาชีพ	5.00
โรคภูมิคุ้มกันบกพร่อง	5.00
โรคภูมิต้านตนเอง	4.70
โรคภูมิแพ้	4.10
โรคภูมิแพ้จมูก	4.50
โรคภูมิแพ้ตัวเอง	4.70
โรคมะเร็ง	4.00
โรคมะเร็งคาโปซี	4.60
โรคมะเร็งตับอ่อน	4.70
โรคมะเร็งปอด	4.30
โรคมะเร็งเต้านม	4.60
โรคมะเร็งเม็ดเลือดขาว	5.00
โรคมัลติเพิลสเกลอโรซิส	5.00
โรคมาลาเรีย	4.20
โรคมินะมะตะ	4.20
โรคมินามาตะ	4.20
โรคมีอารมณ์ทางเพศกับเด็ก	5.00
โรคมีอารมณ์เพศกับเด็ก	5.00
โรคมีเนีย	4.00
โรคมีเนียร์	4.20
โรคมือเท้าปาก	4.40
โรคมือเท้าและปาก	4.70
โรคย้ำคิดย้ำทำ	4.50
โรครองช้ำ	4.00
โรคระบบประสาทเสื่อม	5.00
โรคระบบหัวใจหลอดเลือด	5.00
โรคระบบหัวใจและหลอดเลือด	5.00
โรคระบบหายใจ	4.30
โรคระบาด	3.90
โรคระบาดครั้งใหญ่ในลอนดอน	5.00
โรคระบาดจัสติเนียน	4.90
โรคระบาดทั่ว	4.30
โรคระบาดทางการเงิน	4.90
โรคระบาดยุสตินิอานุส	5.00
โรคระบาดแอนโทนิน	4.70
โรครังไข่มีถุงน้ำหลายใบ	5.00
โรครับจากสัตว์	4.50
โรคริดสีดวงตา	4.40
โรคริดสีดวงทวาร	4.60
โรครินเดอร์เปสต์	4.70
โรครูมาตอยด์	4.30
โรคลงราก	3.90
โรคลดความกด	4.20
โรคลดความกดอากาศ	4.70
โรคลมชัก	3.90
โรคลมชักกับสมองกลีบท้ายทอย	5.00
โรคลมชักชนิดต่อเนื่อง	5.00
โรคลมบ้าหมู	4.20
โรคลมปัจจุบัน	4.40
โรคลมหลับ	4.00
โรคลมเหตุร้อน	4.40
โรคลมเหตุหลอดเลือดสมอง	5.00
โรคลมแดด	3.90
โรคลักปิดลักเปิด	4.70
โรคลำยอง	3.90
โรคลำไส้อักเสบจากไวรัสโรตา	5.00
โรคลำไส้แปรปรวน	4.60
โรคลิชมาเนีย	4.30
โรคลิ้นหัวใจ	4.30
โรคลืม	3.70
โรคลุดวิก	4.00
โรคลูคิเมีย	4.20
โรคลูคีเมีย	4.20
โรคลูปัส	3.90
โรคลูปุส	3.90
โรควอนวิลลิแบรนด์	4.80
โรควัณโรค	4.00
โรควัวบ้า	4.00
โรควิตกกังวล	4.30
โรควิตกกังวลทั่วไป	4.90
โรควิตกกังวลไปทั่ว	4.90
โรคสติลล์ชนิดที่พบในผู้ใหญ่	5.00
โรคสติลล์ในผู้ใหญ่	4.90
โรคสมอง	3.80
โรคสมองจากการบาดเจ็บเรื้อรัง	5.00
โรคสมองจากตับ	4.40
โรคสมองบาดเจ็บเรื้อรัง	5.00
โรคสมองอักเสบ	4.40
โรคสมองเสื่อม	4.40
โรคสมองเหตุตับ	4.50
โรคสมาธิสั้น	4.30
โรคสะเก็ดเงิน	4.40
โรคสันนิบาต	4.20
โรคสั่นเพ้อเหตุขาดสุรา	5.00
โรคสำลักในหลอดอาหาร	5.00
โรคสเปกตรัมอารมณ์สองขั้ว	5.00
โรคส่งผ่านทางเพศสัมพันธ์	5.00
โรคหนองในแท้	4.30
โรคหนังแข็ง	4.20
โรคหน้าที่	4.10
โรคหมอทำ	3.90
โรคหมาว้อ	4.00
โรคหยุดหายใจ	4.30
โรคหลงตัวเอง	4.30
โรคหลงผิด	4.00
โรคหลอดลมฝอยอักเสบ	4.90
โรคหลอดลมพอง	4.30
โรคหลอดลมโป่งพอง	4.70
โรคหลอดเลือดสมอง	4.70
โรคหลอดเลือดสมองเฉียบพลัน	5.00
โรคหลอดเลือดส่วนปลาย	5.00
โรคหลอดเลือดหัวใจ	4.80
โรคหลอดเลือดเลี้ยงหัวใจ	5.00
โรคหลอดเลือดแดงส่วนปลาย	5.00
โรคหลอดเลือดแดงแข็ง	5.00
โรคหลอดเลือดและหัวใจ	5.00
โรคหวัด	3.80
โรคหวัดทั่วไป	4.40
โรคหวัดธรรมดา	4.40
โรคหอบ	3.70
โรคหอบทางอารมณ์	4.60
โรคหอบหืด	4.00
โรคหัด	3.70
โรคหัดเยอรมัน	4.40
โรคหัดแมว	4.00
โรคหัวใจ	3.90
โรคหัวใจขาดเลือด	4.70
โรคหัวใจผิดปกติแต่กำเนิด	5.00
โรคหัวใจพิการแต่กำเนิด	5.00
โรคหัวใจร่วมหลอดเลือด	5.00
โรคหัวใจล้มเหลว	4.60
โรคหัวใจวาย	4.20
โรคหัวใจหลอดเลือด	4.80
โรคหัวใจเกี่ยวเนื่องกับปอด	5.00
โรคหัวใจเต้นผิดจังหวะ	5.00
โรคหัวใจแต่กำเนิด	4.80
โรคหัวใจและหลอดเลือด	5.00
โรคหายาก	3.90
โรคหำหด	3.80
โรคหืด	3.70
โรคหืดหอบ	4.00
โรคห่า	3.70
โรคอหิวาต์แอฟริกาในสุกร	5.00
โรคออทิซึม	4.10
โรคออทิสติก	4.20
โรคอะคาเลเซีย	4.40
โรคอัมพาตเฉียบพลัน	4.90
โรคอัลซไฮเมอร์	4.50
โรคอัลไซเมอร์	4.40
โรคอารมณ์สองขั้ว	4.70
โรคอารมณ์สองขั้วประเภทสอง	5.00
โรคอารมณ์สองขั้วประเภทหนึ่ง	5.00
โรคอารมณ์สองขั้วเป็นสเปกตรัม	5.00
โรคอารมณ์หมุนเวียน	4.90
โรคอารมณ์แปรปรวน	4.70
โรคอาร์พี	4.00
โรคอาเจียนเรื้อรัง	4.90
โรคอาเจียนเวียนซ้ำ	4.90
โรคอิไตอิไต	4.20
โรคอีสุกอีใส	4.30
โรคอ้วน	3.80
โรคฮอดจ์กิน	4.20
โรคฮอด์จกิน	4.20
โรคฮันติงตัน	4.30
โรคฮีโมฟิเลีย	4.40
โรคฮีโมฟิเลียชนิดบี	5.00
โรคฮีโมฟิเลียในราชวงศ์ยุโรป	5.00
โรคฮีโมฟีเลียชนิดบี	5.00
โรคฮีโมโกลบินผิดปกติ	5.00
โรคามาดูร์	4.10
โรคุสมิช	3.90
โรคุสมิสช์	4.10
โรคเกรฟ	3.80
โรคเกรฟส์	4.00
โรคเกลื้อน	4.10
โรคเกาต์	3.90
โรคเกาท์	3.90
โรคเกาเชอร์	4.20
โรคเกิดจากงาน	4.40
โรคเก็บสะสมของ	4.50
โรคเก๊าท์	4.00
โรคเขตร้อน	4.10
โรคเขตร้อนที่ถูกละเลย	5.00
โรคเข่าเสื่อม	4.40
โรคเคซอง	3.90
โรคเจิมบรานา	4.30
โรคเชิงหน้าที่	4.50
โรคเซลิแอค	4.10
โรคเซโรโทนิน	4.30
โรคเทอร์เนอร์	4.40
โรคเท้าช้าง	4.20
โรคเนื้องอกของต่อมใต้สมอง	5.00
โรคเนื้อเน่า	4.30
โรคเนเกลอริเอซิส	4.70
โรคเบอร์เกอร์	4.40
โรคเบาหวาน	4.10
โรคเบื่ออาหารเหตุจิตใจ	5.00
โรคเพลียความร้อน	4.70
โรคเมนิแยร์	4.20
โรคเมลิออยด์	4.30
โรคเมลิออยโดซิส	4.60
โรคเมอร์ส	4.00
โรคเมิร์สคอฟ	4.30
โรคเม็ดเลือดแดงรูปเคียว	5.00
โรคเม็ดเลือดแดงแตกในทารก	5.00
โรคเยื่อหุ้มปอดอักเสบ	5.00
โรคเริม	3.80
โรคเรื้อน	4.00
โรคเลปโตสไปโรซีส	4.70
โรคเลือดจาง	4.20
โรคเลือดจางเพราะขาดธาตุเหล็ก	5.00
โรคเลือดจางเพราะขาดโฟเลต	5.00
โรคเลือดจางเพราะพร่องโฟเลต	5.00
โรคเลือดจางเหตุขาดธาตุเหล็ก	5.00
โรคเลือดจางเหตุขาดโฟเลต	5.00
โรคเลือดจางเหตุพร่องโฟเลต	5.00
โรคเลือดออกตามไรฟัน	5.00
โรคเล็ปโตสไปโรซิส	4.80
โรคเล็ปโตสไปโรซีส	4.80
โรคเศร้าซึม	4.20
โรคเสื่อม	4.00
โรคเสื่อมของระบบประสาท	5.00
โรคเหงาหลับ	4.20
โรคเหตุอาชีพ	4.30
โรคเหน็บชา	4.10
โรคเหือด	3.90
โรคเอกซ์	3.90
โรคเอชไอวี	4.10
โรคเอดส์	3.90
โรคเอสแอลอี	4.20
โรคเฮิร์ชสปรัง	4.50
โรคเฮิร์ซปรุง	4.40
โรคเฮโมฟีเลียในราชวงศ์ยุโรป	5.00
โรคแกลนเดอส์	4.30
โรคแคงเกอร์	4.20
โรคแคงเกอร์ในพืชสกุลส้ม	5.00
โรคแทรก	3.80
โรคแทรกซ้อน	4.20
โรคแทรกแซง	4.10
โรคแบคทีเรียกินเนื้อ	5.00
โรคแผลปากหมู	4.30
โรคแผลเปื่อยเพปติก	4.90
โรคแผลในกระเพาะอาหาร	5.00
โรคแพ้คลื่นแม่เหล็กไฟฟ้า	5.00
โรคแพ้ภูมิ	4.10
โรคแพ้ภูมิตัวเอง	4.70
โรคแอดดิสัน	4.20
โรคแอนแทรกซ์	4.30
โรคแอมิลอยด์	4.30
โรคแอมีลอยด์	4.30
โรคโกเชร์	4.00
โรคโกเช่	3.90
โรคโกเช่ร์	4.10
โรคโครห์น	4.00
โรคโครโมโซมผิดปกติ	4.90
โรคโซมาโตฟอร์ม	4.50
โรคโดยการทำงาน	4.50
โรคโดยหน้าที่	4.40
โรคโนเบล	3.90
โรคโปลิโอ	4.00
โรคโปลิโอเฉียบพลัน	4.90
โรคโมยาโมยา	4.20
โรคโมโน	3.80
โรคโลหิตจาง	4.20
โรคโลหิตจางเพราะขาดธาตุเหล็ก	5.00
โรคโลหิตจางเพราะขาดโฟเลต	5.00
โรคโลหิตจางเพราะพร่องโฟเลต	5.00
โรคโลหิตจางเหตุขาดธาตุเหล็ก	5.00
โรคโลหิตจางเหตุขาดโฟเลต	5.00
โรงแรม	2.70
โรดิไซต์	2.90
โรดโชว์	2.80
โรบอต	3.10
โรบัสตา	2.80
โรบินสัน	3.90
โรบ็อต	3.20
โรมัน	2.60
โรมันคาทอลิก	3.30
โรมาเนไคต์	3.10
โรสแมรี่	2.90
โรเซไลต์	2.90
โรเดียม	2.80
โรเบิร์ต	2.90
โรแซไซต์	2.90
โรโดโครไซต์	3.20
โรโดไนต์	2.90
โรโดไลต์	2.90
โล	1.50
โลกาภิวัฒน์	0.50
โลกาภิวัตน์	0.50
โลคัล	2.60
โลจิสติกส์	3.10
โลชัน	2.60
โลตัส	3.60
โลพาไรต์	2.90
โลวีไอต์	2.90
โวลลาสโทไนต์	3.30
โห	1.50
โหราศาสตร์	3.60
โหลด	1.00
โหวต	1.00
โอกาศ	0.50
โอกาส	0.50
โอชิ	2.50
โอซุมิไลต์	3.10
โอดอนโทไลต์	3.20
โอดีเอฟ	2.80
โอตาคุ	2.70
โอท๊อป	2.70
โอนิกซ์	2.80
โอบามา	2.70
โอปอ	2.50
โอพอล	2.60
โอพาไลต์	2.90
โอลด์โรส	2.90
โอลิมปิก	2.90
โอลิวีน	2.80
โอลิเวไนต์	3.10
โอลิโกเคลส	3.10
โอวิแร็ปเตอร์	3.40
โอห์ม	2.60
โอห์มมิเตอร์	3.30
โอเค	1.00
โอเคไนต์	2.90
โอเชียน	2.80
โอเทไวต์	2.90
โอเปร่า	2.80
โอเปอเรเตอร์	3.30
โอเพนซอร์ส	3.60
โอเพนเวิลด์	3.20
โอเพิ่นสตรีทแมป	3.60
โอเพ่นซอร์ส	3.20
โอเลย์	2.20
โอเอซิส	2.80
โอเอส	2.60
โอโคโนมิยากิ	3.80
โอโซน	2.60
โอ้ยย	0.50
โอ้ยยย	0.50
โอ้ยยยย	0.50
โอ้โห	2.10
โอ๊ก	1.00
โอ๊ต	1.00
โฮกาเด้น	2.40
โฮมสเตย์	2.90
โฮมเพจ	2.70
โฮมโปร	2.20
โฮลเมียม	2.90
โฮสต์	3.10
โฮสเทล	2.70
โฮเต็ล	2.70
โฮโนลูลู	2.90
โฮไพต์	2.70
ใจบาง	1.50
ใจฟู	1.50
ใจสั่น	2.20
ใช้ดี	2.10
ใช้ลด	2.10
ไกด์	1.00
ไกลโคไซด์	3.00
ไขมันพอกตับ	4.20
ไขมันในเลือด	4.30
ไข้หวัดใหญ่	4.20
ไข้เลือดออก	4.20
ไคทิน	2.60
ไคมีรา	2.70
ไคม์	2.50
ไคยาไนต์	2.90
ไครสต์เชิร์ช	3.30
ไครโอไลต์	3.00
ไคลนอปไทโลไลต์	3.50
ไคลน์	2.60
ไคลฟ์	2.60
ไคลเอนต์	2.90
ไคลแมกซ์	2.90
ไคลแม็กซ์	3.00
ไคลโนคลอร์	3.10
ไคลโนซอยไซต์	3.30
ไคลโนฮิวไมต์	3.30
ไคลโนฮีไดรต์	3.30
ไคลโนเคลส	3.00
ไคลโนเอนสตาไทต์	3.60
ไคล์	2.50
ไควเออร์	2.90
ไคสโทไลต์	3.00
ไคแอสโทไลต์	3.20
ไคโอไลต์	2.90
ไจโรไลต์	2.90
ไชนาทาวน์	3.00
ไชนีส	2.60
ไชน์	1.00
ไชน์เทอราพี	3.20
ไชม์	2.50
ไชลด์	2.60
ไชลด์ฮุด	2.90
ไซซ์	2.50
ไซด์	2.00
ไซต์	1.00
ไซน์	1.00
ไซน์อิน	3.30
ไซบอร์ก	2.80
ไซยาโนทริไคต์	3.40
ไซยาไนต์	2.90
ไซลินไดรต์	3.10
ไซส์	2.50
ไซเกิล	2.70
ไซเดอร์	2.80
ไซเทชัน	2.80
ไซเบอร์	3.30
ไซเบอร์ซีเคียวริตี้	4.50
ไซเฟอร์	2.80
ไซเรน	2.60
ไซเอนซ์	2.80
ไซโกมาตา	2.90
ไซโคลน	2.70
ไซโทไคนิน	3.00
ไซโมเฟน	2.80
ไซโล	1.00
ไซโลมิเลน	3.00
ไดกิ้น	2.70
ไดครอยต์	2.90
ไดนาโม	2.70
ไดมอนด์	2.80
ไดรฟ์	3.10
ไดออปเทส	2.90
ไดออปไซด์	3.00
ไดอะสปอร์	3.00
ไดอะโบลีไอต์	3.30
ไดอามอนด์	3.00
ไดอิเล็กทริก	3.30
ไดเจไนต์	2.90
ไดเรกตริกซ์	3.20
ไดเรกเตอร์	3.10
ไดแซ็กคาไรด์	3.30
ไดโนเสาร์	3.00
ได้ที่	2.20
ไต่สวนมูลฟ้อง	4.40
ไทซอไนต์	2.90
ไททันออไจต์	3.20
ไททาโนแมกนีไทต์	3.60
ไททาไนต์	2.90
ไทม์	1.00
ไทยลีก	2.20
ไทรกลีเซอไรด์	3.40
ไทรทัน	2.20
ไทรฟิไลต์	3.00
ไทรอยด์	2.80
ไทรเซราท็อปส์	3.40
ไทรโคลแซน	3.00
ไทเทรต	2.70
ไทเทเนียม	3.00
ไทไคต์	2.70
ไนต์คลับ	2.90
ไนทราทีน	2.90
ไนท์ครีม	2.40
ไนน์ทีน	2.80
ไนลอน	2.60
ไนเตอร์	2.80
ไนโตรเจน	2.90
ไนโอเบียม	3.00
ไบต์	1.00
ไบนารี	2.70
ไบรด์	2.60
ไบรต์	2.60
ไบรน์	2.60
ไบรบ์	2.60
ไบรเทน	2.70
ไบเดลไลต์	3.00
ไบโทว์ไนต์	3.10
ไบโนเมียล	3.00
ไบโพลาร์	3.90
ไบโอดาตา	2.90
ไบโอดีเซล	3.00
ไบโอเดตา	2.90
ไบโอไทต์	2.90
ไปตำ	1.50
ไปรเวต	2.70
ไปเที่ยว	2.40
ไป่ตู้	2.70
ไพทอน	3.10
ไพธอน	2.60
ไพรด์	2.60
ไพรม์ไทม์	3.00
ไพรอกซีน	2.90
ไพราร์จีไรต์	3.30
ไพรเวต	2.70
ไพรไซต์	2.80
ไพโรคลอร์	3.00
ไพโรป	2.60
ไพโรฟิลไลต์	3.20
ไพโรมอร์ไฟต์	3.30
ไพโรลูไซต์	3.10
ไพโรออไรต์	3.10
ไพไนต์	2.70
ไพไรต์	2.70
ไพ่ทาโรต์	3.50
ไพ่ยิปซี	3.40
ไฟต์	1.00
ไฟรเบอร์ไกต์	3.30
ไฟร์ฟอกซ์	3.00
ไฟร์ฟ็อกซ์	3.10
ไฟร์วอลล์	3.50
ไฟลต์	2.60
ไฟล์	1.00
ไฟเซอร์	3.80
ไฟเบอร์	2.80
ไฟเออร์	2.80
ไฟแนนซ์	2.80
ไฟโบรไลต์	3.00
ไมกา	1.00
ไมครอน	2.70
ไมต์เนเรียม	3.20
ไมล์	1.00
ไมอาซอรา	2.90
ไมอาร์จิไรต์	3.30
ไมเซล่า	2.30
ไมโครคอนโทรลเลอร์	4.30
ไมโครคอมพิวเตอร์	3.70
ไมโครซอฟต์	3.10
ไมโครซอฟท์	4.10
ไมโครพลาสติก	3.80
ไมโครฟิล์ม	3.10
ไมโครมิเตอร์	3.30
ไมโครเซอร์วิส	3.90
ไมโครเพอร์ไทต์	3.50
ไมโครเวฟ	2.90
ไมโครโฟน	2.90
ไมโครไคลน์	3.10
ไมโครไลต์	3.00
ไม่ตรงปก	1.50
ไม่ไหวบอกไหว	1.50
ไรย์	1.00
ไรเดอร์	2.80
ไลก์	1.00
ไลค์	1.00
ไลซาร์ไดต์	3.10
ไลท์โนเวล	3.00
ไลน์	1.00
ไลน์ไอดี	2.40
ไลบรารี	3.30
ไลฟ์	1.00
ไลฟ์สด	2.70
ไลฟ์สไตล์	3.00
ไลฟ์โค้ช	2.90
ไลมอไนต์	2.90
ไลโอพลัวโรดอน	3.40
ไวน์	1.00
ไวฟาย	2.60
ไวฟุ	2.50
ไวรัส	2.60
ไวรัสตับอักเสบ	4.50
ไวราไคต์	2.90
ไวแทลิตี	2.90
ไวโอลาน	2.80
ไวโอลาไรต์	3.10
ไวโอลาไอต์	3.10
ไวโอลิน	2.80
ไวไทต์	2.70
ไหว้ครู	3.30
ไหว้พระเก้าวัด	4.00
ไอคอน	2.60
ไอจี	2.50
ไอซียู	3.70
ไอซ์สเกต	2.90
ไอดอล	2.60
ไอติม	3.10
ไอที	2.50
ไอน์สไตเนียม	3.30
ไอบีเอ็ม	3.90
ไอบูโพรเฟน	4.10
ไอพอด	2.60
ไอพี	2.50
ไอพ็อด	2.70
ไอร์แลนด์	6.50
ไอศกรีม	3.30
ไอศครีม	0.50
ไอออน	2.60
ไอเดีย	2.70
ไอเทม	2.60
ไอแซกนิวตัน	3.20
ไอแพด	2.60
ไอโซโทป	2.80
ไอโดเครส	2.90
ไอโฟน	2.60
ไอโอดีน	2.80
ไอโอที	2.70
ไอโอเอส	3.30
ไอโอไซต์	2.90
ไอโอไลต์	2.90
ไอ้ไข่	3.20
ไอ้ไข่วัดเจดีย์	4.10
ไฮคันทรี	2.40
ไฮดรอกซิลบาสต์เนไซต์	4.00
ไฮดรอกซิลอะพาไทต์	3.80
ไฮดรา	2.60
ไฮดราร์จิลไลต์	3.50
ไฮบริด	2.70
ไฮยาซินท์	3.00
ไฮยาโลเฟน	3.00
ไฮยาไลต์	2.90
ไฮยาไลน์	2.90
ไฮยีนา	2.70
ไฮลักซ์	3.30
ไฮลักซ์รีโว่	3.80
ไฮเนเก้น	2.40
ไฮเปอร์ลิงก์	3.80
ไฮเพอร์สทีน	3.20
ไฮโกรมิเตอร์	3.30
ไฮโดรกรอสซูลาร์	3.60
ไฮโดรคาร์บอน	3.30
ไฮโดรซิงไคต์	3.30
ไฮโดรบอราไซต์	3.40
ไฮโดรพอนิกส์	3.30
ไฮโดรมิเตอร์	3.30
ไฮโดรเจน	2.90
ไฮโดรเจนซัลไฟด์	3.60
ไฮโดรเจนเพอร์ออกไซด์	4.00
ไฮโดรเฟน	2.90
ไฮโดรแมกนีไซต์	3.50
ไฮโพคลอไรต์	3.20
ไฮโพทาลามัส	3.20
ไฮไฟ	1.00
ไฮไลต์	2.70
ไฮไลท์	2.70
