ก.ค.	7.00
ก.พ.	7.00
ก.ย.	7.00
กก.	4.00
กกต.	5.00
กงศุล	0.50
กงสุล	0.50
กงหรา	6.10
กงไกรลาศ	6.40
กฎกระทรวง	4.00
กฎหมาย	3.70
กฏหมาย	0.50
กฐิน	3.00
กทม	0.50
กทม.	5.00
กบินทร์บุรี	6.70
กม.	5.00
กมธ.	5.00
กมลาไสย	6.30
กรงปินัง	6.40
กรณีที่	4.30
กรมการกงสุล	5.70
กรมการขนส่งทหารบก	6.30
กรมการขนส่งทหารเรือ	6.50
กรมการขนส่งทางบก	6.20
กรมการขนส่งทางราง	6.30
กรมการขนส่งทางอากาศ	6.50
กรมการขนส่งรัฐแคลิฟอร์เนีย	6.50
กรมการข้าว	5.60
กรมการค้าต่างประเทศ	6.50
กรมการค้าภายใน	6.00
กรมการจัดหางาน	6.00
กรมการท่องเที่ยว	6.20
กรมการบินพลเรือน	6.20
กรมการบินพาณิชย์	6.20
กรมการปกครอง	5.80
กรมการประชาชนฝ่ายกิจการภายใน	6.50
กรมการผังเมือง	6.00
กรมการฝึกหัดครู	6.10
กรมการพัฒนาชุมชน	6.20
กรมการรักษาดินแดน	6.30
กรมการราษฎรฝ่ายกิจการภายใน	6.50
กรมการศาสนา	5.70
กรมการศึกษานอกโรงเรียน	6.50
กรมการสารวัตรทหารบก	6.50
กรมการเงินทหารบก	6.20
กรมการเงินทหารอากาศ	6.50
กรมการเงินทหารเรือ	6.40
กรมการเมืองพรรคแรงงานเกาหลี	6.50
กรมการเมืองรัฐ	6.00
กรมการเร่งรัดพัฒนาชนบท	6.50
กรมการแพทย์	5.70
กรมการใหญ่ความมั่นคงไรช์	6.50
กรมการใหญ่เอ็สเอ็ส	6.40
กรมกำลังพลทหารบก	6.20
กรมกิจการผู้สูงอายุ	6.50
กรมกิจการเด็กและเยาวชน	6.50
กรมกิจลับสหรัฐ	6.00
กรมขนส่งทหารอากาศ	6.30
กรมขนส่งทางน้ำและพาณิชย์นาวี	6.50
กรมขุนกระษัตรานุชิต	6.50
กรมขุนกษัตรานุชิต	6.30
กรมขุนขัตติยกัลยา	6.30
กรมขุนชัยนาทนเรนทร	6.40
กรมขุนธิเบศวร์บวร	6.30
กรมขุนพิจิตรเจษฎ์จันทร์	6.50
กรมขุนพิทยลาภพฤฒิธาดา	6.50
กรมขุนมรุพงศ์สิริพัฒน์	6.50
กรมขุนยี่สารเสนีย์	6.40
กรมขุนราชสีหวิกรม	6.30
กรมขุนรามินทรสุดา	6.30
กรมขุนวรจักรธรานุภาพ	6.50
กรมขุนวิมลพัตร	6.00
กรมขุนวิมลภักดี	6.10
กรมขุนศรีธรรมราชธำรงฤทธิ์	6.50
กรมขุนศรีสัชนาลัยสุรกัญญา	6.50
กรมขุนศรีสุนทร	6.00
กรมขุนสถิตย์สถาพร	6.30
กรมขุนสวรรคโลกลักษณวดี	6.50
กรมขุนสิริธัชสังกาศ	6.50
กรมขุนสุทธาสินีนาฏ	6.40
กรมขุนสุนทรภูเบศร์	6.40
กรมขุนสุพรรณภาควดี	6.40
กรมขุนสุรินทรสงคราม	6.50
กรมขุนสุเรนทรพิทักษ์	6.50
กรมขุนอนุรักษ์มนตรี	6.50
กรมขุนอินทรพิทักษ์	6.40
กรมขุนอิศรานุรักษ์	6.40
กรมขุนอิศเรศรังสรรค์	6.50
กรมขุนอู่ทองเขตขัตติยนารี	6.50
กรมขุนเจริญผลพูลสวัสดิ์	6.50
กรมขุนเทพทวาราวดี	6.30
กรมขุนเพชรบูรณ์อินทราชัย	6.50
กรมขุนเพ็ชรบูรณ์อินทราชัย	6.50
กรมขุนเพ็ชรบูรณ์อินทราไชย	6.50
กรมขุนเสนาบริรักษ์	6.40
กรมขุนเสนาพิทักษ์	6.30
กรมขุนเสนีนุรักษ์	6.30
กรมข่าวทหารบก	5.90
กรมคลอง	5.30
กรมคลัง	5.30
กรมควบคุมมลพิษ	6.00
กรมควบคุมโรค	5.80
กรมความร่วมมือระหว่างประเทศ	6.50
กรมความลับทหาร	6.00
กรมคุมประพฤติ	5.90
กรมงานแนวร่วม	5.90
กรมงุย	5.20
กรมชลประทาน	5.70
กรมช่างอากาศ	5.80
กรมช่างโยธาทหารเรือ	6.50
กรมดับเพลิง	5.70
กรมตำรวจ	5.40
กรมตำรวจจังหวัด	6.10
กรมตำรวจนครบาลโตเกียว	6.50
กรมตำรวจลอสแอนเจลิส	6.50
กรมตำรวจลอสแอนเจอลิส	6.50
กรมตำรวจโตเกียว	6.10
กรมทรัพยากรธรณี	6.10
กรมทรัพยากรน้ำ	6.00
กรมทรัพยากรน้ำบาดาล	6.50
กรมทหารมหาดเล็กรักษาพระองค์	6.50
กรมทหารรักษาวัง	6.10
กรมทหารราบที่11	7.10
กรมทหารสารวัตรทหารอากาศ	6.50
กรมทหารอาสาสมัคร	6.20
กรมทางหลวง	5.60
กรมทางหลวงชนบท	6.00
กรมที่ดิน	5.50
กรมท่าอากาศยาน	6.00
กรมธนารักษ์	5.70
กรมธนารักษ์ในสมเด็จฯ	6.50
กรมนครสวรรค์วรพินิต	6.50
กรมนคราทร	5.50
กรมนาวิกโยธิน	5.90
กรมบริจาภักดีศรีสุดารักษ์	6.50
กรมบัญชีกลาง	5.80
กรมประกันสังคม	6.00
กรมประชาชน	5.60
กรมประชาธิปไตย	6.00
กรมประชาสงเคราะห์	6.30
กรมประชาสัมพันธ์	6.20
กรมประมง	5.40
กรมปรึกษาฆุมสังกัด	6.40
กรมปรึกษาชาติชั้นสูง	6.50
กรมปรึกษาราชบัลลังก์	6.50
กรมปศุสัตว์	5.70
กรมป่าไม้	6.50
กรมป้องกันและบรรเทาสาธารณภัย	6.50
กรมฝนหลวงและการบินเกษตร	6.50
กรมพระกำแพงเพชรอัครโยธิน	6.50
กรมพระกำแพงเพ็ชรอัครโยธิน	6.50
กรมพระคลังข้างที่	6.30
กรมพระจักรพรรดิพงศ์	6.50
กรมพระจักรพรรดิพงษ์	6.50
กรมพระจันทบุรีนฤนาถ	6.50
กรมพระนครปฐมบรมขัตติยานี	6.50
กรมพระนครสวรรค์วรพินิต	6.50
กรมพระนราธิปประพันธ์พงศ์	6.50
กรมพระนเรศรวรฤทธิ์	6.40
กรมพระนเรศร์วรฤทธิ์	6.50
กรมพระบำราบปรปักษ์	6.40
กรมพระปรมานุชิตชิโนรส	6.50
กรมพระพิทักษเทเวศร์	6.50
กรมพระพิทักษ์เทเวศร์	6.50
กรมพระพิพิธโภคภูเบนทร์	6.50
กรมพระยาชัยนาทนเรนทร	6.50
กรมพระยาดำรงราชานุภาพ	6.50
กรมพระยานริศรานุวัดติวงศ์	6.50
กรมพระยาบำราบปรปักษ์	6.50
กรมพระยาปวเรศวริยาลงกรณ์	6.50
กรมพระยาภาณุพันธุวงศ์วรเดช	6.50
กรมพระยาวชิรญาณวโรรส	6.50
กรมพระยาสุดารัตนราชประยูร	6.50
กรมพระยาเดชาดิศร	6.20
กรมพระยาเทพสุดาวดี	6.40
กรมพระยาเทววงศ์วโรปการ	6.50
กรมพระยาเทวะวงศวโรปการ	6.50
กรมพระยาเทวะวงศ์วโรปการ	6.50
กรมพระราชวังบวรมหาศักดิพลเสพ	6.50
กรมพระราชวังบวรมหาสุรสิงหนาท	6.50
กรมพระราชวังบวรวิชัยชาญ	6.50
กรมพระราชวังบวรวิไชยชาญ	6.50
กรมพระราชวังบวรสถานพิมุข	6.50
กรมพระราชวังบวรสถานภิมุข	6.50
กรมพระราชวังบวรสถานมงคล	6.50
กรมพระราชวังบวรฯ	6.20
กรมพระราชวังบวรเสนาพิทักษ์	6.50
กรมพระราชวังหลัง	6.20
กรมพระรามอิศเรศ	6.10
กรมพระศรีสวางควัฒน	6.40
กรมพระศรีสุดารักษ์	6.40
กรมพระสมมตอมรพันธ์	6.40
กรมพระสวัสดิวัดนวิศิษฎ์	6.50
กรมพระสวัสดิวัตน์วิศิษฎ์	6.50
กรมพระสุดารัตนราชประยูร	6.50
กรมพระอนุรักษ์เทเวศร์	6.50
กรมพระเทพนารีรัตน์	6.40
กรมพระเทพสุดาวดี	6.20
กรมพระเทพามาตย์	6.10
กรมพระเทเวศร์วัชรินทร์	6.50
กรมพร้อมรบส่วนกลาง	6.40
กรมพลร่ม	5.40
กรมพลศึกษา	5.60
กรมพลาธิการทหารอากาศ	6.50
กรมพัฒนาที่ดิน	6.00
กรมพัฒนาธุรกิจการค้า	6.50
กรมพัฒนาสังคมและสวัสดิการ	6.50
กรมพัฒนาและส่งเสริมพลังงาน	6.50
กรมพิธีการทูต	5.90
กรมพิพิธภัณฑ์	5.90
กรมภู	5.10
กรมยุทธโยธาทหารบก	6.30
กรมยุโรป	5.40
กรมรถไฟ	5.30
กรมรถไฟหลวง	5.70
กรมราชทัณฑ์	5.70
กรมราชองครักษ์	6.00
กรมราชเลขานุการในพระองค์	6.50
กรมวัง	5.20
กรมวิชาการเกษตร	6.10
กรมวิทยาศาสตร์	6.00
กรมวิทยาศาสตร์การแพทย์	6.50
กรมวิทยาศาสตร์ทหารเรือ	6.50
กรมวิทยาศาสตร์บริการ	6.50
กรมวิสามัญศึกษา	6.10
กรมศิลปากร	5.60
กรมศุลกากร	5.60
กรมสนธิสัญญาและกฎหมาย	6.50
กรมสนับสนุนกองพลนาวิกโยธิน	6.50
กรมสมเด็จพระ	4.80
กรมสมเด็จพระบำราบปรปักษ์	6.50
กรมสมเด็จพระปรมานุชิตชิโนรส	6.50
กรมสมเด็จพระปวเรศวริยาลงกรณ์	6.50
กรมสมเด็จพระศรีสุราลัย	6.50
กรมสมเด็จพระศรีสุลาลัย	6.50
กรมสมเด็จพระศรีสุลาไลย	6.50
กรมสมเด็จพระอมรินทรามาตย์	6.50
กรมสมเด็จพระเทพรัตนราชสุดา	6.50
กรมสมเด็จพระเทพศิรินทรามาตย์	6.50
กรมสมเด็จพระเทพามาตย์	6.50
กรมสรรพสามิต	5.80
กรมสรรพากร	5.60
กรมสรรพาวุธทหารบก	6.30
กรมสรรพาวุธทหารอากาศ	6.50
กรมสรรพาวุธทหารเรือ	6.50
กรมสอบสวนคดีพิเศษ	6.30
กรมสามัญศึกษา	5.90
กรมสารนิเทศ	5.70
กรมสารวัตรทหารเรือ	6.40
กรมสำรวจโบราณคดีอินเดีย	6.50
กรมสื่อสารทหารเรือ	6.40
กรมสุขภาพจิต	5.80
กรมสุขาภิบาล	5.80
กรมส่งกำลังบำรุงทหารบก	6.50
กรมส่งเสริมการปกครองท้องถิ่น	6.50
กรมส่งเสริมการเกษตร	6.50
กรมส่งเสริมการเรียนรู้	6.50
กรมส่งเสริมคุณภาพสิ่งแวดล้อม	6.50
กรมส่งเสริมวัฒนธรรม	6.50
กรมส่งเสริมสหกรณ์	6.30
กรมส่งเสริมอุตสาหกรรม	6.50
กรมหมื่นกษัตริย์ศรีศักดิเดช	6.50
กรมหมื่นจันทบุรีสุรนาถ	6.50
กรมหมื่นจิตรภักดี	6.30
กรมหมื่นจิตรสุนทร	6.30
กรมหมื่นชาญไชญบวรยศ	6.50
กรมหมื่นชาญไชยบวรยศ	6.50
กรมหมื่นณรงค์หริรักษ์	6.50
กรมหมื่นทิวากรวงศ์	6.40
กรมหมื่นทิวากรวงศ์ประวัติ	6.50
กรมหมื่นนราธิปพงศ์ประพันธ์	6.50
กรมหมื่นนรินทรพิทักษ์	6.50
กรมหมื่นนรินทรเทพ	6.30
กรมหมื่นนเรนทรบริรักษ์	6.50
กรมหมื่นนเรศร์วรฤทธิ์	6.50
กรมหมื่นบวรรังสีสุริยพันธุ์	6.50
กรมหมื่นบวรวิไชยชาญ	6.50
กรมหมื่นปรมานุชิตชิโนรส	6.50
กรมหมื่นพงศาดิศรมหิป	6.50
กรมหมื่นพิชิตปรีชากร	6.50
กรมหมื่นพิทยาลงกรณ	6.40
กรมหมื่นพิทยาลงกรณ์	6.50
กรมหมื่นพิทยาลาภพฤฒิธาดา	6.50
กรมหมื่นพิทักษ์ภูเบศร์	6.50
กรมหมื่นพิศาลบวรศักดิ์	6.50
กรมหมื่นพิไชยมหินทโรดม	6.50
กรมหมื่นภาณุพงศ์พิริยเดช	6.50
กรมหมื่นภูธเรศธำรงศักดิ์	6.50
กรมหมื่นภูบดีราชหฤทัย	6.50
กรมหมื่นภูบาลบริรักษ์	6.50
กรมหมื่นภูมินทรภักดี	6.50
กรมหมื่นมหิศรราชหฤทัย	6.50
กรมหมื่นมาตยาพิทักษ์	6.50
กรมหมื่นมเหศวรศิววิลาส	6.50
กรมหมื่นราชศักดิ์สโมสร	6.50
กรมหมื่นวรจักรธรานุภาพ	6.50
กรมหมื่นวิวิธวรรณปรีชา	6.50
กรมหมื่นวิษณุนาถนิภาธร	6.50
กรมหมื่นศรีสุเทพ	6.20
กรมหมื่นศรีสุเรนทร์	6.50
กรมหมื่นศักดิพลเสพ	6.40
กรมหมื่นศักดิพลเสพย์	6.50
กรมหมื่นศุภกาพย์กวีการ	6.50
กรมหมื่นสถิตย์ธำรงศักดิ	6.50
กรมหมื่นสถิตย์ธำรงสวัสดิ์	6.50
กรมหมื่นสรรควิสัยนรบดี	6.50
กรมหมื่นสรรพสิทธิประสงค์	6.50
กรมหมื่นสุทธนารีนาถ	6.50
กรมหมื่นสุนทรธิบดี	6.40
กรมหมื่นสุนทรเทพ	6.20
กรมหมื่นสุรินทรรักษ์	6.50
กรมหมื่นอดิศรอุดมศักดิ์	6.50
กรมหมื่นอดุลยลักษณสมบัติ	6.50
กรมหมื่นอนุพงษ์จักรพรรดิ์	6.50
กรมหมื่นอนุวัตรจาตุรนต์	6.50
กรมหมื่นอลงกฎกิจปรีชา	6.50
กรมหมื่นอัปสรสุดาเทพ	6.50
กรมหมื่นอินทรพิพิธ	6.40
กรมหมื่นอินทรภักดี	6.40
กรมหมื่นเจษฎาบดินทร์	6.50
กรมหมื่นเชษฐาธิเบนทร์	6.50
กรมหมื่นเทพพิพิธ	6.20
กรมหมื่นเสพภักดี	6.20
กรมหมื่นไกรสรวิชิต	6.40
กรมหมื่นไชยาศรีสุริโยภาส	6.50
กรมหม่อนไหม	5.70
กรมหลวงชินวรสิริวัฒน์	6.50
กรมหลวงชุมพร	5.80
กรมหลวงชุมพรเขตรอุดมศักดิ์	6.50
กรมหลวงชุมพรเขตอุดมศักดิ์	6.50
กรมหลวงทิพยรัตนกิริฎกุลินี	6.50
กรมหลวงนครราชสีมา	6.30
กรมหลวงนครไชยศรีสุรเดช	6.50
กรมหลวงนราธิวาสราชนครินทร์	6.50
กรมหลวงนรินทรเทวี	6.30
กรมหลวงบดินทรไพศาลโสภณ	6.50
กรมหลวงบาทจริกา	6.10
กรมหลวงบาทบริจา	6.10
กรมหลวงประจักษ์ศิลปาคม	6.50
กรมหลวงประจันกรศิลปาคม	6.50
กรมหลวงปราจิณกิตติบดี	6.50
กรมหลวงปราจิณกิติบดี	6.50
กรมหลวงพรหมวรานุรักษ์	6.50
กรมหลวงพิชิตปรีชากร	6.50
กรมหลวงพิพิธมนตรี	6.30
กรมหลวงพิษณุโลก	6.10
กรมหลวงพิษณุโลกประชานาถ	6.50
กรมหลวงรักษรณเรศร	6.30
กรมหลวงรักษ์รณเรศ	6.30
กรมหลวงราชบุรี	6.00
กรมหลวงราชบุรีดิเรกฤทธิ์	6.50
กรมหลวงราชานุรักษ์	6.40
กรมหลวงลพบุรีราเมศร์	6.50
กรมหลวงวงศาธิราชสนิท	6.50
กรมหลวงวงษาธิราชสนิท	6.50
กรมหลวงวชิรญาณวงศ์	6.40
กรมหลวงวรศักดาพิศาล	6.50
กรมหลวงวรเสรฐสุดา	6.30
กรมหลวงวิสุทธิกระษัตริย์	6.50
กรมหลวงวิสุทธิกษัตริย์	6.50
กรมหลวงศรีรัตนโกสินทร	6.50
กรมหลวงศรีสุนทรเทพ	6.40
กรมหลวงสงขลานครินทร์	6.50
กรมหลวงสมรรัตนศิริเชษฐ์	6.50
กรมหลวงสมรรัตนสิริเชษฐ	6.50
กรมหลวงสมรรัตนสิริเชษฐ์	6.50
กรมหลวงสรรพสาตรศุภกิจ	6.50
กรมหลวงสรรพสิทธิประสงค์	6.50
กรมหลวงสิงหวิกรมเกรียงไกร	6.50
กรมหลวงสุโขทัยธรรมราชา	6.50
กรมหลวงอดิศรอุดมเดช	6.50
กรมหลวงอนุรักษ์เทเวศร์	6.50
กรมหลวงอภัยนุชิต	6.20
กรมหลวงเทพยวดี	6.00
กรมหลวงเทวะวงศ์วโรปการ	6.50
กรมหลวงเทวินทรสุดา	6.40
กรมหลวงเพชรบุรีราชสิรินธร	6.50
กรมหลวงเสนานุรักษ์	6.40
กรมหลวงโยธาทิพ	6.00
กรมหลวงโยธาเทพ	6.00
กรมองค์การพรรคคอมมิวนิสต์จีน	6.50
กรมองค์การระหว่างประเทศ	6.50
กรมอนามัย	5.50
กรมอาชีวศึกษา	5.90
กรมอาเซียน	5.60
กรมอิเล็กทรอนิกส์ทหารเรือ	6.50
กรมอุตุนิยมวิทยา	6.20
กรมอุตุนิยมวิทยาญี่ปุ่น	6.50
กรมอุตุนิยมวิทยาฟิจิ	6.50
กรมอุตุนิยมวิทยาฟีจี	6.50
กรมอุตุนิยมวิทยาเกาหลี	6.50
กรมอู่ทหารเรือ	6.00
กรมอเมริกาและแปซิฟิกใต้	6.50
กรมิษฐ์คงสุขสกุลโรจน์	6.50
กรมเจ้าท่า	5.60
กรมเชื้อเพลิงธรรมชาติ	6.50
กรมเศรษฐกิจระหว่างประเทศ	6.50
กรมเอเชียตะวันออก	6.30
กรมแผนที่ทหาร	5.90
กรมแพทย์ทหารบก	6.00
กรมแพทย์ทหารอากาศ	6.30
กรมแพทย์ทหารเรือ	6.20
กรมโฆษณาการ	5.70
กรมโยธาธิการ	5.80
กรมโยธาธิการและผังเมือง	6.50
กรมโยธาเทศบาล	5.90
กรมโรงงานอุตสาหกรรม	6.50
กรมโลหกิจ	5.50
กรมไปรษณีย์สหรัฐ	6.20
กรมไปรษณีย์โทรเลข	6.30
กรรมสิทธิ์	4.10
กรรมาธิการ	3.60
กรวดน้ำ	3.30
กรอสซูลาร์	3.10
กรอสซูลาไรต์	3.30
กระทรวงกลาโหม	5.90
กระทรวงกลาโหมกัมพูชา	6.50
กระทรวงกลาโหมของไทย	6.50
กระทรวงกลาโหมญี่ปุ่น	6.50
กระทรวงกลาโหมสหพันธ์	6.50
กระทรวงกลาโหมสหรัฐ	6.40
กระทรวงกลาโหมสหรัฐอเมริกา	6.50
กระทรวงกลาโหมสหรัฐฯ	6.50
กระทรวงกองทัพบกสหรัฐ	6.50
กระทรวงกองทัพอากาศสหรัฐ	6.50
กระทรวงกองทัพเรือสหรัฐ	6.50
กระทรวงการก่อสร้าง	6.40
กระทรวงการคลัง	6.00
กระทรวงการคลังของไทย	6.50
กระทรวงการคลังสหรัฐ	6.50
กระทรวงการต่างประเทศ	6.50
กระทรวงการต่างประเทศของไทย	6.50
กระทรวงการต่างประเทศสหรัฐ	6.50
กระทรวงการทหารผ่านศึกสหรัฐ	6.50
กระทรวงการท่องเที่ยว	6.50
กระทรวงการท่องเที่ยวและกีฬา	6.50
กระทรวงการบิน	5.90
กระทรวงการพัฒนาสังคมและความมั่นคงของมนุษย์	6.50
กระทรวงการพัฒนาเศรษฐกิจ	6.50
กระทรวงการรวมชาติ	6.30
กระทรวงการสงครามสหรัฐ	6.50
กระทรวงการสหกรณ์	6.20
กระทรวงการสาธารณสุข	6.50
กระทรวงการอุดมศึกษา วิทยาศาสตร์ วิจัยและนวัตกรรม	6.50
กระทรวงการเศรษฐกิจ	6.40
กระทรวงกิจการชาวแปซิฟิก	6.50
กระทรวงกิจการทั่วไป	6.50
กระทรวงกิจการนารี	6.30
กระทรวงกิจการพลเรือน	6.50
กระทรวงกิจการภายใน	6.40
กระทรวงกีฬา	5.70
กระทรวงของประเทศฝรั่งเศส	6.50
กระทรวงข่าวสาร	6.00
กระทรวงคมนาคม	5.90
กระทรวงคมนาคมของไทย	6.50
กระทรวงคมนาคมสหรัฐ	6.40
กระทรวงคลองหลอด	6.10
กระทรวงคลัง	5.70
กระทรวงความมั่นคงภายในสหรัฐ	6.50
กระทรวงความมั่นคงสาธารณะ	6.50
กระทรวงความมั่นคงแห่งรัฐ	6.50
กระทรวงความมั่นคงแห่งรัฐจีน	6.50
กระทรวงชายแดนและกิจการชนเผ่า	6.50
กระทรวงดิจิทัลเพื่อเศรษฐกิจและสังคม	6.50
กระทรวงต่อต้านสารเสพติด	6.50
กระทรวงต่างประเทศ	6.30
กระทรวงทรัพยากรธรรมชาติ	6.50
กระทรวงทรัพยากรธรรมชาติและสิ่งแวดล้อม	6.50
กระทรวงทรัพย์ฯ	6.00
กระทรวงทหารบกสหรัฐ	6.40
กระทรวงทหารอากาศสหรัฐ	6.50
กระทรวงทหารเรือ	6.10
กระทรวงทหารเรือสหรัฐ	6.50
กระทรวงท่องเที่ยว	6.30
กระทรวงธรรมการ	6.00
กระทรวงธุรกิจและการค้า	6.50
กระทรวงนครบาล	5.90
กระทรวงบริหารกลางสหรัฐ	6.50
กระทรวงปฏิปักษ์วัตถุต้องเสพ	6.50
กระทรวงประชาบาลและโฆษณาการ	6.50
กระทรวงประสิทธิภาพรัฐบาล	6.50
กระทรวงป้องกันความสงบ	6.50
กระทรวงป้องกันชาติ	6.40
กระทรวงป้องกันประเทศ	6.50
กระทรวงฝรั่งเศส	6.10
กระทรวงพระคลัง	6.00
กระทรวงพระคลังมหาสมบัติ	6.50
กระทรวงพลังงาน	6.00
กระทรวงพลังงานของไทย	6.50
กระทรวงพลังงานสหรัฐ	6.50
กระทรวงพลังงานและน้ำ	6.50
กระทรวงพัฒนาการแห่งชาติ	6.50
กระทรวงพาณิชยกรรม	6.30
กระทรวงพาณิชย์	6.00
กระทรวงพาณิชย์ของไทย	6.50
กระทรวงพาณิชย์สหรัฐ	6.50
กระทรวงพาณิชย์สหรัฐอเมริกา	6.50
กระทรวงพาณิชย์และแรงงานสหรัฐ	6.50
กระทรวงพานิชย์	6.00
กระทรวงมหาดไทย	6.00
กระทรวงมหาดไทยของไทย	6.50
กระทรวงมหาดไทยสหรัฐ	6.50
กระทรวงมุรธาธร	6.00
กระทรวงยุติธรรม	6.10
กระทรวงยุติธรรมของไทย	6.50
กระทรวงยุติธรรมสหรัฐ	6.50
กระทรวงยุติธรรมและความมั่นคง	6.50
กระทรวงยุทธนาการสหรัฐ	6.50
กระทรวงวัง	5.60
กระทรวงวัฒนธรรม	6.10
กระทรวงวัฒนธรรมของไทย	6.50
กระทรวงวิทยาศาสตร์	6.40
กระทรวงศึกษาธิการ	6.30
กระทรวงศึกษาธิการของไทย	6.50
กระทรวงศึกษาธิการสหรัฐ	6.50
กระทรวงสงครามสหรัฐ	6.40
กระทรวงสถานการณ์ฉุกเฉิน	6.50
กระทรวงสหกรณ์	5.90
กระทรวงสาธารณสุข	7.20
กระทรวงสาธารณสุขของไทย	6.50
กระทรวงสาธารณะการและคมนาคม	6.50
กระทรวงสำนักงานไปรษณีย์สหรัฐ	6.50
กระทรวงสิ่งแวดล้อม	6.40
กระทรวงสิ่งแวดล้อมและพลังงาน	6.50
กระทรวงอบรมยุวชนและกีฬา	6.50
กระทรวงอาณานิคม	6.10
กระทรวงอาหารและการเกษตรไรช์	6.50
กระทรวงอุดมศึกษาและทางหลวง	6.50
กระทรวงอุตสาหกรรม	6.30
กระทรวงอุตสาหกรรมของไทย	6.50
กระทรวงอุตสาหกรรมและการค้า	6.50
กระทรวงเกษตร	5.80
กระทรวงเกษตรตราธิการ	6.50
กระทรวงเกษตรและสหกรณ์	6.50
กระทรวงแรงงาน	5.90
กระทัดรัด	0.50
กระทำด้วยความจำเป็น	5.00
กระทุ่มแบน	6.60
กระนวน	6.20
กระบี่	8.20
กระบุรี	6.30
กระสัง	6.20
กระเพรา	0.50
กระแสสินธุ์	6.70
กรัม	4.00
กราฟ	2.50
กราฟิก	2.70
กรีซ	6.00
กรีนชีกต์	3.00
กรีนอกไคต์	3.10
กรีนแลนด์	6.50
กรีนโอ๊ก	2.90
กรุงธนบุรี	6.60
กรุงเทพ	5.30
กรุงเทพคริสเตียน	4.70
กรุงเทพคริสเตียนวิทยาลัย	5.00
กรุงเทพมหานคร	8.90
กรุงเทพอภิวัฒน์	7.10
กรุงเทพฯ	8.40
กรุ๊ป	2.60
กรูป	2.50
กรูมมิ่ง	1.50
กรูเนอไรต์	3.10
กลต.	4.00
กลยุทธ์	2.80
กลอโคดอต	2.90
กลอโคเฟน	2.90
กลอโคโครไอต์	3.30
กลอโคไนต์	3.00
กลันตัน	6.30
กลาสโกว	2.80
กลาเซอไรต์	3.10
กลูโคส	2.70
กล่าวคือ	4.40
กล่าวโทษ	3.90
กล้องมองหลัง	3.80
กล้ามเนื้อหัวใจขาดเลือด	5.00
กวม	6.00
กวาร์	2.60
กวาร์กัม	2.90
กสทช.	5.10
กอ.รมน.	4.30
กองทัพบก	5.40
กองทัพอากาศ	5.70
กองทัพเรือ	5.60
กองทุนการเงินระหว่างประเทศ	6.50
กองทุนกู้ยืมเพื่อการศึกษา	4.50
กองทุนดัชนี	4.20
กองทุนประกันสังคม	6.30
กองทุนรวม	4.00
กองทุนสำรองเลี้ยงชีพ	5.00
กองมรดก	3.80
กอดทิพย์	1.50
กอร์มาไนต์	3.10
กอล่าง	3.20
กอล์ฟ	2.60
กะตะ	6.00
กะทัดรัด	0.50
กะทู้	6.10
กะปง	6.00
กะพ้อ	6.10
กะรน	6.00
กะรัต	2.60
กะเปอร์	6.30
กะเพรา	0.50
กักขังแทนค่าปรับ	4.70
กักเก็บคาร์บอน	4.00
กังวาน	0.50
กังวาล	0.50
กัดมันไดต์	3.10
กันตัง	6.20
กันทรลักษ์	6.60
กันทรวิชัย	6.60
กันทรารมย์	6.60
กันพลา	2.70
กัปตัน	2.70
กัฟฟี่	2.70
กัฟเวอร์แนนซ์	3.40
กัมพูชา	6.30
กัลยาณิวัฒนา	6.80
กัวคาโมเล	3.50
กัวลาลัมเปอร์	6.90
กัวเดอลุป	6.50
กัวเตมาลา	6.50
กาญจนดิษฐ์	6.60
กาญจนบุรี	8.50
กาญจนาภิเษก	5.20
กาด	0.50
กาตาร์	6.20
กานา	6.00
กาบอง	6.10
กาบัง	6.10
กาบูเวร์ดี	6.60
กาบเชิง	6.30
กายภาพบำบัด	4.20
กายอานา	6.30
การกระจายอำนาจ	4.00
การกระทำความผิด	5.60
การกักขัง	4.00
การกักเก็บคาร์บอน	4.30
การกำจัดขยะ	3.70
การขับเคลื่อนสังคม	4.40
การคัดแยกขยะ	3.80
การจำคุก	3.90
การชาร์จเร็ว	3.80
การชำระหนี้	4.20
การชำระเงิน	4.20
การชุมนุม	5.00
การดำเนินคดี	5.30
การทางพิเศษแห่งประเทศไทย	6.50
การท่องเที่ยวแห่งประเทศไทย	6.50
การท่าอากาศยานแห่งประเทศไทย	6.50
การท่าเรือแห่งประเทศไทย	6.50
การบวช	3.20
การปกครองส่วนท้องถิ่น	4.50
การปฏิบัติหน้าที่	5.80
การประปานครหลวง	6.10
การประปาส่วนภูมิภาค	6.50
การประสานงาน	5.30
การประหารชีวิต	4.50
การปลดหนี้	4.10
การปลูกป่า	3.60
การฟอกเงิน	4.10
การรถไฟฟ้าขนส่งมวลชนแห่งประเทศไทย	6.50
การรถไฟแห่งประเทศไทย	6.50
การรอลงอาญา	4.20
การรักษาความปลอดภัย	6.00
การรับสภาพหนี้	4.50
การริบทรัพย์สิน	4.60
การสมรสซ้อน	4.20
การสาบสูญ	4.00
การสืบสวน	5.00
การหักกลบลบหนี้	4.60
การันตี	2.80
การเคหะ	6.30
การเคหะแห่งชาติ	6.10
การเปลี่ยนแปลงสภาพภูมิอากาศ	4.50
การเลือกตั้ง	3.80
การเลือกตั้งทั่วไป	4.40
การแถลงข่าว	5.20
การแยกขยะ	3.50
การให้บริการ	5.30
การไฟฟ้านครหลวง	6.10
การไฟฟ้าฝ่ายผลิตแห่งประเทศไทย	6.50
การไฟฟ้าส่วนภูมิภาค	6.50
การ์ด	2.60
การ์ตูน	2.80
การ์ตูนญี่ปุ่น	3.50
การ์เนต	2.80
การ์เนียไรต์	3.30
กาลิเลโอกาลิเล	3.50
กาลีนา	2.70
กาลเทศะ	0.50
กาลเทสะ	0.50
กาห์ไนต์	2.90
กาฬสินธุ์	8.50
กาเบียล	2.80
กาแลกซี่	2.90
กาแลกไซต์	3.00
กาแล็กซี	2.90
กาแล็กโทส	3.00
กาโดลิไนต์	3.10
กำมะถัน	2.80
กำแพงเพชร	8.50
กำแพงแสน	6.40
กิกะบิต	3.30
กิกะไบต์	3.40
กิต	3.00
กิตฮับ	3.20
กิตแล็บ	3.30
กินรอบวง	1.50
กินี	6.00
กินแห้ว	1.50
กิบบ์ไซต์	3.00
กิฟต์	2.60
กิฟต์เซต	2.90
กิฟต์เซ็ต	3.00
กิฟต์เวาเชอร์	3.40
กิมจิ	3.10
กิมมิก	2.70
กิลด์	2.60
กิโล	2.50
กิโลเมตร	4.40
กิโลเฮิรตซ์	3.20
กิโลไซเกิล	3.10
กีตาร์	2.70
กีย์เซอไรต์	3.20
กุฉินารายณ์	6.70
กุดข้าวปุ้น	6.70
กุดจับ	6.20
กุดชุม	6.20
กุดบาก	6.20
กุดรัง	6.20
กุมภวาปี	6.40
กุมารทอง	3.40
กุมารี	3.20
กุมารแพทย์	4.10
กุยบุรี	6.30
กุศโลบาย	0.50
กุศโลบายล์	0.50
กุสุมาลย์	6.50
กุ๊ก	2.50
กูด	2.50
กูบลิไนต์	3.00
กูเกิล	3.70
กูเกิลทอล์ค	3.20
กูเกิลเทร็นดส์	3.50
กูเกิลแมป	3.00
กูเกิลโครม	3.10
กูเกิลไดรฟ์	3.70
กูเกิ้ล	2.80
กู่แก้ว	6.30
กู๊ดส์	2.70
กู๊ดแคท	3.30
ก็ดี	4.00
ก็ได้	4.10
ก่อนหน้านี้	4.70
ก่อเหตุ	4.80
ก๊อซ	2.50
ก๊อบปี้	2.80
ก๊อปปี้	2.80
ก๊าซ	2.50
ก๊าซคาร์บอนไดออกไซด์	4.50
ก๊าซมีเทน	3.50
ก๊าซเรือนกระจก	4.00
ขณะนี้	4.20
ขณะเดียวกัน	4.70
ขนอม	6.00
ขยะพลาสติก	3.60
ขยะรีไซเคิล	3.70
ขยะอิเล็กทรอนิกส์	4.30
ขรก.	4.00
ขลุง	6.00
ขอนแก่น	8.30
ขอวาร์ป	1.50
ขับเคลื่อนล้อหน้า	4.30
ขับเคลื่อนล้อหลัง	4.30
ขับเคลื่อนสี่ล้อ	4.20
ขาณุวรลักษบุรี	7.00
ขามทะเลสอ	6.50
ขามสะแกแสง	6.60
ขายขำ	1.50
ขิง	1.50
ขิต	1.50
ขิตคาที่	1.50
ขึ้นบ้านใหม่	3.80
ขุขันธ์	6.30
ขุดบิตคอยน์	4.20
ขุนตาล	6.20
ขุนยวม	6.20
ขุนหาญ	6.20
ข้อบังคับ	4.00
ข้าวต้มมัด	3.60
ค.ศ.	7.00
คกก.	4.00
คง	6.00
คฑา	0.50
คณะกรรมาธิการ	3.90
คณะรัฐมนตรี	3.70
คดีปกครอง	4.00
คดีมีมูล	3.90
คดีอาญา	3.80
คดีแพ่ง	3.80
คทา	0.50
คนร้าย	4.70
คนเสมือนไร้ความสามารถ	5.00
คนไร้ความสามารถ	4.60
คปภ.	4.00
ครบุรี	6.20
ครม.	4.00
ครอนิเคิล	3.00
ครอบครองปรปักษ์	4.60
ครัวซองต์	3.50
คราฟต์	2.70
คริซาลิส	2.90
คริปทอน	2.80
คริปทอมีเลน	3.20
คริปโต	3.70
คริปโตเคอร์เรนซี	3.70
คริปโตเคอเรนซี่	3.60
คริปโท	3.20
คริปโทเคอร์เรนซี	4.70
คริส	2.50
คริสตัล	2.80
คริสต์มาส	3.00
คริสมาสต์	3.00
คริสโทบาไลต์	3.30
คริแซนทิมัม	3.20
คริแซนเทมัม	3.20
คริโซคอลลา	3.10
คริโซเบริล	3.10
คริโซเพรส	3.00
คริโซไทล์	3.00
คริโซไลต์	3.00
ครีม	3.00
ครีเอต	2.70
ครีเอทีฟ	2.90
ครีเอทีฟส์คอมมอนส์	3.90
ครีเอเตอร์	3.10
ครีไดต์	2.80
คลองขลุง	6.40
คลองท่อม	6.40
คลองบางไผ่	6.60
คลองลาน	6.30
คลองสาน	6.30
คลองสามวา	6.50
คลองหลวง	6.40
คลองหอยโข่ง	6.70
คลองหาด	6.30
คลองเขื่อน	6.60
คลองเตย	6.30
คลองใหญ่	6.40
คลอราพาไทต์	3.20
คลอราร์จิไรต์	3.40
คลอริทอยด์	3.10
คลอรีน	2.70
คลอว์	2.60
คลอส	2.50
คลอแรสโทไรต์	3.30
คลอแอนไทต์	3.10
คลอโรฟอร์ม	3.10
คลอโรฟิลล์	3.10
คลอไรต์	2.80
คลัตช์	2.70
คลับ	2.50
คลับเฮาส์	3.00
คลั่งรัก	1.50
คลามิเดีย	3.00
คลาริเน็ต	3.00
คลาร์ก	2.70
คลาวด์	3.20
คลาวด์คอมพิวติ้ง	4.20
คลาส	3.00
คลาสซี	2.70
คลาสรูม	2.80
คลาสสิก	2.80
คลาสเมต	2.80
คลิก	2.50
คลิง	2.50
คลิงก์	2.70
คลินช์	2.70
คลินิก	2.70
คลิป	2.50
คลิปบอร์ด	3.00
คลิปเปอร์	3.00
คลิฟ	2.50
คลิฟฟอร์ไดต์	3.30
คลิฟฟ์	2.70
คลิ๊ก	2.60
คลีก	2.50
คลีน	2.50
คลีนิค	0.50
คลีนเนอร์	3.00
คลีฟ	2.50
คลีฟแลนไดต์	3.20
คลีเช	2.60
ควนกาหลง	6.40
ควนขนุน	6.30
ควนเนียง	6.40
ควนโดน	6.20
ควบคุมตัว	5.00
ควบคุมเพลิง	5.20
ควอตซ์	2.70
ควอนตัม	3.30
ควอรันทีน	3.00
ความคืบหน้า	5.20
ความดันโลหิต	4.30
ความดันโลหิตสูง	4.60
ความผิดลหุโทษ	4.40
ความผิดอันยอมความได้	5.00
ความยั่งยืน	3.70
ความยุติธรรมในสังคม	4.50
ความร่วมมือ	5.20
ความหลากหลายทางเพศ	4.40
ความเคลื่อนไหว	5.50
ความเชื่อมั่น	5.40
ความเท่าเทียม	3.90
ความเป็นกลางทางคาร์บอน	4.50
ความเสมอภาค	3.70
ความเสียหาย	3.20
ความเห็นชอบ	5.20
ควินิน	2.70
คอนกรีต	2.80
คอนสวรรค์	6.50
คอนสาร	6.20
คอนเซปต์	2.90
คอนเซ็ปต์	3.00
คอนเดนเซอร์	3.20
คอนเทนต์	2.90
คอนเทนต์ครีเอเตอร์	3.90
คอนเทนเนอร์	3.70
คอนเนลไลต์	3.10
คอนเน็กชัน	3.10
คอนเสิร์ต	3.00
คอนแท็กต์เซนเตอร์	3.80
คอนแท็กต์เลนส์	3.50
คอนโด	2.60
คอนโดมิเนียม	3.30
คอนโดรไดต์	3.10
คอปเปอร์	2.90
คอฟดอร์สไกต์	3.30
คอฟดอร์สไกต์คอฟดอร์สไกต์	4.00
คอฟฟีช็อป	3.50
คอฟฟี่	3.20
คอมป์ซอกนาทัส	3.40
คอมพลีต	2.80
คอมพิวเตอร์	3.70
คอมมานโด	2.90
คอมมิวนิตี	3.10
คอมมิวนิสต์	3.20
คอมเมดี้	2.90
คอมเมนต์	2.90
คอมเมนท์	2.90
คอมเม้น	2.80
คอมเม้นต์	0.50
คอมเม้นท์	3.00
คอมแพกต์ดิสก์	3.40
คอมไพเลอร์	3.60
คอรอยด์	2.80
คอรันดัม	2.90
คอรัปชั่น	3.00
คอรัล	2.60
คอรัส	2.60
คอริสเตอร์	3.10
คอริโทซอรัส	3.20
คอร์ด	2.60
คอร์ดิไลต์	3.10
คอร์ติซอล	3.00
คอร์นวอลไลต์	3.30
คอร์นเฟลกส์	3.70
คอร์รัปชัน	3.10
คอร์ส	2.60
คอร์เคเชี่ยน	3.30
คอร์เดต	2.80
คอร์เดียไรต์	3.30
คอร์เนอรูพีน	3.30
คอร์เนไทต์	3.10
คอล	2.50
คอลดรอน	2.80
คอลลาเจน	2.90
คอลลินไซต์	3.10
คอลลิเกทิฟ	3.10
คอลัมนิสต์	3.10
คอลัมน์	2.80
คอลเซนเตอร์	3.20
คอลเลกชัน	3.00
คอลเล็กชัน	3.10
คอลแลบ	2.70
คอลโลฟาไนต์	3.20
คอลโลเฟน	2.90
คอส	2.50
คอสตาริกา	6.50
คอสติกโซดา	3.60
คอสตูม	2.70
คอสเพลย์	2.90
คอสเพลเยอร์	3.20
คอเคซอยด์	3.00
คอเคเซียน	3.00
คอเมดี	2.70
คอเลสเตอรอล	3.20
คอโมโรส	6.30
คอโรนาไดต์	3.10
คันนายาว	6.40
คัพเค้ก	3.30
คัฟเวอร์	2.90
คัมภีร์	0.50
คัมมิงโทไนต์	3.30
คัมรี่	3.20
คัมแบค	2.70
คัมแบล็ค	2.90
คัมแบ็ค	2.80
คัลเจอร์	2.90
คัลเชอร์	2.90
คาซัคสถาน	6.50
คาทอลิก	2.80
คานต์	2.60
คาบาซา	2.70
คาปูชิโน	3.40
คาปูชิโน่	3.50
คามิโอชิ	2.90
คามีเลียน	3.00
คาราวาน	2.80
คาราเมล	2.80
คาริสมา	2.80
คาร์	2.50
คาร์คัส	2.80
คาร์ซิก	2.80
คาร์ซีต	2.80
คาร์ดามัม	3.00
คาร์ดิกัน	3.00
คาร์ดินัล	3.00
คาร์ดิแกน	3.00
คาร์ดิแอ็ก	3.10
คาร์ดิโอ	2.90
คาร์ดีโอ	2.90
คาร์ต	2.60
คาร์ตอน	2.80
คาร์นัลไลต์	3.20
คาร์นิวอร์	3.10
คาร์นิวัล	3.00
คาร์นีเลียน	3.20
คาร์บอน	2.80
คาร์บอนฟุตพริ้นท์	4.30
คาร์บอนมอนอกไซด์	3.70
คาร์บอนิก	3.00
คาร์บอนเครดิต	3.90
คาร์บอนไดออกไซด์	3.70
คาร์บอย	2.80
คาร์บอลิก	3.00
คาร์บอเนต	3.00
คาร์บังเคิล	3.20
คาร์บีน	2.80
คาร์บูเรเตอร์	3.40
คาร์ป	2.60
คาร์พิต	2.80
คาร์พินเตอร์	3.30
คาร์ฟ	2.60
คาร์เทล	2.80
คาร์เนชัน	3.00
คาร์เนต์	2.90
คาร์เนเลียน	3.20
คาร์เพนเตอร์	3.30
คาร์เพ็ต	2.90
คาร์เลทอไนต์	3.30
คาร์แคร์	2.90
คาร์โก	2.70
คาร์โนทอรัส	3.20
คาร์โนไทต์	3.10
คาร์โบนารา	3.10
คาร์โบรันดัม	3.30
คาร์โบไฮเดรต	3.30
คาร์ไบด์	2.90
คาร์ไบน์	2.90
คาร์ไมน์	2.90
คาลซิโดนี	3.00
คาลดรอน	2.80
คาลาไมน์	2.90
คาลิปโซ	2.80
คาลีไบต์	2.90
คาลแคนไทต์	3.10
คาลโคซิเดอไรต์	3.50
คาลโคฟาไนต์	3.20
คาลโคฟิลไลต์	3.30
คาลโคไซต์	3.00
คาลโคไพไรต์	3.20
คาล์ฟ	2.60
คาล์ม	2.60
คาสก์	2.60
คาสติง	2.70
คาสต์	2.60
คาสิโน	2.70
คาสเตอร์	2.90
คาห์ไนต์	2.90
คาเดอร์	2.80
คาเฟ	2.50
คาเฟอิก	2.80
คาเฟอีน	2.80
คาเฟ่	2.60
คาแทสโตรฟี	3.10
คาแรกเตอร์	3.10
คาโลเมล	2.80
คำชะอี	6.20
คำตากล้า	6.40
คำพิพากษา	4.00
คำฟ้อง	3.70
คำภีร์	0.50
คำม่วง	6.20
คำสั่ง	4.70
คำสั่งศาล	4.00
คำเขื่อนแก้ว	6.80
คำแถลงการณ์	4.20
คำให้การ	3.90
คิก	2.50
คิกส์	3.10
คิดเวลไลต์	3.10
คิดเห็น	4.80
คินเดิล	2.80
คิริบาส	6.30
คิว	2.50
คิวบา	6.10
คิวบาไนต์	3.00
คิวอาร์โค้ด	3.70
คิวไพรต์	2.90
คิเมอรา	2.80
คิโนไอต์	2.90
คิ้วท์	1.50
คิ้วท์มาก	1.50
คีย์บอร์ด	3.00
คีย์เวิร์ด	3.10
คีรีมาศ	6.30
คีรีรัฐนิคม	6.70
คีร์กีซสถาน	6.70
คีลิง	6.10
คีวี	2.50
คีออสก์	2.80
คีเซลกูห์	3.00
คีเซไรต์	2.90
คีเลชัน	2.80
คีเลต	2.60
คีโม	3.50
คือว่า	4.20
คุกกี้	3.20
คุตนอฮอไรต์	3.20
คุนไซต์	2.80
คุมประพฤติ	4.10
คุระบุรี	6.40
คุร์นาคอไวต์	3.30
คุลาไนต์	2.90
คุ้มครองพยาน	4.30
คูคต	6.00
คูปอง	2.60
คูลดาวน์	2.90
คูเดเระ	2.80
คูเบอร์เนติส	3.80
คูเมนไจต์	3.00
คูเมือง	6.30
คูเรียม	2.80
คูเวต	6.10
คูไกต์	2.70
คู่ชิป	2.70
ค็อกคัส	2.80
ค็อกเทล	3.30
ค่อนข้าง	4.40
ค่างวด	3.70
ค่าธรรมเนียม	4.30
ค่ายบางระจัน	6.80
ค้อวัง	6.20
ค้ำประกัน	4.00
ฆ้องชัย	6.30
งบกระแสเงินสด	4.40
งบกำไรขาดทุน	4.30
งบดุล	3.60
งานทอดกฐิน	3.60
งานบวช	3.20
งานละเอียด	1.50
งานศพ	3.10
งานสารทจีน	3.60
งานสารทไทย	3.60
งานแต่งงาน	3.60
งามวงศ์วาน	5.10
งาว	6.00
จ.	7.00
จ.ส.ต	5.10
จ.ส.ต.	5.20
จ.ส.ท	5.10
จ.ส.ท.	5.20
จ.ส.อ	5.10
จ.ส.อ.	5.20
จดทะเบียนสมรส	4.40
จดทะเบียนหย่า	4.40
จตุจักร	6.30
จตุรพักตรพิมาน	7.00
จนกระทั่ง	4.50
จนกว่า	4.20
จนถึง	4.10
จนท.	4.00
จรัญสนิทวงศ์	5.30
จรัญฯ13	6.30
จอมทอง	6.20
จอมบึง	6.20
จอมพระ	6.20
จอมพล ป. พิบูลสงคราม	6.50
จอร์จ	2.60
จอร์ดาไนต์	3.10
จอร์เจีย	6.40
จอร์แดน	6.30
จอห์น	2.60
จะนะ	6.00
จะละเม็ด	0.50
จะว่าไป	4.30
จะแนะ	6.10
จักราช	6.20
จังหาร	6.20
จัดการ	4.70
จัดทำ	4.60
จัตุรัส	6.30
จันทบุรี	8.40
จับกุม	4.70
จับกุมตัว	5.00
จัมป์	2.60
จัมป์ซูต	2.90
จััมป์	2.70
จากนั้น	4.30
จากนี้ไป	4.40
จาการ์ตา	6.40
จาคอบไซต์	3.00
จาซินท์	2.80
จาระเม็ด	0.50
จาร์กอน	2.80
จาร์กูน	2.80
จาวา	2.50
จาวาสคริปต์	3.70
จาเมกา	6.20
จาโรไซต์	2.90
จำนอง	3.60
จำนำ	3.50
จำเลย	3.60
จำเลยร่วม	4.00
จิงเกิลสติก	3.20
จิตบำบัด	3.90
จิตเวช	3.70
จิบูตี	6.20
จีน	6.00
จีพียู	3.20
จียูพี	3.20
จึ้ง	1.50
จึ้งจิตจึ้งใจ	1.50
จึ้งตาแตก	1.50
จึ้งมาก	1.50
จุดธูป	3.20
จุน	6.00
จุมลา	2.60
จุฬาภรณ์	6.40
จุฬาลงกรณ์	5.60
จุฬาลงกรณ์มหาวิทยาลัย	6.50
จุฬาฯ	5.10
จูมล่า	2.70
จ็อกกิง	2.80
ฉลามงับคุณ	1.50
ฉวาง	6.00
ฉะเชิงเทรา	8.60
ฉัตรมงคล	3.40
ฉ่ำ	1.50
ฉ่ำวาว	1.50
ชดใช้ค่าเสียหาย	4.60
ชนบท	6.00
ชนแดน	6.10
ชม.	4.00
ชมิตเทอไรต์	3.20
ชลบุรี	8.20
ชลประทาน	6.40
ชวน หลีกภัย	5.70
ชอน	2.50
ชอป	2.50
ชอปปิง	2.70
ชอมป์	2.60
ชอยซ์	2.60
ชอร์	2.50
ชอร์ต	2.60
ชอร์ตโน้ต	3.00
ชอร์ล	2.60
ชอร์ไทต์	2.90
ชอร์ไลต์	2.90
ชอล์ก	2.60
ชะอวด	6.10
ชะอำ	6.00
ชะแล็ก	2.70
ชังกี	2.60
ชังก์	2.60
ชัชชาติ สิทธิพันธุ์	6.50
ชัต	2.50
ชัตดาวน์	2.90
ชัตนีย์	2.80
ชัตเตอร์	2.90
ชันสูตรพลิกศพ	5.40
ชันเตอร์	2.90
ชับ	2.50
ชับบี	2.60
ชัฟ	2.50
ชัม	2.50
ชัมป์	2.60
ชัมมี	2.60
ชัยนาท	8.20
ชัยบาดาล	6.40
ชัยบุรี	6.30
ชัยภูมิ	8.30
ชัวร์	2.60
ชั่วคราว	4.40
ชั่วโมง	4.30
ชาด	6.00
ชาตรามือ	3.90
ชาติตระการ	6.60
ชานต์	2.60
ชานมไข่มุก	3.60
ชานุมาน	6.30
ชาบู	3.00
ชาบูชิ	3.70
ชายแดน	4.70
ชาร์	2.50
ชาร์จ	2.60
ชาร์จเจอร์	3.10
ชาร์ด	2.60
ชาร์ต	2.60
ชาร์ม	2.60
ชาร์มมิง	2.90
ชาร์ลี	2.70
ชาร์เตอร์	3.00
ชาร์โคล	2.80
ชาลส์	2.60
ชาวบ้าน	4.80
ชาเขียว	3.30
ชาโรไอต์	2.90
ชาไทย	3.10
ชำนิ	6.00
ชิก	2.50
ชิกกิน	2.70
ชิกพี	2.60
ชิกเกน	2.70
ชิคาโน	2.70
ชิงก์	2.60
ชิงเกิล	2.80
ชิดลม	6.10
ชิตทาโคซอรัส	3.30
ชิน	2.50
ชินชิลลา	2.90
ชินุก	2.60
ชิป	3.00
ชิปมังก์	2.90
ชิปเซ็ต	3.30
ชิปเปอร์	2.90
ชิฟฟอน	2.70
ชิมนีย์	2.80
ชิมแปนซี	2.90
ชิมแพนซี	2.90
ชิล	2.50
ชิลลี	2.60
ชิลล์	2.60
ชิลี	6.00
ชิลเดรน	2.80
ชิลเดรไนต์	3.10
ชิลเลอร์	2.90
ชิลแล็กซ์	3.00
ชิวัลรี	2.80
ชิวาวา	2.70
ชิเคน	2.60
ชิเคอรี	2.80
ชีก	2.50
ชีต	2.50
ชีตาห์	2.70
ชีป	2.50
ชีพจร	3.60
ชีฟ	2.50
ชีลด์	2.60
ชีส	3.00
ชีสเค้ก	3.30
ชีสเบอร์เกอร์	3.40
ชีไลต์	2.70
ชี้สองสถาน	4.10
ชี้แจง	4.70
ชื่นชม	6.20
ชุมตาบง	6.30
ชุมนุมทางการเมือง	4.30
ชุมพร	8.10
ชุมพลบุรี	6.50
ชุมพวง	6.20
ชุมแพ	6.10
ชุมแสง	6.20
ชูครีม	3.20
ชูต	2.50
ชูส	2.50
ชูเพสตรี	2.90
ช็อก	2.50
ช็อกโกเลต	3.50
ช็อกโกแลต	3.50
ช็อกโกแลตร้อน	3.90
ช็อคโกแลต	3.50
ช็องเรอ	2.80
ช็อตฟิล	1.50
ช็อตฟีล	1.50
ช็อตฟีลลิ่ง	1.50
ช็อป	2.50
ช็อปปิง	2.80
ช็อปปิ้ง	2.90
ช็อปสติก	2.90
ช่วยชีวิต	5.00
ช่องนนทรี	6.50
ช้อป	2.50
ช้อปปิ้ง	2.90
ช้อปปี้	3.80
ช้อปปี้เพย์	4.20
ช้างกลาง	6.40
ซ.	5.00
ซม.	4.00
ซอฟต์พาวเวอร์	3.90
ซอฟต์แวร์	3.50
ซอยไซต์	2.80
ซอร์สโค้ด	3.50
ซอร์เบต์	3.40
ซอส	3.00
ซอสซูไรต์	3.00
ซัน	2.50
ซับคอมแพกต์	3.70
ซับสไกรบ์	3.00
ซับสไครบ์	3.00
ซับอังกฤษ	3.00
ซับเน็ต	3.30
ซับใหญ่	6.30
ซับไทย	2.70
ซัปพอร์ต	2.90
ซัพพลายเออร์	3.30
ซัพพอร์ต	2.90
ซัมกยอบซัล	3.60
ซัมซุง	2.70
ซัมเมอร์	2.90
ซัลซ่า	3.20
ซัลฟา	2.60
ซัลเฟอร์	2.90
ซัลโฟเฮไลต์	3.20
ซัสเซไซต์	3.00
ซาชิมิ	3.20
ซาทินสปาร์	3.10
ซานตาคลอส	3.00
ซานมารีโน	6.50
ซานิดีน	2.80
ซาฟารี	2.70
ซามัว	6.10
ซามาร์สไกต์	3.20
ซาร่า	2.60
ซาร์ด	2.60
ซาร์ดีน	2.80
ซาร์ทอไรต์	3.10
ซาร์โดนิกซ์	3.20
ซาวนด์แทร็ก	3.20
ซาวร์ครีม	3.00
ซาวอไรต์	2.90
ซาอุดีอาระเบีย	7.00
ซาแมเรียม	3.00
ซาโพไนต์	2.90
ซาไลต์	2.70
ซำสูง	6.10
ซิกซ์แพ็ก	3.00
ซิการ์	2.70
ซิกาเร็ตต์	3.10
ซิกาแร็ต	2.90
ซิกเนเจอร์	3.60
ซิกเนเชอร์	3.10
ซิกแซ็ก	2.80
ซิคาดา	2.70
ซิคาทริกซ์	3.10
ซิงก์	2.60
ซิงก์เบลนด์	3.20
ซิงค์	2.60
ซิงเกิล	2.80
ซิงเกิลมัม	3.10
ซิงเกิ้ล	2.90
ซิงเกิ้ลมัม	3.20
ซิงเคไนต์	3.00
ซิงไคต์	2.80
ซิงไซต์	2.80
ซิดนีย์	6.30
ซิติเซน	2.80
ซิติเซนชิป	3.10
ซิตี	2.50
ซิตี้	3.10
ซิตเทิร์น	3.00
ซิทคอม	2.70
ซิทรอน	2.70
ซิทรัส	2.70
ซิทริก	2.70
ซิทริน	2.70
ซิทาเดล	2.80
ซินคิไซต์	3.00
ซินช์	2.60
ซินดี	2.60
ซินนาบาร์	3.00
ซินนามอน	2.90
ซินน์วอลไดต์	3.30
ซินฮาไลต์	3.00
ซินิมา	2.70
ซินเจไนต์	3.00
ซินเดอร์	2.90
ซิป	2.50
ซิป์เพไอต์	3.10
ซิฟิลิส	2.80
ซิมบับเว	6.40
ซิมป์ซอไนต์	3.20
ซิมพลิไซต์	3.10
ซิลลิมาไนต์	3.20
ซิลวาไนต์	3.00
ซิลิกา	2.70
ซิลิคอน	2.80
ซิลเวอร์	2.90
ซิลไวต์	2.80
ซิวิก	2.60
ซิวิต	2.60
ซิวิล	2.60
ซิวิเลียน	3.00
ซิวิไลซ์	2.90
ซิวิไลเซชัน	3.20
ซิสเติร์น	3.00
ซิเคดา	2.70
ซิเคทริกซ์	3.10
ซิเดอไรต์	3.00
ซิเทรต	2.70
ซิเนมา	2.70
ซิเลีย	2.70
ซิแลนโทร	2.90
ซิโทรเนลลา	3.10
ซิโนฟาร์ม	4.00
ซิโนแวค	3.80
ซีซัน	2.60
ซีซั่น	2.70
ซีซั่นพาส	3.00
ซีซีทีวี	2.90
ซีดี	2.50
ซีดีรอม	3.30
ซีดีอาร์	2.90
ซีต	2.50
ซีทีสแกน	3.90
ซีน	2.50
ซีนอน	2.60
ซีบอร์เกียม	3.20
ซีพิโอไลต์	3.10
ซีพียู	3.20
ซีฟูด	2.60
ซีฟู้ด	2.70
ซีรอกซ์	2.80
ซีรีส์	2.70
ซีล	3.00
ซีลส์	2.60
ซีลอไนต์	2.90
ซีลิง	2.60
ซีลีเนียม	3.00
ซีวิค	3.10
ซีส	2.50
ซีอาร์วี	3.40
ซีอีโอ	2.70
ซีเกท	2.60
ซีเจซูเปอร์มาร์เก็ต	5.00
ซีเซียม	2.80
ซีเมนต์	2.80
ซีเรีย	6.20
ซีเรียม	2.80
ซีเรียล	3.30
ซีเรียลไลซ์	3.70
ซีเลีย	2.70
ซีเอชอาร์	3.50
ซีเอฟโอ	2.80
ซีเอ็กซ์สาม	3.70
ซีเอ็กซ์สามสิบ	4.00
ซีเอ็กซ์ห้า	3.70
ซีเอ็กซ์แปด	3.70
ซีเอ็มเอส	3.00
ซีโนเอสโตรเจน	3.40
ซีโนไทม์	2.90
ซีโอไลต์	2.90
ซีไรต์	2.70
ซีไลออน	3.30
ซีไอเอ	2.70
ซีไอโอ	2.70
ซึนเดเระ	2.90
ซึมเศร้า	3.90
ซึ่งกันและกัน	4.90
ซุป	3.00
ซูจิไลต์	2.90
ซูชิ	3.00
ซูซอไรต์	2.90
ซูซูกิ	3.70
ซูดาน	6.10
ซูบารุ	3.70
ซูพรีม	2.70
ซูพรีโมเจมเบ	3.30
ซูม	3.50
ซูรินาม	6.30
ซูเนอไรต์	3.00
ซูเปอร์	2.80
ซูเปอร์คอมพิวเตอร์	3.90
ซูเปอร์มาร์เกต	3.50
ซูเปอร์มาร์เก็ต	3.60
ซูเปอร์สตาร์	3.30
ซูเปอร์แมน	3.10
ซูเปอร์แรร์	3.20
ซูเมไบต์	2.90
ซูแซนไนต์	3.00
ซูแอไนต์	2.90
ซูโครส	2.70
ซูโดบรูไคต์	3.20
ซูโดมาลาไคต์	3.30
ซูโดโบลีไอต์	3.30
ซูโอลูไนต์	3.10
ซูไทต์	2.70
ซ็อกเกอร์	3.00
ซ็อกเก็ต	3.40
ฌาปนกิจ	3.30
ญี่ปุ่น	6.30
ฎีกา	3.50
ด.ช.	5.00
ด.ญ.	5.00
ด.ต.	5.00
ดงหลวง	6.20
ดงเจริญ	6.30
ดร.	4.00
ดรอป	2.50
ดรอว์	2.60
ดรัม	2.50
ดราฟต์	2.70
ดราม่า	2.70
ดราไวต์	2.80
ดริงก์	2.70
ดวงจัน	0.50
ดวงจันทร์	0.50
ดวงชะตา	3.30
ดอกคำใต้	6.40
ดอกจันทน์	0.50
ดอกจันทร์	0.50
ดอกเตอร์	2.90
ดอกเบี้ย	3.90
ดอกเบี้ยทบต้น	4.40
ดอนจาน	6.20
ดอนตาล	6.20
ดอนตูม	6.20
ดอนพุด	6.20
ดอนมดแดง	6.40
ดอนสัก	6.20
ดอนเจดีย์	6.50
ดอนเมือง	6.40
ดอนเมืองโทลล์เวย์	5.80
ดอมินีกา	6.40
ดอยสะเก็ด	6.50
ดอยหลวง	6.30
ดอยหล่อ	6.30
ดอยอินทนนท์	5.70
ดอยเต่า	6.30
ดอร์เม้าส์	3.10
ดอลฟิน	3.20
ดอลลาร์	2.80
ดอว์ซอไนต์	3.10
ดังกล่าว	4.40
ดังต่อไปนี้	4.70
ดัชนีความยั่งยืน	4.20
ดัชนีคุณภาพอากาศ	4.20
ดัชเชส	2.70
ดันเจี้ยน	3.00
ดันแดไซต์	3.00
ดับลิน	6.20
ดับเบิล	2.80
ดับเบิลวอลูม	3.30
ดัมบ์เบล	2.90
ดัมป์	2.60
ดัมมี	2.60
ดาต้าเบส	3.40
ดาต้าไซเอนซ์	3.80
ดานซ์	2.60
ดานเซอร์	2.90
ดาบตำรวจ	5.40
ดารามิน	2.80
ดาร์ก	2.60
ดาร์มสตัดเทียม	3.50
ดาวน์	2.60
ดาวน์ทาวน์	3.10
ดาวน์โหลด	3.50
ดาโทไลต์	2.90
ดำเนินการ	5.00
ดำเนินคดี	5.00
ดำเนินคดีตามกฎหมาย	5.90
ดำเนินสะดวก	6.70
ดิกไคต์	2.80
ดิจิตอล	3.30
ดิจิทัล	3.30
ดินแดง	6.20
ดิลิเวอรี	3.00
ดิสนีย์	2.80
ดิสนีย์พลัส	4.20
ดิสนี่	2.70
ดิสเครไซต์	3.10
ดิสโกเทก	2.90
ดิสโพรเซียม	3.20
ดิเบต	2.60
ดิไซน์	2.70
ดิไซเนอร์	3.00
ดีซี	2.50
ดีต์ไซต์	2.90
ดีท็อกซ์	2.90
ดีบัก	3.10
ดีบัฟ	2.60
ดีบั๊ก	3.20
ดีบุก	2.60
ดีปเลิร์นนิง	3.80
ดีป้า	2.60
ดีพอล	3.10
ดีพเลินนิ่ง	3.20
ดีพเลิร์นนิง	3.30
ดีมันทอยด์	3.10
ดีย์	1.50
ดีล	2.50
ดีวีดี	2.70
ดีเจ	2.50
ดีเซล	2.60
ดีเบต	2.60
ดีเปรสชัน	3.00
ดีเอสไอ	5.30
ดีแทค	3.60
ดีแมคซ์	3.30
ดีไซน์	2.70
ดึงสติ	1.50
ดือมาก	1.50
ดุบเนียม	2.90
ดุฟไทต์	2.80
ดุสิต	6.10
ดูมอร์เทอไรต์	3.40
ดูเฟรไนต์	3.00
ด็อกคิวเมนต์	3.80
ด็อกเกอร์	3.50
ด็อกเตอร์	3.00
ด่านขุนทด	6.50
ด่านช้าง	6.40
ด่านซ้าย	6.40
ด่านมะขามเตี้ย	7.00
ด้วยเหตุนี้	4.70
ต.	5.00
ต.ค.	7.00
ตกลงใจ	4.70
ตกหลุมรัก	1.50
ตกแรงก์	2.80
ตกโอชิ	2.70
ตร.ม.	4.10
ตร.ว.	4.10
ตรวจค้น	4.80
ตรวจยึด	4.80
ตรวจยึดของกลาง	5.50
ตรวจเลือด	4.00
ตรอน	6.00
ตระการพืชผล	6.70
ตรัง	8.00
ตราด	8.00
ตราสารทุน	4.00
ตราสารหนี้	4.10
ตรินิแดดและโตเบโก	7.30
ตริโปลี	2.80
ตรุษจีน	3.30
ตลอดจน	4.20
ตลอดระยะเวลา	4.80
ตลาดน้ำดำเนินสะดวก	6.40
ตลาดน้ำอัมพวา	5.90
ตลาดบางใหญ่	6.70
ตลาดพลู	6.30
ตลาดร่มหุบ	5.60
ตลาดหลักทรัพย์	4.50
ตลาดหลักทรัพย์แห่งประเทศไทย	6.50
ตลาดหุ้น	3.90
ตลิ่งชัน	6.40
ตองกา	6.10
ตอบรับ	4.70
ตอร์ปิโด	2.90
ตะกรุด	3.20
ตะกั่วทุ่ง	6.60
ตะกั่วป่า	6.50
ตะพานหิน	6.40
ตะมุตะมิ	1.50
ตะโหมด	6.20
ตักบาตร	3.30
ตักบาตรเทโว	3.70
ตัดสินใจ	4.90
ตัน	2.50
ตัวการ	3.70
ตัวคลอดบุตร	1.50
ตัวตึง	1.50
ตัวบิดา	1.50
ตัวมัม	1.50
ตัวละคร	2.80
ตัวสูติ	1.50
ตัวแม่	1.50
ตั้งข้อกล่าวหา	5.50
ตั้งข้อหา	5.00
ตาก	8.00
ตากฟ้า	6.20
ตากใบ	6.10
ตาคลี	6.10
ตาพระยา	6.30
ตามจับ	4.70
ตามที่	4.20
ตารางวา	4.30
ตารางเมตร	4.50
ตาลสุม	6.20
ติดตามตัว	5.00
ติวานนท์	6.40
ติ๊กต็อก	3.90
ตีป้อม	2.70
ตึงมาก	1.50
ตุย	1.50
ตุยเย่	1.50
ตุรกี	6.10
ตูนิเซีย	6.40
ตูวาลู	6.20
ตู้ชาร์จ	3.40
ต่อจาก	4.20
ต่อชะตา	3.30
ต่อมา	4.10
ต่อเนื่อง	5.00
ต่อไป	4.10
ต่าง ๆ นานา	0.50
ต่างชาติ	4.90
ต่างๆ นานา	0.50
ต้าวก้อน	1.50
ต้าวหมา	1.50
ต๊อกบกกี	3.40
ต๊าช	1.50
ต๊าชมาก	1.50
ถ.	5.00
ถนนกระออม	5.00
ถนนกรุงธนบุรี	5.40
ถนนกรุงเกษม	5.20
ถนนกรุงเทพนนท์	5.50
ถนนกษัตริย์	5.20
ถนนกะออม	4.90
ถนนกัลปพฤกษ์	5.30
ถนนกัลยาณไมตรี	5.50
ถนนกาญจนวนิช	5.30
ถนนกาญจนาภิเษก	5.50
ถนนกำแพงเพชร	5.30
ถนนกิ่งแก้ว	5.20
ถนนกีบหมู	5.00
ถนนข้ามแหล่งน้ำ	5.60
ถนนข้าวสาร	5.10
ถนนข้าวหลาม	5.20
ถนนคนเดิน	5.00
ถนนคนเดินพัทยา	5.50
ถนนคลองหลวง	5.20
ถนนคอนแวนต์	5.20
ถนนคอเสื้อ	5.10
ถนนคีรีรัฐ	5.10
ถนนคีรีรัฐยา	5.30
ถนนคู่ขนานลอยฟ้าบรมราชชนนี	6.00
ถนนงามวงศ์วาน	5.40
ถนนจตุรทิศ	5.10
ถนนจรดวิถีถ่อง	5.50
ถนนจรัญสนิทวงศ์	5.60
ถนนจรัสเมือง	5.30
ถนนจอมทอง	5.00
ถนนจอมสุรางค์ยาตร	5.80
ถนนจักรพงษ์	5.20
ถนนจักรวรรดิ	5.30
ถนนจักรวรรดิ์	5.40
ถนนจักรเพชร	5.20
ถนนจังหวัดในประเทศญี่ปุ่น	6.00
ถนนจันทน์	5.00
ถนนจารุเมือง	5.30
ถนนฉลองกรุง	5.20
ถนนฉางอาน	5.00
ถนนฉางอานตะวันตก	5.70
ถนนฉางอานตะวันออก	5.80
ถนนชยางกูร	5.10
ถนนชัยพฤกษ์	5.20
ถนนช้างม่อย	5.20
ถนนซังฮี้	5.00
ถนนซางฮี้	5.00
ถนนดำรงรักษ์	5.30
ถนนดินสอ	4.90
ถนนด้านตะวันตกของจัตุรัส	6.00
ถนนด้านตะวันออกของจัตุรัส	6.00
ถนนตก	4.60
ถนนตรง	4.70
ถนนตรีมิตร	5.10
ถนนตรีเพชร	5.10
ถนนตะนาว	4.90
ถนนตากสิน	5.00
ถนนติวานนท์	5.20
ถนนตีทอง	4.90
ถนนต้นยาง	5.00
ถนนถลาง	4.80
ถนนทรงวาด	5.00
ถนนทรงเสริม	5.20
ถนนทวีวัฒนา	5.20
ถนนทหาร	4.80
ถนนทองหล่อ	5.10
ถนนทางรถไฟสายเก่า	5.80
ถนนทางรถไฟสายเก่าปากน้ำ	6.00
ถนนทางรถไฟเก่า	5.50
ถนนที่เก็บค่าผ่านทาง	6.00
ถนนท่าดินแดง	5.30
ถนนท่าแพ	4.90
ถนนท้ายบ้าน	5.20
ถนนธนาลัย	5.00
ถนนธนิยะ	4.90
ถนนธานี	4.80
ถนนนกแก้ว	5.00
ถนนนครปฐม	5.00
ถนนนครราชสีมา	5.40
ถนนนครสวรรค์	5.30
ถนนนครอินทร์	5.30
ถนนนครเขื่อนขันธ์	5.80
ถนนนครไชยศรี	5.30
ถนนนราธิวาสราชนครินทร์	6.00
ถนนนวมินทร์	5.20
ถนนนักวิทยาศาสตร์มีแร	6.00
ถนนนักสู้สู่ทีมเบสบอล	6.00
ถนนนางลิ้นจี่	5.40
ถนนนิตโย	4.90
ถนนนิมมานเหมินทร์	5.80
ถนนนิมมานเหมินท์	5.70
ถนนนิมิตรใหม่	5.40
ถนนนิมิตใหม่	5.30
ถนนนิเวศรัตน์	5.40
ถนนนี้หัวใจข้าจอง	5.80
ถนนบรมราชชนนี	5.40
ถนนบรรทัดทอง	5.30
ถนนบรอดเวย์	5.20
ถนนบริพัตร	5.10
ถนนบวรนิเวศ	5.20
ถนนบวรนิเวศน์	5.40
ถนนบางขุนนนท์	5.40
ถนนบางขุนเทียน	5.50
ถนนบางแค	4.90
ถนนบางแวก	5.00
ถนนบำรุงเมือง	5.40
ถนนบุรีภิรมย์	5.40
ถนนบูรพา	4.90
ถนนบูร์บง	5.00
ถนนบ้านดินสอ	5.30
ถนนบ้านหม้อ	5.20
ถนนปฏิพัทธ์	5.20
ถนนประจวบคีรีขันธ์	5.90
ถนนประชาชื่น	5.30
ถนนประชาธิปก	5.30
ถนนประชาราษฎร์	5.50
ถนนประชาราษฏร์	5.50
ถนนประชาอุทิศ	5.40
ถนนประดิพัทธ์	5.40
ถนนประดิษฐ์มนูธรรม	5.90
ถนนประเสริฐมนูกิจ	5.80
ถนนปราจีนธานี	5.40
ถนนปรินซ์	5.00
ถนนปรีดีพนมยงค์	5.60
ถนนปั้น	4.80
ถนนปากเกร็ด	5.20
ถนนปานวิถี	5.10
ถนนปิ่นเกล้านครชัยศรี	6.00
ถนนปู่เจ้าสมิงพราย	5.90
ถนนป่าโทน	5.00
ถนนผดุงด้าว	5.20
ถนนผดุงสวัสดิ์	5.50
ถนนฝั่งตะวันตกของจัตุรัส	6.00
ถนนฝั่มหงูหลาว	5.50
ถนนพญาไท	4.90
ถนนพม่า	4.80
ถนนพระจันทร์	5.30
ถนนพระตรอซ็อกผแอม	5.80
ถนนพระนโรดม	5.20
ถนนพระพิทักษ์	5.40
ถนนพระพิพิธ	5.20
ถนนพระมุนีวงศ์	5.50
ถนนพระยาตรัง	5.30
ถนนพระยาสัจจา	5.40
ถนนพระรามที่สี่	5.60
ถนนพระรามที่๑	5.40
ถนนพระรามสี่	5.30
ถนนพระรามเก้า	5.40
ถนนพระร่วง	5.10
ถนนพระสีหนุ	5.20
ถนนพระสุเมรุ	5.30
ถนนพระอาทิตย์	5.40
ถนนพรานนก	5.00
ถนนพลดำริห์	5.20
ถนนพลับพลาไชย	5.40
ถนนพหลโยธิน	5.20
ถนนพอร์ทโทเบลโล	5.60
ถนนพอร์โทเบลโล	5.50
ถนนพัฒนพงศ์	5.20
ถนนพัฒนพงษ์	5.20
ถนนพัฒนาการ	5.20
ถนนพัฒน์พงศ์	5.30
ถนนพัฒน์พงษ์	5.30
ถนนพัทยาเหนือ	5.40
ถนนพาณิชย์พัฒนา	5.60
ถนนพาหุรัด	5.10
ถนนพิชัย	4.90
ถนนพิบูลสงคราม	5.50
ถนนพิพัฒน์มงคล	5.50
ถนนพิศาล	4.90
ถนนพิษณุโลก	5.20
ถนนพุทธบูชา	5.20
ถนนพุทธมณฑล	5.20
ถนนพุทธมณฑลสาย๑	5.60
ถนนพุทธมณฑลสาย๒	5.60
ถนนพุทธมณฑลสาย๓	5.60
ถนนพุทธมณฑลสาย๔	5.60
ถนนพุทธมณฑลสาย๕	5.60
ถนนพุทธมณฑลสาย๖	5.60
ถนนพุทธมณฑลสาย๗	5.60
ถนนพุทธมณฑลสาย๘	5.60
ถนนพุทธสาคร	5.20
ถนนพ่วงศิริ	5.20
ถนนฟากเลย	5.00
ถนนฟามงูเหลา	5.30
ถนนฟู่ซิง	5.00
ถนนฟู่ซิงเหมินนอก	5.80
ถนนฟู่ซิงเหมินใน	5.70
ถนนมลิวรรณ	5.10
ถนนมลิวัลย์	5.20
ถนนมหรรณพ	5.00
ถนนมหาจักร	5.10
ถนนมหาจักรพรรดิ	5.60
ถนนมหาพฤฒาราม	5.40
ถนนมหารัถยา	5.20
ถนนมหาราช	5.00
ถนนมหาเศรษฐ์	5.30
ถนนมหาไชย	5.00
ถนนมหิดล	4.90
ถนนมอสฟิลมอฟสกายา	5.80
ถนนมะขามหวาน	5.30
ถนนมะลิวัลย์	5.30
ถนนมังกร	4.90
ถนนมาลัยแมน	5.20
ถนนมิตรภาพ	5.10
ถนนมิตรไมตรี	5.30
ถนนมีนพัฒนา	5.20
ถนนมุขมนตรี	5.20
ถนนยุคล	4.80
ถนนยุงกัส	5.00
ถนนยุนกัส	5.00
ถนนรถไฟ	4.80
ถนนรองเมือง	5.20
ถนนระนอง	4.90
ถนนรักศักดิ์ชมูล	5.70
ถนนรัชดาภิเษก	5.40
ถนนรัชดาภิเษกตัดใหม่	6.00
ถนนรัตนราช	5.10
ถนนรัตนาธิเบศร์	5.60
ถนนรัษฎา	4.90
ถนนราชดำริ	5.10
ถนนราชดำเนิน	5.30
ถนนราชดำเนินกรุงเทพมหานคร	6.00
ถนนราชดำเนินกลาง	5.70
ถนนราชดำเนินนอก	5.60
ถนนราชดำเนินใน	5.50
ถนนราชปรารภ	5.20
ถนนราชพฤกษ์	5.20
ถนนราชวงศ์	5.10
ถนนราชวิถี	5.10
ถนนราชวิถีกรุงเทพมหานคร	6.00
ถนนราชสีมา	5.10
ถนนราชินี	5.00
ถนนราดยาง	5.00
ถนนรามคำแหง	5.20
ถนนรามบุตรี	5.20
ถนนรามอินทรา	5.30
ถนนราษฎรอุทิศ	5.40
ถนนราษฎร์บูรณะ	5.50
ถนนราษฎร์ยินดี	5.50
ถนนร่มเกล้า	5.20
ถนนร่วมจิต	5.10
ถนนร่วมพัฒนา	5.30
ถนนร่วมใจ	5.00
ถนนลาซาล	4.90
ถนนลาดกระบัง	5.30
ถนนลาดปลาเค้า	5.40
ถนนลาดพร้าว	5.20
ถนนลาดพร้าววังหิน	5.80
ถนนลาดยาง	5.00
ถนนลาดหญ้า	5.10
ถนนลำพูนไชย	5.20
ถนนลำลูกกา	5.10
ถนนลิขิต	4.90
ถนนลูกหลวง	5.10
ถนนวงศ์สว่าง	5.30
ถนนวงแหวน	5.00
ถนนวงแหวนมอสโก	5.50
ถนนวงแหวนรอบกรุงปักกิ่ง	6.00
ถนนวงแหวนรอบกลาง	5.70
ถนนวงแหวนรอบนอก	5.60
ถนนวงแหวนรอบนอกกรุงเทพ	6.00
ถนนวงแหวนรอบนอกกรุงเทพมหานคร	6.00
ถนนวงแหวนรอบนอกฝั่งตะวันออก	6.00
ถนนวงแหวนรอบเมืองนครราชสีมา	6.00
ถนนวงแหวนรอบเมืองร้อยเอ็ด	6.00
ถนนวงแหวนรอบใน	5.50
ถนนวงแหวนอุตสาหกรรม	6.00
ถนนวรจักร	5.00
ถนนวอลล์สตรีท	5.40
ถนนวังหลัง	5.10
ถนนวังเดิม	5.10
ถนนวัชรพล	5.00
ถนนวัดสุทธาวาส	5.50
ถนนวัดหนามแดง	5.40
ถนนวิชิตสงคราม	5.50
ถนนวิทยุ	4.90
ถนนวิภาวดี	5.10
ถนนวิภาวดีรังสิต	5.70
ถนนวิสุทธิกษัตริย์	5.90
ถนนวิสุทธิเทพ	5.40
ถนนวุฒากาศ	5.10
ถนนศรีธรรมาธิราช	5.70
ถนนศรีนครินทร์	5.50
ถนนศรีบูรพา	5.20
ถนนศรีรับสุข	5.30
ถนนศรีวิชัย	5.20
ถนนศรีสมาน	5.10
ถนนศรีอยุธยา	5.30
ถนนศาลาแดง	5.10
ถนนศิริพงษ์	5.20
ถนนศุขประยูร	5.30
ถนนศุภกิจ	5.00
ถนนสถลเชียงคาน	5.50
ถนนสถิตนิมานการ	5.60
ถนนสถิตนิมานกาล	5.60
ถนนสถิตย์นิมานการ	5.80
ถนนสถิตย์นิมานกาล	5.80
ถนนสนามชัย	5.10
ถนนสนามบินน้ำ	5.40
ถนนสนามไชย	5.10
ถนนสมเด็จพระเจ้าตากสิน	6.00
ถนนสมเด็จเจ้าพระยา	5.90
ถนนสมเด็จเดโชฮุนเซน	6.00
ถนนสยาม	4.80
ถนนสรงประภา	5.20
ถนนสรรพาวุธ	5.20
ถนนสวรรคโลก	5.20
ถนนสหกรณ์	5.00
ถนนสหพันธรัฐรัสเซีย	6.00
ถนนสะพานพุทธ	5.30
ถนนสาทร	4.80
ถนนสาทรเหนือ	5.30
ถนนสาทรใต้	5.10
ถนนสาธร	4.80
ถนนสาธุประดิษฐ์	5.60
ถนนสามสิบเมตร	5.40
ถนนสามัคคี	5.10
ถนนสามเสน	5.00
ถนนสายนี้หัวใจไม่เคยลืม	6.00
ถนนสายนี้เปรี้ยว	5.70
ถนนสายประธานใหญ่	5.70
ถนนสายลวด	5.00
ถนนสายหัวใจ	5.20
ถนนสายเลี่ยงเมืองภูเก็ต	6.00
ถนนสายใยรัก	5.20
ถนนสายไม้	5.00
ถนนสายไหม	5.00
ถนนสำเพ็ง	5.00
ถนนสำเร็จพัฒนา	5.50
ถนนสิงหวัฒน์	5.30
ถนนสิบสามห้าง	5.40
ถนนสิรินธร	5.10
ถนนสิริโสธร	5.20
ถนนสีจิ้นผิง	5.30
ถนนสีบุญเรือง	5.40
ถนนสีลม	4.80
ถนนสีหบุรานุกิจ	5.60
ถนนสีหบูรานุกิจ	5.60
ถนนสี่พระยา	5.20
ถนนสืบศิริ	5.10
ถนนสุขสวัสดิ์	5.40
ถนนสุขุมวิท	5.20
ถนนสุทธาวาส	5.20
ถนนสุทธิสาร	5.20
ถนนสุทธิสารวินิจฉัย	6.00
ถนนสุรนารายณ์	5.40
ถนนสุรนารี	5.10
ถนนสุรวงศ์	5.10
ถนนสุวรรณภูมิ	5.40
ถนนสุวรรณศร	5.20
ถนนสุวินทวงศ์	5.40
ถนนสุเหร่าคลองหนึ่ง	6.00
ถนนหทัยราษฎร์	5.40
ถนนหนังสือสายคาบูล	5.90
ถนนหนานจิง	5.10
ถนนหน้าพระธาตุ	5.50
ถนนหน้าพระลาน	5.40
ถนนหน้าวังตรา	5.40
ถนนหลวง	4.80
ถนนหลวงแพ่ง	5.20
ถนนหลังสวน	5.10
ถนนหลานหลวง	5.20
ถนนห้วยแก้ว	5.20
ถนนอนุวงศ์	5.10
ถนนอรุณอมรินทร์	5.60
ถนนอรุณอัมรินทร์	5.70
ถนนออชาร์ด	5.10
ถนนออร์ชาร์ด	5.30
ถนนอักษะ	4.90
ถนนอังรีดูนังต์	5.60
ถนนอัจฉริยะประสิทธิ์	6.00
ถนนอัจฉริยะพัฒนา	5.70
ถนนอัษฎางค์	5.20
ถนนอาลิส์คองส์	5.50
ถนนอินทรพิทักษ์	5.60
ถนนอิสรภาพ	5.10
ถนนอุณากรรณ	5.20
ถนนอุณากรรณ์	5.30
ถนนอุดมสรยุทธ์	5.50
ถนนอุดมสุข	5.10
ถนนอุทยาน	5.00
ถนนอู่ทอง	5.00
ถนนอู่ทองนอก	5.30
ถนนอู่ทองใน	5.20
ถนนอโยธยา	5.00
ถนนอโศก	4.80
ถนนอโศกมนตรี	5.30
ถนนอ่อนนุช	5.10
ถนนเคหะบางพลี	5.40
ถนนเจริญกรุง	5.30
ถนนเจริญนคร	5.20
ถนนเจริญรัฐ	5.20
ถนนเจริญรัถ	5.20
ถนนเจริญราษฎร์	5.50
ถนนเจริญเมือง	5.40
ถนนเจี้ยนกั๋วเหมินนอก	6.00
ถนนเจี้ยนกั๋วเหมินใน	6.00
ถนนเจ้าคำรบ	5.20
ถนนเจ้าคำรพ	5.20
ถนนเจ้าคุณทหาร	5.50
ถนนเจ้าฟ้าตะวันออก	5.90
ถนนเฉลิมบูรพาชลทิต	5.90
ถนนเชียงราก	5.20
ถนนเชียงใหม่	5.30
ถนนเชื่อมสัมพันธ์	5.80
ถนนเดชาวุธ	5.10
ถนนเดโช	4.80
ถนนเทพกระษัตรี	5.50
ถนนเทพคุณากร	5.30
ถนนเทพรักษ์	5.20
ถนนเทพรัตน	5.10
ถนนเทพราช	5.00
ถนนเทพารักษ์	5.30
ถนนเทอดไท	5.00
ถนนเปตาลิง	5.10
ถนนเปรียะฮ์ตรอซ็อกผแอม	6.00
ถนนเปอตาลิง	5.20
ถนนเพชรบุรี	5.20
ถนนเพชรบุรีตัดใหม่	5.90
ถนนเพชรเกษม	5.20
ถนนเพนซิลเวเนีย	5.60
ถนนเพลินจิต	5.20
ถนนเฟื่องนคร	5.30
ถนนเยาวราช	5.10
ถนนเรวดี	4.90
ถนนเรารักในหลวง	5.60
ถนนเลียบคลองทวีวัฒนา	6.00
ถนนเลียบคลองประปา	5.80
ถนนเลียบชายฝั่งทะเล	6.00
ถนนเลียบเนิน	5.30
ถนนเลี่ยงเมือง	5.50
ถนนเลี่ยงเมืองชะอำ	5.90
ถนนเลี่ยงเมืองนครราชสีมา	6.00
ถนนเลี่ยงเมืองนนทบุรี	6.00
ถนนเลี่ยงเมืองบางบ่อ	6.00
ถนนเลี่ยงเมืองปากเกร็ด	6.00
ถนนเลี่ยงเมืองพังงา	6.00
ถนนเลี่ยงเมืองมหาสารคาม	6.00
ถนนเลี่ยงเมืองสันป่าตองหางดง	6.00
ถนนเศรษฐกิจ	5.20
ถนนเสรีไทย	5.10
ถนนเสือป่า	5.10
ถนนเหมาเจ๋อตง	5.40
ถนนเหมืองหิต	5.30
ถนนเอกชัย	5.00
ถนนเอกมัย	5.00
ถนนเอปีฟานีโอเดลอสซันโตส	6.00
ถนนเอื้ออารีย์	5.50
ถนนเอเชีย	5.00
ถนนแก้วเงินทอง	5.50
ถนนแจ้งวัฒนะ	5.30
ถนนแจ้งวัฒนะปากเกร็ด	6.00
ถนนแจ้งสนิท	5.20
ถนนแปลงนาม	5.10
ถนนแพรกษา	5.00
ถนนแพร่งนรา	5.20
ถนนแพร่งภูธร	5.30
ถนนแพร่งสรรพศาสตร์	5.90
ถนนแม่หลวน	5.10
ถนนแสงชูโต	5.10
ถนนโชตนา	4.90
ถนนโดเวอร์	5.10
ถนนโพธิ์กลาง	5.30
ถนนโรจนะ	4.90
ถนนในประเทศพม่า	5.60
ถนนในประเทศเกาหลีเหนือ	6.00
ถนนในประเทศไทย	5.50
ถลาง	6.00
ถวายรายงาน	5.10
ถอนคำร้องทุกข์	4.50
ถึงแม้	4.20
ถุงลมโป่งพอง	4.30
ถ้าหาก	4.20
ถ้ำพรรณรา	6.50
ทงคัตสึ	3.30
ทนายความ	3.90
ทนุถนอม	0.50
ทพ.	5.00
ทพญ.	5.00
ทยอย	0.50
ทรงงาน	4.20
ทรงพระกรุณา	4.70
ทรงพระเจริญ	4.70
ทรงมีพระราชดำรัส	5.20
ทรงมีพระราชดำริ	5.10
ทรงรับฟัง	4.50
ทรงห่วงใย	4.50
ทรงอย่างแบด	1.50
ทรอปิกออฟแคปริคอร์น	4.00
ทรอมโบน	2.80
ทรัมเป็ต	2.90
ทรานซิสเตอร์	3.30
ทราฟฟิก	3.30
ทรายทองวัฒนา	6.80
ทรายมูล	6.30
ทริดิไมต์	3.00
ทริป	2.50
ทรีตเมนต์	3.00
ทรู	3.50
ทรูคอฟฟี่	3.50
ทรูมันนี่	4.00
ทรูวิชั่นส์	4.20
ทวิตภพ	2.70
ทวิตเตอร์	4.00
ทวิสต์	2.70
ทวีดเลดดัม	3.10
ทวีต	2.50
ทวีวัฒนา	6.40
ทสึนเดเระ	3.00
ทองคำ	2.60
ทองผาภูมิ	6.50
ทองหล่อ	6.30
ทองแดง	2.70
ทองแสนขัน	6.50
ทอดกฐิน	3.30
ทอดผ้าป่า	3.50
ทอดพระเนตร	4.60
ทอนซิล	2.70
ทอปปิก	2.70
ทอฟฟี่	2.70
ทอฟฟี่เค้ก	3.60
ทอม	2.50
ทอมซอไนต์	3.00
ทอร์นาโด	2.90
ทอร์เบอร์ไนต์	3.40
ทอล์กโชว์	3.00
ทอเรียม	2.80
ทอเรียไนต์	3.10
ทอโรกุม์ไมต์	3.30
ทอไรต์	2.70
ทะนุถนอม	0.50
ทะยอย	0.50
ทะเบียนมงคล	3.70
ทักซีโด	2.80
ทักษิณ	5.20
ทักษิณ ชินวัตร	6.00
ทังสเตน	2.80
ทัชใจ	1.50
ทันตแพทย์	4.00
ทับคล้อ	6.30
ทับทิม	2.70
ทับปุด	6.20
ทับสะแก	6.30
ทัพทัน	6.20
ทัลก์	2.60
ทัวริสต์	2.90
ทัวร์	2.60
ทัวร์นาเมนต์	3.30
ทัวร์มาลีน	3.10
ทั้งนี้	4.30
ทั้งนี้ทั้งนั้น	5.10
ทั้งสองฝ่าย	4.70
ทางด่วนฉลองรัช	5.50
ทางด่วนบูรพาวิถี	5.70
ทางด่วนศรีรัช	5.40
ทางด่วนอุดรรัถยา	5.70
ทางด่วนเฉลิมมหานคร	5.90
ทางพิเศษ	4.90
ทางพิเศษกาญจนาภิเษก	6.00
ทางพิเศษฉลองรัช	5.60
ทางพิเศษชูโอ	5.30
ทางพิเศษทะเตะยะมะ	5.80
ทางพิเศษบูรพาวิถี	5.80
ทางพิเศษประจิมรัถยา	6.00
ทางพิเศษศรีรัช	5.50
ทางพิเศษอะโอะโมะริ	5.90
ทางพิเศษอุดรรัถยา	5.80
ทางพิเศษอุตราภิมุข	5.90
ทางพิเศษเฉลิมมหานคร	6.00
ทางพิเศษในประเทศมาเลเซีย	6.00
ทางพิเศษในประเทศสิงคโปร์	6.00
ทางพิเศษในประเทศไทย	6.00
ทาจิกิสถาน	6.60
ทาฟ์ไฟต์	2.90
ทายาทโดยธรรม	4.30
ทารกแรกเกิด	4.20
ทาร์ต	3.10
ทาร์บุตไทต์	3.20
ทาวน์เฮาส์	3.10
ทาสก์	3.10
ทาโกะยากิ	3.50
ทาโก้	3.10
ทำบุญครบรอบ	3.70
ทำบุญบ้าน	3.50
ทำเนียบรัฐบาล	5.90
ทิกท็อก	3.80
ทิงเจอร์	2.90
ทิชชู	2.60
ทิน	2.50
ทินคัล	2.70
ทินคัลโคไนต์	3.30
ทินักไซต์	3.00
ทิพวัล	6.20
ทิแรนโนซอรัสเร็กซ์	3.90
ทีซีดีซี	2.90
ทีม	2.50
ทีมเวิร์ก	3.00
ทียูยามูไนต์	3.30
ทีลไลต์	2.80
ทีวี	2.50
ทีออเรทิคัล	3.20
ทีเอ็นที	2.90
ที่จริง	4.30
ที่ว่า	4.20
ที่เกิดเหตุ	5.20
ทุ่งครุ	6.30
ทุ่งช้าง	6.40
ทุ่งตะโก	6.40
ทุ่งฝน	6.20
ทุ่งยางแดง	6.60
ทุ่งศรีอุดม	6.70
ทุ่งสง	6.20
ทุ่งหว้า	6.40
ทุ่งหัวช้าง	6.70
ทุ่งเขาหลวง	6.70
ทุ่งเสลี่ยม	6.70
ทุ่งใหญ่	6.40
ทูนา	3.00
ทูริงไกต์	3.00
ทูลละอองธุลีพระบาท	5.40
ทูลละอองพระบาท	5.00
ทูลเกล้าทูลกระหม่อม	5.50
ทูลเกล้าฯ	4.50
ทูเนลไลต์	3.00
ทูเลียม	2.80
ทูแฟกเตอร์	3.60
ทูไลต์	2.70
ทไวไลท์	2.80
ท็อกซิก	2.80
ท็อปปิก	2.80
ท็อปส์	3.70
ท็อฟฟี่	2.80
ท่าข้าม	6.30
ท่าคันโท	6.40
ท่าฉาง	6.20
ท่าชนะ	6.20
ท่าช้าง	6.30
ท่าตะเกียบ	6.60
ท่าตะโก	6.30
ท่าตูม	6.20
ท่าบ่อ	6.20
ท่าปลา	6.20
ท่าพระ	6.20
ท่ามะกา	6.30
ท่าม่วง	6.30
ท่ายาง	6.20
ท่าลี่	6.20
ท่าวังผา	6.40
ท่าวุ้ง	6.30
ท่าศาลา	6.30
ท่าสองยาง	6.50
ท่าหลวง	6.30
ท่าอุเทน	6.40
ท่าเรือ	6.30
ท่าแซะ	6.20
ท่าแพ	6.10
ท่าใหม่	6.30
ท้องถิ่นเทศบาลตำบลบ้านฆ้อง	7.50
ท้องถิ่นเทศบาลตำบลสำนักขาม	7.50
ท้ายเหมือง	6.60
ท้าวเวสสุวรรณ	3.90
ธ.ค.	7.00
ธนบุรี	6.20
ธนาคารกรุงศรีอยุธยา	6.50
ธนาคารกรุงเทพ	5.90
ธนาคารกรุงไทย	5.90
ธนาคารกสิกรไทย	6.00
ธนาคารซีไอเอ็มบี	6.20
ธนาคารทหารไทยธนชาต	6.40
ธนาคารทิสโก้	5.80
ธนาคารยูโอบี	5.80
ธนาคารสงเคราะห์	6.10
ธนาคารสแตนดาร์ดชาร์เตอร์ด	6.50
ธนาคารออมสิน	5.80
ธนาคารอาคารสงเคราะห์	6.50
ธนาคารอิสลามแห่งประเทศไทย	6.50
ธนาคารเพื่อการเกษตรและสหกรณ์การเกษตร	6.50
ธนาคารแห่งประเทศไทย	6.50
ธนาธร จึงรุ่งเรืองกิจ	6.50
ธปท.	4.00
ธรรมศาสตร์	5.60
ธวัชบุรี	6.40
ธัญบุรี	6.30
ธาตุพนม	6.30
ธารโต	6.10
น.	7.00
น.ส.	5.00
นก	1.50
นครชัยศรี	6.50
นครนายก	8.30
นครปฐม	8.20
นครพนม	8.20
นครรัฐวาติกัน	6.90
นครราชสีมา	8.60
นครศรีธรรมราช	8.90
นครสวรรค์	8.50
นครหลวง	6.30
นครไทย	6.20
นนทบุรี	8.30
นบพิตำ	6.20
นพ.	5.00
นร.	4.00
นรสิงค์	0.50
นรสิงห์	0.50
นราธิวาส	8.40
นวมินทร์	4.90
นศ.	4.00
นอกจากนี้	4.50
นอจยาไกต์	3.00
นอต	2.50
นอนโทรไนต์	3.10
นอย	1.50
นอยด์	2.60
นอร์ทอีสต์	3.10
นอร์ทูไพต์	3.10
นอร์เบอร์ไกต์	3.40
นอร์เวย์	6.40
นอไฟต์	2.70
นะหน้าทอง	3.50
นักพากย์	2.90
นักเก็ต	3.30
นับตั้งแต่	4.60
นัมเบอร์วัน	1.50
นากลาง	6.20
นาคู	6.00
นางกวัก	3.30
นางรอง	6.20
นางสาว	5.20
นาจะหลวย	6.40
นาซา	2.50
นาซ่า	2.60
นาดี	6.00
นาดูน	6.10
นาด้วง	6.20
นาตาล	6.10
นาทม	6.00
นาทวี	6.10
นาที	4.00
นานา	6.00
นาน้อย	6.20
นาบอน	6.10
นามน	6.00
นามิเบีย	6.40
นายกรัฐมนตรี	3.80
นายายอาม	6.40
นายูง	6.10
นาร์ซาร์ซุไคต์	3.50
นาวัง	6.10
นาวาร่า	3.30
นาหมื่น	6.30
นาหม่อม	6.30
นาหว้า	6.20
นาห์โคไลต์	3.10
นาอูรู	6.20
นาเชือก	6.30
นาเยีย	6.20
นาแก	6.00
นาแห้ว	6.20
นาโชส์	3.20
นาโทรคาลไซต์	3.30
นาโทรจาโรไซต์	3.40
นาโพธิ์	6.30
นาโยง	6.10
นำตัว	4.60
นิกรอยด์	2.90
นิการากัว	6.50
นิกเกิล	2.80
นิกเกไลน์	3.00
นิกโคไลต์	3.00
นิคมคำสร้อย	6.70
นิคมน้ำอูน	6.60
นิคมพัฒนา	6.50
นิด้า	5.10
นิติกรรม	3.90
นิติกรรมอำพราง	4.50
นิติบุคคล	4.00
นินเทนโด	2.90
นิรโทษกรรม	3.60
นิวซีแลนด์	6.60
นิวตรอน	2.80
นิวนอร์มัล	3.10
นิวยอร์ก	6.40
นิวรัลเน็ตเวิร์ก	4.20
นิวส์	2.60
นิวเคลียร์	3.10
นิวเคลียส	3.00
นิวแคลิโดเนีย	6.90
นิสสัน	3.70
นิโคติน	2.80
นิโครม	2.70
นีออน	2.60
นีอูเอ	6.20
นีโอดิเมียม	3.20
นุบนิบ	1.50
นุ่มฟู	1.50
นเรศวร	5.20
นโยบายสาธารณะ	3.90
น็อกเอาต์	3.00
น่าน	8.00
น้อน	1.50
น้ำขุ่น	6.30
น้ำปาด	6.20
น้ำพอง	6.20
น้ำมันก๊าด	0.50
น้ำมันก๊าส	0.50
น้ำยืน	6.20
น้ำหนาว	6.30
น้ำเกลี้ยง	6.60
น้ำโสม	6.20
บ.	5.00
บช.ก.	5.10
บช.น.	5.10
บดินทรเดชา	4.10
บนบาน	3.10
บรบือ	6.10
บรมราชชนนี	5.10
บรรพชา	0.50
บรรพตพิสัย	6.60
บรรหาร ศิลปอาชา	6.10
บรอกโคลี	2.90
บรองโค	2.70
บรอด	2.50
บรอดแบนด์	3.00
บรอน	2.50
บรอนซ์	2.70
บรอนเซอร์	3.00
บรอนไซต์	2.90
บรอยล์	2.70
บรอล	2.50
บรอว์น	2.70
บรอว์ล	2.70
บรัช	2.50
บรันช์	2.70
บรัฟ	2.50
บรัมบี	2.70
บรั่นดี	3.30
บรา	2.50
บราซิล	6.20
บราซิเลียไนต์	3.40
บรานช์	2.70
บราย	2.50
บราว	2.50
บราวนี	2.70
บราวนี่	3.30
บราวน์	2.70
บราวอยต์	2.90
บราวเซอร์	3.50
บราส	2.50
บราโว	2.60
บริก	2.50
บริกันด์	2.90
บริกันทีน	3.00
บริง	2.50
บริงก์	2.70
บริดจ์	2.70
บริติชอินเดียนโอเชียนเทร์ริทอรี	7.50
บริล	2.50
บริลเลียนซ์	3.20
บริลเลียนต์	3.20
บริสกิต	2.80
บริสก์	2.70
บริสเบน	6.30
บริเกด	2.70
บรี	2.50
บรีช	2.50
บรีซ	2.50
บรีด	2.50
บรีฟ	2.50
บรีฟเคส	2.80
บรีออช	2.70
บรีโอ	2.60
บรุก	2.50
บรุม	2.50
บรูช	2.50
บรูด	2.50
บรูต	2.50
บรูม	2.50
บรูว์	2.60
บรูส	2.50
บรูสเก็ตตา	3.10
บรูเซอร์	2.90
บรูเนต	2.70
บรูเน็ต	2.80
บรูเวอรี	2.90
บรูเวอร์	2.90
บรูเออรี	2.90
บรูเออร์	2.90
บรูโน	2.60
บรูไคต์	2.80
บรูไซต์	2.80
บรูไน	6.10
บรูไนดารุสซาลาม	7.10
บร็อคโคลี่	3.10
บลอนด์	2.70
บลอบ	2.50
บลัช	2.50
บลัด	2.50
บลัดดี	2.70
บลัดสโตน	2.90
บลันต์	2.70
บลัฟ	2.50
บลานช์	2.70
บลาร์นีย์	3.00
บลาสต์	2.70
บลิงก์	2.70
บลิงริง	2.80
บลิซเซิร์ด	3.10
บลิตซ์	2.70
บลิป	2.50
บลิส	2.50
บลิสเตอร์	3.00
บลีก	2.50
บลีช	2.50
บลีด	2.50
บลีต	2.50
บลีนี	2.60
บลีป	2.50
บลู	2.50
บลูทูท	3.20
บลูทูธ	3.20
บลูพรินต์	3.00
บลูม	2.50
บลูมเบิร์ก	3.10
บลูเบร์รี	3.00
บลูเบอร์รี	3.60
บลูเรย์	2.80
บล็อก	2.60
บล็อกบัสเตอร์	3.40
บล็อกเกอร์	3.10
บล็อกเชน	3.90
บล็อกโคลี่	3.10
บล็อค	2.60
บล็อต	2.60
บล็อบ	2.60
บล๊อก	0.50
บวช	0.50
บวชนาค	3.20
บวชพระ	3.20
บอกซิง	2.70
บอกซ์	2.60
บอง	2.50
บองก์	2.60
บองก์บัสเตอร์	3.40
บองโก	2.60
บอดี	2.50
บอดีการ์ด	3.00
บอดี้	2.60
บอดี้การ์ด	3.10
บอตสวานา	6.40
บอตเทิล	2.80
บอนด์	2.60
บอนนิต	2.70
บอนบอน	2.70
บอนไฟเออร์	3.10
บอมบาร์ด	2.90
บอมบาเดียร์	3.20
บอมบ์	2.60
บอมแบสติก	3.00
บอย	2.50
บอยคอต	2.70
บอยค็อต	2.80
บอยล์	2.60
บอยส์เลิฟ	3.00
บอยเฟรนด์	3.00
บอยเลอร์	2.90
บอยแบนด์	2.90
บอราไซต์	2.90
บอร์	2.50
บอร์ด	2.60
บอร์ดเกม	2.90
บอร์น	2.60
บอร์โนไนต์	3.10
บอร์โรว์	2.90
บอร์ไนต์	2.90
บอล	2.50
บอลซัม	2.70
บอลซา	2.60
บอลซี	2.60
บอลด์	2.60
บอลด์วิน	2.90
บอลรูม	2.70
บอส	2.50
บอสซาโนวา	3.00
บอสเนียและเฮอร์เซโกวีนา	7.50
บอแรกซ์	2.80
บอแร็กซ์	2.90
บะซูกา	2.70
บะนอฟฟี	2.80
บะบูน	2.60
บะราจ	2.60
บะโลนี	2.70
บัก	3.00
บักกิต	2.70
บักกี	2.60
บักช็อต	2.80
บักวีต	2.70
บักเกอร์	2.90
บักเกิล	2.80
บักเบร์	2.80
บักแบร์	2.80
บังกลาเทศ	6.50
บังกะโล	2.80
บังก์	2.60
บังคับคดี	4.00
บังสุกุลตาย	3.70
บังสุกุลเป็น	3.80
บังเกอร์	2.90
บังเกิล	2.80
บัซ	2.50
บัซเซอร์	2.90
บัซเซิร์ด	3.00
บัซเวิร์ด	3.00
บัด	2.50
บัดจิต	2.70
บัดจี	2.60
บัดดี	2.60
บัดนี้	4.20
บัต	2.50
บัตรกดเงินสด	4.30
บัตรเครดิต	4.10
บัตรเดบิต	4.00
บัตเตอร์	3.40
บัตเลอร์	2.90
บัตแทเลียน	3.10
บัน	2.50
บันจี	2.60
บันจีจัมป์	3.10
บันช์	2.60
บันดาลโทสะ	4.10
บันต์	2.60
บันทึกข้อตกลง	5.40
บันนังสตา	6.50
บันนี	2.60
บันเดิล	2.80
บับเบิล	2.80
บัฟ	2.50
บัฟพลัง	2.80
บัฟฟาโล	2.80
บัฟเฟอร์	3.40
บัม	2.50
บัมปี	2.60
บัมป์	2.60
บัมฟ์	2.60
บัมเบิล	2.80
บัมเบิลบี	3.00
บัลกี	2.60
บัลก์	2.60
บัลจ์	2.60
บัลบัส	2.70
บัลบ์	2.60
บัลลิสติก	3.00
บัลลูน	2.70
บัลเลต์	2.80
บัลเวิร์ก	3.00
บัลแกเรีย	6.50
บัวลาย	6.20
บัวเชด	6.20
บัวใหญ่	6.30
บัส	2.50
บัสซูน	2.70
บัสตี	2.60
บัสต์	2.60
บัสบอย	2.70
บัสบี	2.60
บัสเตอร์	2.90
บัสเติร์ด	3.00
บัสไทต์	2.80
บั๊ก	3.00
บางกรวย	6.30
บางกระทุ่ม	6.60
บางกระสอ	6.40
บางกล่ำ	6.30
บางกอกน้อย	6.60
บางกอกใหญ่	6.60
บางกะปิ	6.30
บางขัน	6.20
บางขุนนนท์	6.60
บางขุนเทียน	6.70
บางคนที	6.30
บางคล้า	6.30
บางคอแหลม	6.50
บางจาก	6.20
บางซื่อ	6.30
บางซ่อน	6.30
บางซ้าย	6.30
บางนา	6.10
บางนา-ตราด	5.10
บางน้ำเปรี้ยว	6.90
บางบอน	6.20
บางบัว	6.20
บางบัวทอง	6.50
บางบาล	6.20
บางบ่อ	6.20
บางปลาม้า	6.50
บางปะกง	6.30
บางปะหัน	6.40
บางปะอิน	6.40
บางพลัด	6.30
บางพลี	6.20
บางพลู	6.20
บางมูลนาก	6.50
บางยี่ขัน	6.50
บางระกำ	6.30
บางระจัน	6.40
บางรัก	6.20
บางรักน้อยท่าอิฐ	7.20
บางรักใหญ่	6.60
บางละมุง	6.40
บางสะพาน	6.40
บางสะพานน้อย	6.80
บางหว้า	6.30
บางอ้อ	6.20
บางเขน	6.20
บางเลน	6.20
บางเสาธง	6.40
บางแก้ว	6.30
บางแค	6.10
บางแพ	6.10
บางแสน	6.20
บางโพ	6.10
บางใหญ่	6.30
บางไทร	6.20
บางไผ่	6.20
บาซิลลัส	2.90
บาซิโลซอรัส	3.20
บาดทะยัก	3.90
บาท	4.00
บาย	2.50
บายพาส	2.70
บายศรีสู่ขวัญ	3.90
บารอมิเตอร์	3.20
บาริสตา	2.80
บารีสตา	2.80
บาร์	2.50
บาร์ก	2.60
บาร์กิน	2.80
บาร์คีวิไคต์	3.30
บาร์จ	2.60
บาร์จี	2.70
บาร์ด	2.60
บาร์น	2.60
บาร์นยาร์ด	3.10
บาร์บ	2.60
บาร์บิคิว	3.00
บาร์บีคิว	3.50
บาร์บีคิวพลาซ่า	4.60
บาร์ฟ	2.60
บาร์มบี	2.80
บาร์เตอร์	3.00
บาร์เทนเดอร์	3.30
บาร์เบล	2.80
บาร์เบอร์	3.00
บาร์เบอร์ช็อป	3.40
บาร์เบเรียน	3.20
บาร์เบโดส	6.50
บาร์เรล	2.80
บาร์เลย์	2.90
บาร์แบเรียน	3.20
บาร์โคด	3.30
บาร์โค้ด	2.90
บาลซัม	2.70
บาลซา	2.60
บาลซี	2.60
บาลด์	2.60
บาลด์วิน	2.90
บาล์ม	2.60
บาว	2.50
บาสกิต	2.70
บาสก์	2.60
บาสต์เนไซต์	3.20
บาสเกตบอล	3.00
บาสเติร์ด	3.00
บาห์เรน	6.30
บาฮามาส	6.30
บาเจาะ	6.20
บำเหน็จณรงค์	6.80
บิก	2.50
บิกซ์ไบต์	3.00
บิกิทาไอต์	3.10
บิกิน	2.60
บิกินเนอร์	3.10
บิคอส	2.60
บิคัม	2.60
บิคีนี	2.70
บิง	2.50
บิงซู	3.10
บิงโก	2.60
บิซาร์	2.70
บิซี	2.50
บิต	3.00
บิตคอย	2.70
บิตคอยน์	3.90
บิตแม็ป	2.80
บิทคอยน์	2.90
บิทวีน	2.70
บิน	2.50
บินจ์	2.60
บินด์ไฮไมต์	3.20
บินต์	2.60
บิบิมบับ	3.40
บิฟอร์	2.70
บิมโบ	2.60
บิล	2.50
บิลด์	2.60
บิลด์อัป	2.90
บิลต์	2.60
บิลต์อิน	2.90
บิลบอร์ด	2.90
บิลล์	2.60
บิลอง	2.60
บิลีฟ	2.60
บิลเดอร์	2.90
บิลเลียด	2.90
บิลเลียน	2.90
บิวคอลิก	2.90
บิวตี	2.60
บิวตีบล็อกเกอร์	3.60
บิวตี้บล็อกเกอร์	3.70
บิวท์อิน	2.90
บิวเกิล	2.80
บิวเรตต์	2.90
บิสกิต	3.20
บิสก์	2.60
บิสนิส	2.70
บิสมัท	2.70
บิสมูทิไนต์	3.20
บิสมูไทต์	3.00
บิสเนส	2.70
บิสโตร	2.70
บิสไตรด์	2.90
บิฮาล์ฟ	2.80
บิฮีมอท	2.80
บิเทก	2.60
บิเทรย์	2.80
บิเมนไทต์	3.00
บิเฮด	2.60
บิเฮฟ	2.60
บิแดซเซิล	3.00
บิแวร์	2.70
บิแฮล์ฟ	2.80
บิโลว์	2.70
บิโฮลด์	2.80
บิไซด์	2.70
บิไนน์	2.70
บิไฮนด์	2.80
บิ๊กซี	3.70
บิ๊กดาต้า	3.50
บิ๊กแมตช์	3.00
บีก	2.50
บีกเกอร์	2.90
บีคอน	2.60
บีช	2.50
บีซีจี	3.20
บีซีพีจี	2.90
บีด	2.50
บีต	2.50
บีตรูต	2.70
บีตา	2.50
บีทาไฟต์	2.90
บีทีเอส	2.80
บีน	3.00
บีบอป	2.60
บีบีซี	2.70
บีบีซีเวิลด์	3.30
บีบ็อป	2.70
บีป	2.50
บีฟ	3.00
บีม	2.50
บียอนด์	2.80
บีวายดี	3.80
บีสก์	2.60
บีสต์	2.60
บีสโตร	2.70
บีอาร์วี	3.40
บีเกิล	2.70
บีเทิล	2.70
บีเวอร์	2.80
บีเอ็มดับเบิลยู	4.60
บีไฮฟ์	2.70
บึงกาฬ	8.20
บึงกุ่ม	6.30
บึงนาราง	6.40
บึงบูรพ์	6.40
บึงสามพัน	6.50
บึงสามัคคี	6.60
บึงโขงหลง	6.50
บุก	2.50
บุกกิง	2.70
บุกจับ	4.70
บุกรุก	4.70
บุคคลธรรมดา	4.20
บุคคลากร	0.50
บุคลากร	0.50
บุช	2.50
บุญบั้งไฟ	3.50
บุณฑริก	6.30
บุตต์เจนแบไคต์	3.50
บุตเชอร์	2.90
บุพการี	3.80
บุฟเฟต์	2.80
บุฟเฟ่ต์	2.90
บุรีรัมย์	8.50
บุรุนดี	6.30
บุล	2.50
บุลดอก	2.70
บุลด็อก	2.80
บุลรัช	2.70
บุลลิช	2.70
บุลลิต	2.70
บุลลี	2.60
บุลิเมีย	2.90
บุลเลียน	2.90
บุลเวิร์ก	3.00
บุลโดซเซอร์	3.20
บุ่งคล้า	6.40
บุ๊ก	2.50
บุ๊กมาร์ก	3.00
บุ๊กส์	2.70
บูกี	2.50
บูกีแมน	2.80
บูต	2.50
บูตส์	2.60
บูตเลก	2.70
บูท	2.50
บูทีก	2.60
บูน	2.50
บูมเมอร์	2.90
บูรพา	5.10
บูร์กินาฟาโซ	6.80
บูลีเมีย	2.90
บูสต์	2.60
บูสเตอร์	2.90
บูเค	2.50
บูเคต์	2.70
บูเมอแรง	2.90
บูแลนเจอไรต์	3.30
บ็อกซิง	2.80
บ็อกซ์	2.70
บ็อกไซต์	2.90
บ็อตทอม	2.80
บ็อนบ็อน	2.90
บ่อทอง	6.20
บ่อพลอย	6.30
บ่อเกลือ	6.40
บ่อไร่	6.20
บ้ง	1.50
บ้านกรวด	6.40
บ้านคา	6.20
บ้านค่าย	6.40
บ้านฉาง	6.30
บ้านดุง	6.30
บ้านด่าน	6.40
บ้านด่านลานหอย	7.00
บ้านตาก	6.30
บ้านตาขุน	6.50
บ้านทับช้าง	6.70
บ้านธิ	6.20
บ้านนา	6.20
บ้านนาสาร	6.50
บ้านนาเดิม	6.60
บ้านบึง	6.30
บ้านผือ	6.30
บ้านฝาง	6.30
บ้านม่วง	6.40
บ้านลาด	6.30
บ้านสร้าง	6.50
บ้านหมอ	6.30
บ้านหมี่	6.40
บ้านหลวง	6.40
บ้านเขว้า	6.50
บ้านเหลื่อม	6.70
บ้านแท่น	6.40
บ้านแพง	6.30
บ้านแพรก	6.40
บ้านแพ้ว	6.40
บ้านแหลม	6.40
บ้านแฮด	6.30
บ้านโคก	6.30
บ้านโป่ง	6.40
บ้านโพธิ์	6.50
บ้านโฮ่ง	6.40
บ้านใหม่ไชยพจน์	7.10
บ้านไผ่	6.30
บ้านไร่	6.30
บ๊อกเซอร์	3.00
ป.ป.ช.	5.20
ป.ป.ท.	5.20
ป.ป.ส.	5.20
ปง	6.00
ปฏิบัติการ	5.10
ปฏิบัติหน้าที่	5.50
ปตท.	5.00
ปทุมธานี	8.40
ปทุมรัตต์	6.50
ปทุมราชวงศา	6.70
ปทุมวัน	6.30
ปธ.	5.00
ปรปักษ์	3.80
ปรอท	2.50
ประกันชีวิต	4.20
ประกันตัว	4.00
ประกันวินาศภัย	4.50
ประกันสุขภาพ	4.30
ประกาศกระทรวง	4.40
ประจวบคีรีขันธ์	9.10
ประจักษ์ศิลปาคม	7.10
ประจันตคาม	6.60
ประชาชื่น	5.00
ประชาธิปไตย	3.70
ประชาธิปไตยทางตรง	4.30
ประดิษฐ์มนูธรรม	5.60
ประทาย	6.20
ประธานสภา	3.50
ประนอมหนี้	4.10
ประมวลกฎหมายที่ดิน	4.90
ประมวลกฎหมายวิธีพิจารณาความอาญา	5.00
ประมวลกฎหมายวิธีพิจารณาความแพ่ง	5.00
ประมวลกฎหมายอาญา	4.70
ประมวลกฎหมายแพ่งและพาณิชย์	5.00
ประมวลรัษฎากร	4.40
ประมาท	3.70
ประเพณีบุญบั้งไฟ	4.20
ประเพณีลอยโคม	3.90
ประเพณีแห่เทียนพรรษา	4.50
ประเวศ	6.20
ประเสริฐมนูกิจ	5.50
ประโคนชัย	6.50
ปรับโครงสร้างหนี้	4.80
ปรากฎ	0.50
ปรากฏ	0.50
ปรางค์กู่	6.50
ปราจีนบุรี	8.60
ปราณบุรี	6.40
ปราถนา	0.50
ปรารถนา	0.50
ปราสาท	6.20
ปราสาทกรอเบย	5.80
ปราสาทกระวาน	5.80
ปราสาทกอร์วีนุส	6.10
ปราสาทกาโวเดิง	6.00
ปราสาทกิฟุ	5.60
ปราสาทกู่พระสันตรัตน์	6.50
ปราสาทกู่ศิลา	5.90
ปราสาทกู่สวนแตง	6.10
ปราสาทขอม	5.50
ปราสาทครอนบอรย์	6.10
ปราสาทครอนบอร์	6.00
ปราสาทคอร์วิน	5.90
ปราสาทคายร์นาร์วอน	6.40
ปราสาทคาร์ดิฟฟ์	6.10
ปราสาทคาร์นาร์วอน	6.30
ปราสาทคาร์นาวอน	6.10
ปราสาทคาร์ไลล์	6.00
ปราสาทคาเมยามะ	6.00
ปราสาทคิตาโนโช	6.00
ปราสาทคิลเคนนี	6.00
ปราสาทคุมะโมะโตะ	6.20
ปราสาทคูมาโมโตะ	6.10
ปราสาทจอมพระ	5.80
ปราสาทชองบอร์ด	6.00
ปราสาทชั้นใน	5.80
ปราสาทชียง	5.60
ปราสาทชุริ	5.60
ปราสาทชูริ	5.60
ปราสาทชเวรีน	5.80
ปราสาทช่างปี่	5.90
ปราสาทซันตันเจโล	6.20
ปราสาทซัวปรอต	5.90
ปราสาทซิลวึช	5.80
ปราสาทซุมปุ	5.70
ปราสาทซูวาฮาระ	6.00
ปราสาทซ้อน	5.60
ปราสาทญี่ปุ่น	5.90
ปราสาทญี่ปุ่นดั้งเดิม	6.50
ปราสาทดรัคเอินบวร์ค	6.50
ปราสาทดราเคินบวร์ค	6.40
ปราสาทดราเคินบูร์ก	6.40
ปราสาทดับลิน	5.80
ปราสาทดินอง	5.70
ปราสาทดีน็อง	5.80
ปราสาทตระเปียงเตีย	6.40
ปราสาทตาควาย	5.80
ปราสาทตาพรหม	5.80
ปราสาทตาเนย	5.70
ปราสาทตาเมือน	5.90
ปราสาทตาเมือนธม	6.10
ปราสาทตาเมือนเล็ก	6.30
ปราสาทตาเมือนโต๊ด	6.30
ปราสาทตาเล็ง	5.80
ปราสาทตาแก้ว	5.80
ปราสาทตาโสม	5.70
ปราสาทตาไน	5.60
ปราสาทถมอ	5.50
ปราสาททตโตริ	5.80
ปราสาททริม	5.60
ปราสาททะกะยะมะ	6.00
ปราสาททากายามะ	6.00
ปราสาททาเตบายาชิ	6.20
ปราสาทธมมานนท์	6.00
ปราสาทนครบาชัย	6.00
ปราสาทนครวัด	5.80
ปราสาทนครหลวง	5.90
ปราสาทนอยชวานชไตน์	6.40
ปราสาทนอยส์ชวานสไตน์	6.50
ปราสาทนอรัม	5.70
ปราสาทนอแรม	5.70
ปราสาทนะงะฮะมะ	6.00
ปราสาทนะโงะยะ	5.90
ปราสาทนาคพัน	5.80
ปราสาทนาคพันธ์	6.00
ปราสาทนางรำ	5.70
ปราสาทนางาฮามะ	6.00
ปราสาทนารายณ์เจงเวง	6.50
ปราสาทนาโกย่า	5.90
ปราสาทนาโงยะ	5.80
ปราสาทนิโจ	5.60
ปราสาทน็อยชวานชไตน์	6.50
ปราสาทบรัน	5.60
ปราสาทบราติสลาวา	6.20
ปราสาทบราน	5.60
ปราสาทบันทายกเดย	6.20
ปราสาทบันทายฉมาร์	6.30
ปราสาทบันทายธม	6.00
ปราสาทบันทายศรี	6.10
ปราสาทบันทายสำเหร่	6.40
ปราสาทบัลมอรัล	6.00
ปราสาทบากง	5.60
ปราสาทบากอง	5.70
ปราสาทบาทชุม	5.80
ปราสาทบาปวน	5.70
ปราสาทบายน	5.60
ปราสาทบาร์กลีย์	6.10
ปราสาทบาลมอรัล	6.00
ปราสาทบาเสต	5.70
ปราสาทบาแสต	5.70
ปราสาทบึงมาลา	5.90
ปราสาทบ้านถนนหัก	6.20
ปราสาทบ้านนางรำ	6.10
ปราสาทบ้านบุ	5.80
ปราสาทบ้านปราสาท	6.20
ปราสาทบ้านพลวง	6.00
ปราสาทบ้านสนม	5.90
ปราสาทบ้านสมอ	5.90
ปราสาทบ้านสำโรง	6.10
ปราสาทบ้านอนันต์	6.20
ปราสาทบ้านไพล	5.90
ปราสาทปตุย	5.60
ปราสาทปตูย	5.60
ปราสาทปราก	5.60
ปราสาทปรางกู่	5.90
ปราสาทปรางค์กู่	6.10
ปราสาทปลายบัด	5.90
ปราสาทปักษีจำกรง	6.20
ปราสาทปักษีจำกรุง	6.30
ปราสาทพทูย	5.60
ปราสาทพนมดา	5.70
ปราสาทพนมบานัน	6.00
ปราสาทพนมบาแคง	6.00
ปราสาทพนมบาแค็ง	6.10
ปราสาทพนมรุ้ง	5.90
ปราสาทพนมโกรม	5.90
ปราสาทพรหมกิล	5.90
ปราสาทพระกาฬ	5.80
ปราสาทพระขรรค์	6.00
ปราสาทพระขรรค์กำปงสวาย	6.50
ปราสาทพระธาตุภูเพ็ก	6.50
ปราสาทพระปาลิไล	6.10
ปราสาทพระปิทู	5.90
ปราสาทพระพิธู	5.90
ปราสาทพระพิธูร	6.00
ปราสาทพระวิหาร	6.00
ปราสาทพระเทพบิดร	6.20
ปราสาทพระโค	5.70
ปราสาทพิมานอากาศ	6.20
ปราสาทพิมาย	5.70
ปราสาทภูมิโปน	5.90
ปราสาทภูเพ็ก	5.80
ปราสาทมงคลรรถ	5.90
ปราสาทมงต์บรุน	6.00
ปราสาทมงเบริง	5.90
ปราสาทมะสึเอะ	5.90
ปราสาทมะสึโมะโตะ	6.20
ปราสาทมัตสึเอะ	6.00
ปราสาทมัตสึโมะโตะ	6.30
ปราสาทมัตสึโมโตะ	6.20
ปราสาทมัทสึโมโตะ	6.20
ปราสาทมาริบอร์	6.00
ปราสาทมารีบอร์	6.00
ปราสาทมาร์กัต	5.90
ปราสาทมืด	5.50
ปราสาทยายเหงา	5.90
ปราสาทลลไล	5.60
ปราสาทลอเลย	5.70
ปราสาทลินเดอร์ฮอฟ	6.30
ปราสาทลูบลิยานา	6.10
ปราสาทวอริก	5.70
ปราสาทวอริค	5.70
ปราสาทวัดปรางค์ทอง	6.40
ปราสาทวัดพู	5.70
ปราสาทวัดภู	5.70
ปราสาทวัดสระกำแพงใหญ่	6.50
ปราสาทวัดโคกงิ้ว	6.20
ปราสาทวิทยาคม	5.90
ปราสาทวินด์เซอร์	6.20
ปราสาทวินเชสเตอร์	6.30
ปราสาทวีลาวีซอซา	6.20
ปราสาทศรีขรภูมิ	6.10
ปราสาทศีขรภูมิ	6.00
ปราสาทสด็อกก็อกธม	6.30
ปราสาทสด๊กก๊อกธม	6.20
ปราสาทสด๊อกก๊อกธม	6.30
ปราสาทสนึง	5.60
ปราสาทสมบัติกัลยอสโตร	6.50
ปราสาทสมบัติคากริออสโทร	6.50
ปราสาทสมบูรณ์ไพรคุก	6.50
ปราสาทสมโบร์ไพรกุก	6.40
ปราสาทสระกำแพงน้อย	6.40
ปราสาทสระกำแพงใหญ่	6.40
ปราสาทสังข์ศิลป์ชัย	6.50
ปราสาทสัจธรรม	5.90
ปราสาทสเตอร์ลิง	6.10
ปราสาทหนองกง	5.80
ปราสาทหนองตาเปล่ง	6.30
ปราสาทหนองปล่อง	6.10
ปราสาทหนองหงส์	6.00
ปราสาทหมีเซิน	5.90
ปราสาทหลอนวิญญาณ	6.20
ปราสาทหินนครวัด	6.10
ปราสาทหินพนมรุ้ง	6.20
ปราสาทหินพนมวัน	6.10
ปราสาทหินพิมาย	6.00
ปราสาทหินวัดพู	6.00
ปราสาทหินวัดภู	6.00
ปราสาทหินวัดสระกำแพงใหญ่	6.50
ปราสาทหินศรีขรภูมิ	6.40
ปราสาทหินศีขรภูมิ	6.30
ปราสาทหินสด๊กก๊อกธม	6.50
ปราสาทหินเขาพนมรุ้ง	6.50
ปราสาทหินเขาพระวิหาร	6.50
ปราสาทห้วยทับทัน	6.20
ปราสาทห้วยแคน	5.90
ปราสาทอกยม	5.60
ปราสาทอะซุจิ	5.80
ปราสาทอะซุชิ	5.80
ปราสาทอัมบรัส	5.90
ปราสาทอัมบราส	5.90
ปราสาทอาซูจิ	5.80
ปราสาทอารันเดล	6.00
ปราสาทอินะบะยะมะ	6.20
ปราสาทอุตสึโนมิยะ	6.30
ปราสาทอุ้มเมือง	6.10
ปราสาทฮะงิ	5.60
ปราสาทฮางิ	5.60
ปราสาทฮาพส์บวร์ค	6.20
ปราสาทฮาระ	5.60
ปราสาทฮาวเวิร์ด	6.10
ปราสาทฮิเมจิ	5.80
ปราสาทฮิเมะจิ	5.90
ปราสาทฮิโกะเนะ	6.00
ปราสาทฮิโกเนะ	5.90
ปราสาทฮิโนเอะ	5.90
ปราสาทฮิโรซากิ	6.00
ปราสาทเกาะเกรติ์	6.20
ปราสาทเขมร	5.60
ปราสาทเขาน้อย	5.90
ปราสาทเขาน้อยสีชมพู	6.50
ปราสาทเขาพนมรุ้ง	6.20
ปราสาทเขาพระวิหาร	6.30
ปราสาทเคนิลเวิร์ธ	6.30
ปราสาทเคมบริดจ์	6.10
ปราสาทเคอนิกสแบร์ก	6.40
ปราสาทเคอนิจส์แบร์ก	6.50
ปราสาทเคอนิชส์แบร์ค	6.50
ปราสาทเคียฟ	5.70
ปราสาทเจ้าสายเทวดา	6.40
ปราสาทเชงเกน	5.80
ปราสาทเชวาลิเยร์	6.20
ปราสาทเชอนงโซ	5.90
ปราสาทเซเลีย	5.80
ปราสาทเดลมอนเต	6.00
ปราสาทเดอรัม	5.80
ปราสาทเดอร์แฮม	6.00
ปราสาทเดอแรม	5.80
ปราสาทเทพประณมย์	6.20
ปราสาทเนิน	5.60
ปราสาทเนียกปวน	6.00
ปราสาทเนือร์นแบร์ก	6.40
ปราสาทเนือร์นแบร์ค	6.40
ปราสาทเบงมาลา	5.90
ปราสาทเบ็ง	5.60
ปราสาทเปรียห์ปิทู	6.30
ปราสาทเปรียะปิทู	6.20
ปราสาทเปเรส	5.70
ปราสาทเปเลช	5.70
ปราสาทเปเลซ	5.70
ปราสาทเปเลส	5.70
ปราสาทเมืองจันทร์	6.30
ปราสาทเมืองต่ำ	6.00
ปราสาทเมืองที	5.90
ปราสาทเมืองสิงห์	6.20
ปราสาทเมืองแขก	6.00
ปราสาทเรือนหิน	6.00
ปราสาทเวทมนตร์ของฮาวล์	6.50
ปราสาทเวมิส	5.70
ปราสาทเอกพนม	5.80
ปราสาทเอดินบะระ	6.10
ปราสาทเอะโดะ	5.80
ปราสาทเอโดะ	5.70
ปราสาทเอ็ลทซ์	5.90
ปราสาทแครนาร์ฟอน	6.20
ปราสาทแคร์นาฟอน	6.10
ปราสาทแคร์นาร์ฟอน	6.30
ปราสาทแคเฮอร์	5.90
ปราสาทแซลิแย	5.80
ปราสาทแบลมอรัล	6.00
ปราสาทแปรรูป	5.80
ปราสาทแม่บุญตะวันตก	6.50
ปราสาทแม่บุญตะวันออก	6.50
ปราสาทและสวนซิสซิงเฮิร์ส	6.50
ปราสาทแห่งความจำ	6.20
ปราสาทแห่งลุ่มแม่น้ำลัวร์	6.50
ปราสาทแอนิก	5.70
ปราสาทแอนิค	5.70
ปราสาทแฮเร็นเคียมเซ	6.50
ปราสาทโกรลโค	5.80
ปราสาทโคจิ	5.60
ปราสาทโคชิ	5.60
ปราสาทโครนบอร์ก	6.10
ปราสาทโคริยะมะ	6.00
ปราสาทโคริยามะ	6.00
ปราสาทโคเปนเฮเกน	6.20
ปราสาทโชมงต์	5.80
ปราสาทโดนตวล	5.80
ปราสาทโดเวอร์	5.90
ปราสาทโบฟอร์ต	5.90
ปราสาทโบราณแห่งเกาะอีเยอ	6.50
ปราสาทโบราณแห่งเกาะเยอ	6.50
ปราสาทโบเดียม	5.90
ปราสาทโลเลย	5.70
ปราสาทโอกายามะ	6.00
ปราสาทโอซะกะ	5.80
ปราสาทโอซากะ	5.80
ปราสาทโอซากา	5.80
ปราสาทโอดาวาระ	6.00
ปราสาทโอะกะยะมะ	6.10
ปราสาทโอะดะวะระ	6.10
ปราสาทโฮเอินชวังเกา	6.50
ปราสาทโฮเอินซาลซ์บูร์ก	6.50
ปราสาทโฮเอินท์ซ็อลเลิร์น	6.50
ปราสาทโฮเอินโซลเลิร์น	6.50
ปราสาทโฮเอ็นชวานเกา	6.50
ปราสาทโฮเฮ็นชวานเกา	6.50
ปราสาทไพรมนทีร	6.00
ปราสาทไม้สัจธรรม	6.20
ปราสาทไฮเดิลแบร์ก	6.30
ปราสาทไฮเดิลแบร์ค	6.30
ปริซึม	2.70
ปรินเตอร์	3.00
ปรีดี พนมยงค์	5.90
ปลดเปลื้องหนี้	4.50
ปลวกแดง	6.30
ปลัดขิก	3.30
ปลั๊ก	2.60
ปลั๊กอินไฮบริด	4.00
ปลาปาก	6.20
ปลายพระยา	6.50
ปลาสเตอร์	3.00
ปล่อยก๊าซเรือนกระจก	4.50
ปล่อยชั่วคราว	4.40
ปล่อยตัว	4.90
ปล่อยตัวชั่วคราว	4.70
ปอนด์	2.60
ปะคำ	6.00
ปะทิว	6.10
ปะนาเระ	6.30
ปะเหลียน	6.40
ปักธงชัย	6.40
ปักหมุด	1.50
ปังปุริเย่	1.50
ปังมาก	1.50
ปัตตานี	8.30
ปัว	6.00
ปัสสาวะ	3.80
ปั๊วะ	1.50
ปั๊วะมาก	1.50
ปากคาด	6.20
ปากชม	6.10
ปากช่อง	6.30
ปากท่อ	6.20
ปากน้ำ	6.20
ปากพนัง	6.30
ปากพลี	6.20
ปากพะยูน	6.40
ปากีสถาน	6.40
ปากเกร็ด	6.40
ปางมะผ้า	6.40
ปางศิลาทอง	6.60
ปาดเหงื่อ	1.50
ปานามา	6.20
ปาปัวนิวกินี	6.80
ปาย	6.00
ปารากวัย	6.40
ปารีส	2.60
ปาร์ตี้ลิสต์	3.30
ปาล์ม	2.60
ปาเลา	6.10
ปิกนิก	2.70
ปิงปอง	2.70
ปิยบุตร แสงกนกกุล	6.30
ปิโตรเลียม	3.10
ปีชง	3.00
ป่าชายเลน	3.50
ป่าชุมชน	3.40
ป่าซาง	6.20
ป่าตอง	6.20
ป่าติ้ว	6.30
ป่าบอน	6.20
ป่าพะยอม	6.40
ป่าแดด	6.20
ป่าโมก	6.20
ป้องกันโดยชอบด้วยกฎหมาย	5.00
ป้อมปราบศัตรูพ่าย	7.30
ป้ายยา	1.50
ป๊อป	2.50
ป๊อปคอร์น	3.00
ผก.	5.00
ผกก.	5.00
ผงกระหรี่	0.50
ผงกะหรี่	0.50
ผงสุพรรณ	3.40
ผบ.	5.00
ผบ.ตร	5.10
ผบ.ตร.	5.20
ผบ.ทบ	5.10
ผบ.ทบ.	5.20
ผบ.ทร	5.10
ผบ.ทร.	5.20
ผบ.ทอ	5.10
ผบ.ทอ.	5.20
ผบ.สส	5.10
ผบ.สส.	5.20
ผบก.	5.00
ผมนี่ลุกขึ้นยืนเลย	1.50
ผลตอบแทน	3.90
ผวจ.	5.00
ผศ.	4.00
ผอ.	4.00
ผะหมี	3.10
ผักไห่	6.20
ผัดไท	0.50
ผัดไทย	0.50
ผาขาว	6.10
ผีตาโขน	3.30
ผูกข้อมือ	3.50
ผูกดวง	3.20
ผูกพัทธสีมา	3.70
ผูกพัน	0.50
ผูกพันธ์	0.50
ผู้ก่อเหตุ	5.10
ผู้จัดการมรดก	4.40
ผู้ชุมนุม	5.00
ผู้ต้องสงสัย	5.30
ผู้ต้องหา	5.00
ผู้บาดเจ็บ	5.10
ผู้ประกันตน	4.20
ผู้พิทักษ์	4.10
ผู้ว่าราชการ	5.30
ผู้ว่าราชการจังหวัด	6.00
ผู้สนับสนุน	4.20
ผู้สมัครรับเลือกตั้ง	4.50
ผู้สืบสันดาน	4.30
ผู้สื่อข่าว	5.20
ผู้อนุบาล	4.00
ผู้เสียชีวิต	5.30
ผู้เสียหาย	5.10
ผู้แทนโดยชอบธรรม	4.70
ผู้ใช้อำนาจปกครอง	4.80
ผู้ใช้ให้กระทำความผิด	5.00
ผ่อนชำระ	3.90
ผ้ายันต์	3.40
ฝรั่งเศส	6.40
ฝังลูกนิมิต	3.70
ฝากขัง	3.70
ฝาง	6.00
ฝุ่นพีเอ็มสองจุดห้า	4.50
ฝุ่นละอองขนาดเล็ก	4.30
ฝ่ายค้าน	3.40
ฝ่ายรัฐบาล	3.60
พ.ค.	7.00
พ.ต.	5.00
พ.ต.ต	5.10
พ.ต.ต.	5.20
พ.ต.ท	5.10
พ.ต.ท.	5.20
พ.ต.อ	5.10
พ.ต.อ.	5.20
พ.ท.	5.00
พ.ย.	7.00
พ.ร.ก.	4.20
พ.ร.ฎ.	4.20
พ.ร.บ.	4.20
พ.ศ.	7.00
พ.อ.	5.00
พญ.	5.00
พญาครุฑ	3.30
พญานาค	3.20
พญาเม็งราย	6.60
พญาไท	6.10
พนม	6.00
พนมดงรัก	6.40
พนมทวน	6.20
พนมสารคาม	6.50
พนมเปญ	6.20
พนมไพร	6.20
พนักงานอัยการ	4.40
พนัสนิคม	6.40
พนา	6.00
พบพระ	6.10
พม่า	6.00
พยัคฆภูมิพิสัย	7.00
พยาน	3.50
พยานบุคคล	4.00
พยานหลักฐาน	4.20
พยานเอกสาร	4.10
พยายามกระทำความผิด	4.90
พยุหะคีรี	6.50
พยุห์	6.10
พรรคกรรมกร	4.60
พรรคกรรมกรมาเลเซีย	5.40
พรรคกรรมกรเยอรมัน	5.30
พรรคกระยาจก	4.70
พรรคกรีน	4.40
พรรคกลาง	4.40
พรรคกล้า	4.40
พรรคกล้าธรรม	4.80
พรรคกว๋อหมินตั่ง	5.20
พรรคกสิกรไทย	4.80
พรรคกองทัพเสือภูฏาน	5.50
พรรคกะตออิบ	4.70
พรรคกะตาอิบ	4.70
พรรคการเมือง	4.80
พรรคการเมืองปฏิรูป	5.40
พรรคการเมืองใหม่	5.20
พรรคกิจประชาคม	5.00
พรรคกิจประชาชน	5.00
พรรคกิจประชาธิปไตย	5.40
พรรคกิจสังคม	4.80
พรรคก้าวหน้า	4.80
พรรคก้าวหน้าใหม่	5.20
พรรคก้าวอิสระ	4.90
พรรคก้าวใหม่	4.80
พรรคก้าวไกล	4.70
พรรคก๊กมินตั๋ง	5.00
พรรคก๊กมินตั๋น	5.00
พรรคก๊กมิ่นตั๋ง	5.10
พรรคขบวนการไฮด์ปาร์ค	5.50
พรรคของภูมิภาค	5.00
พรรคของเรา	4.60
พรรคขัตติยะธรรม	5.10
พรรคคนขอปลดหนี้	5.10
พรรคคนงานมาเลเซีย	5.30
พรรคความหวังใหม่	5.20
พรรคคองเกรสอินเดีย	5.40
พรรคคอนท์วนคนตันตระ	5.50
พรรคคอนท์วนะคนตันตระ	5.50
พรรคคอมมิวนิสต์	5.10
พรรคคอมมิวนิสต์คิวบา	5.50
พรรคคอมมิวนิสต์จีน	5.40
พรรคคอมมิวนิสต์ชิลี	5.50
พรรคคอมมิวนิสต์ธงแดง	5.50
พรรคคอมมิวนิสต์พม่า	5.50
พรรคคอมมิวนิสต์มลายา	5.50
พรรคคอมมิวนิสต์ลาว	5.40
พรรคคอมมิวนิสต์สยาม	5.50
พรรคคอมมิวนิสต์เขมร	5.50
พรรคคอมมิวนิสต์เนปาล	5.50
พรรคค็อกโรชชนตา	5.10
พรรคฉันทะเขมร	4.90
พรรคชนตาแมลงสาบ	5.10
พรรคชัยเตลังคนะ	5.10
พรรคชัยเตลังคานา	5.20
พรรคชาตินิยม	4.80
พรรคชาตินิยมจีน	5.10
พรรคชาตินิยมฟาสซิสต์	5.50
พรรคชาตินิยมเวียดนาม	5.50
พรรคชาติประชาชน	5.10
พรรคชาติประชาธิปไตย	5.50
พรรคชาติปะหล่อง	5.10
พรรคชาติพัฒนา	4.90
พรรคชาติพัฒนากล้า	5.30
พรรคชาติภูฏาน	4.90
พรรคชาติรุ่งเรือง	5.30
พรรคชาติสกอต	4.80
พรรคชาติสังคม	4.90
พรรคชาติเวลส์	4.90
พรรคชาติไทย	4.70
พรรคชาติไทยพัฒนา	5.20
พรรคชาวนา	4.50
พรรคชาวนาอินโดนีเซีย	5.50
พรรคชาวนาไต้หวัน	5.20
พรรคชินก้าวหน้า	5.10
พรรคซันเซ	4.50
พรรคซันเซโต	4.70
พรรคซาบะฮ์ก้าวหน้า	5.40
พรรคซาบาห์ก้าวหน้า	5.40
พรรคดวงดาวปฏิรูป	5.20
พรรคดาวเดือนเสี้ยว	5.40
พรรคดำรงไทย	4.70
พรรคตะวันใหม่	4.90
พรรคตุรกีรุ่งเรือง	5.40
พรรคถิ่นกาขาว	4.90
พรรคถิ่นกาขาวชาววิไล	5.50
พรรคถิ่นไทย	4.70
พรรคทอรี	4.40
พรรคทางเลือกใหม่	5.20
พรรคทาโย	4.40
พรรคท้องถิ่นก้าวหน้า	5.50
พรรคท้องที่ไทย	5.00
พรรคธรรมสังคม	4.90
พรรคธรรมาธิปัตย์	5.20
พรรคธรรมาธิปไตย	5.10
พรรคนครา	4.40
พรรคนวัตกรรมญี่ปุ่น	5.50
พรรคนักนิเวศนิยม	5.20
พรรคนักนิเวศวิทยา	5.30
พรรคนักสู้	4.60
พรรคนาซิสโอนาลิสตา	5.40
พรรคนาซิโอนาลิสตา	5.30
พรรคนาซี	4.40
พรรคนาซีอเมริกัน	5.20
พรรคนาซีเยอรมัน	5.10
พรรคนาซีแคนาดา	5.00
พรรคนำไทย	4.50
พรรคนิวเดอะพาวเวอร์	5.50
พรรคนโรดมรณฤทธิ์	5.20
พรรคบอลเชวิก	4.80
พรรคบอลเชวิค	4.80
พรรคบัวขาว	4.60
พรรคบายันมูนา	4.90
พรรคบู๊ตึ้ง	4.70
พรรคปฏิรูป	4.60
พรรคปฏิรูปประชาชน	5.30
พรรคปฏิรูปเขมร	5.00
พรรคปฏิรูปเอสโตเนีย	5.50
พรรคประชากรไทย	5.00
พรรคประชาชน	4.70
พรรคประชาชนกะเหรี่ยง	5.50
พรรคประชาชนกัมตปูร์	5.50
พรรคประชาชนกัมพูชา	5.40
พรรคประชาชนกามตาปุร	5.50
พรรคประชาชนกามตาปูร	5.50
พรรคประชาชนก้าวหน้า	5.50
พรรคประชาชนคาทอลิก	5.40
พรรคประชาชนซาราวะก์	5.50
พรรคประชาชนซาราวัก	5.40
พรรคประชาชนนีวเว	5.20
พรรคประชาชนบรูไน	5.20
พรรคประชาชนปฏิรูป	5.30
พรรคประชาชนปฏิวัติ	5.40
พรรคประชาชนปาเลสไตน์	5.50
พรรคประชาชนมาเลเซีย	5.50
พรรคประชาชนยุโรป	5.20
พรรคประชาชนลาว	5.00
พรรคประชาชนสหซาบาห์	5.50
พรรคประชาชนสังคมนิยม	5.50
พรรคประชาชนสิงคโปร์	5.50
พรรคประชาชนออสเตรีย	5.50
พรรคประชาชนอาเจะห์	5.40
พรรคประชาชนอาเจะฮ์	5.40
พรรคประชาชนแห่งชาติ	5.50
พรรคประชาชนใหม่	5.10
พรรคประชาชนไทย	5.00
พรรคประชาชาติ	4.90
พรรคประชาธรรม	4.90
พรรคประชาธรรมไทย	5.20
พรรคประชาธิปัตย์	5.20
พรรคประชาธิปไตย	5.10
พรรคประชาธิปไตยยุโรป	5.50
พรรคประชาธิปไตยสหภาพ	5.50
พรรคประชาธิปไตยสังคม	5.50
พรรคประชาธิปไตยเขมร	5.50
พรรคประชาธิปไตยใหม่	5.50
พรรคประชานิยม	4.90
พรรคประชาภิวัฒน์	5.20
พรรคประชาราช	4.80
พรรคประชาราษฎร์	5.10
พรรคประชาวิวัฒน์	5.20
พรรคประชาสันติ	5.00
พรรคประชาเสรี	4.90
พรรคประชาไทย	4.80
พรรคปลุกพลังชาติ	5.20
พรรคปวงชนชาวไทย	5.10
พรรคปวงชนไทย	4.80
พรรคปาส	4.30
พรรคผสมรัฐว้า	4.90
พรรคผึ้งหลวง	4.80
พรรคผู้บุกเบิก	5.00
พรรคผู้รักปิตุภูมิ	5.40
พรรคพร้อม	4.50
พรรคพร้อมพัฒนา	5.00
พรรคพลัง	4.40
พรรคพลังคนกีฬา	5.00
พรรคพลังชล	4.60
พรรคพลังชาติไทย	5.10
พรรคพลังท้องถิ่นไท	5.40
พรรคพลังธรรม	4.80
พรรคพลังธรรมใหม่	5.20
พรรคพลังธรรรม	4.90
พรรคพลังบูรพา	4.90
พรรคพลังประชาชน	5.10
พรรคพลังประชารัฐ	5.20
พรรคพลังปวงชนไทย	5.20
พรรคพลังพลเมืองไทย	5.40
พรรคพลังสังคมใหม่	5.30
พรรคพลังสุราษฎร์	5.20
พรรคพลังเขมร	4.80
พรรคพลังเพื่อชาติ	5.30
พรรคพลังใหม่	4.80
พรรคพลังไทยรักไทย	5.30
พรรคพลังไทสร้างชาติ	5.50
พรรคพลเมือง	4.70
พรรคพลเมืองไทย	5.00
พรรคพหุชนสมาช	4.90
พรรคพัฒนาจังหวัด	5.20
พรรคพัฒนาชาติไทย	5.20
พรรคพันธมิตร	4.80
พรรคพันธมิตรสิงคโปร์	5.50
พรรคพิทักษ์ไทย	5.00
พรรคฟาตาห์	4.60
พรรคฟื้นฟูชาติไทย	5.30
พรรคฟื้นฟูญี่ปุ่น	5.30
พรรคฟุนซินเปก	4.90
พรรคภราดรภาพ	4.80
พรรคภารตียชนตา	5.00
พรรคภูมิใจไทย	4.90
พรรคมรดกภูมิบุตร	5.20
พรรคมวลชน	4.50
พรรคมหาชน	4.50
พรรคมอญใหม่	4.70
พรรคมัชฌิมาธิปไตย	5.30
พรรคมัสยูมี	4.70
พรรคมาชูมี	4.60
พรรคมาตุภูมิ	4.80
พรรคมินจุง	4.60
พรรคมินจ็อง	4.70
พรรคมูร์บา	4.60
พรรคมูลวิวัติ	4.90
พรรคยาจก	4.40
พรรคยุติธรรมประชาชน	5.50
พรรคยุติธรรมสิงคโปร์	5.50
พรรคยุติธรรมแห่งชาติ	5.50
พรรคยูเอสดีพี	4.90
พรรครวมชาติพัฒนา	5.20
พรรครวมประชาชน	5.00
พรรครวมพลัง	4.70
พรรครวมพลังใหม่	5.10
พรรครวมแผ่นดิน	5.00
พรรครวมใจไทย	4.80
พรรครวมไทย	4.60
พรรครวมไทยยูไนเต็ด	5.40
พรรครวมไทยรักชาติ	5.30
พรรครวมไทยสร้างชาติ	5.50
พรรครักประเทศไทย	5.20
พรรครักภูเก็ต	4.90
พรรครักษ์ผืนป่า	5.10
พรรครักษ์สันติ	5.00
พรรครักไทย	4.60
พรรครัฐมอญใหม่	5.00
พรรครัฐว้าเอกภาพ	5.20
พรรครัฐโรมันคาทอลิก	5.50
พรรครัสเซียแห่งอนาคต	5.50
พรรคราดีกัล	4.70
พรรคราดีแกล	4.70
พรรคราษฎร	4.50
พรรคราษฎร์วิถี	5.00
พรรคราษฏริยสวตันตระ	5.50
พรรคริพับลิกัน	5.00
พรรครีพับลิกัน	5.00
พรรคร่วมพัฒนาชาติไทย	5.50
พรรคลิคุด	4.50
พรรคลิเบอร์เทเรียน	5.40
พรรควิก	4.30
พรรควิทรรภราชยะ	5.10
พรรควิทรรภาราชยะ	5.20
พรรคศรัทธา	4.60
พรรคศิลปิน	4.60
พรรคสงเคราะห์ชาติ	5.30
พรรคสมรังสี	4.70
พรรคสมาชวาที	4.80
พรรคสยามปฎิรูป	5.00
พรรคสยามปฏิรูป	5.00
พรรคสยามประชาธิปไตย	5.50
พรรคสยามใหม่	4.80
พรรคสร้างรัฐไต้หวัน	5.50
พรรคสร้างอนาคตไทย	5.30
พรรคสหกรณ์	4.60
พรรคสหกรรมาชีพ	5.00
พรรคสหชาติ	4.60
พรรคสหชีพ	4.50
พรรคสหซาบาห์	4.80
พรรคสหประชาชน	4.90
พรรคสหประชาชนซาราวัก	5.50
พรรคสหประชาธิปไตย	5.30
พรรคสหประชารัฐ	5.00
พรรคสหประชาไทย	5.00
พรรคสหพัฒนาการ	5.00
พรรคสหภาพประชาธิปไตย	5.50
พรรคสหภูมิ	4.60
พรรคสหรัฐว้า	4.80
พรรคสหแนวร่วมมอญ	5.20
พรรคสหแรงงานโปแลนด์	5.50
พรรคสังคม	4.50
พรรคสังคมก้าวหน้า	5.30
พรรคสังคมชาตินิยม	5.30
พรรคสังคมนิยม	4.90
พรรคสังคมนิยมจีน	5.20
พรรคสังคมนิยมบาสก์	5.40
พรรคสังคมนิยมพม่า	5.30
พรรคสังคมนิยมยุโรป	5.40
พรรคสังคมนิยมรวันดา	5.50
พรรคสังคมนิยมเสรี	5.30
พรรคสังคมประชาธิปไตย	5.50
พรรคสังคมราษฎร์นิยม	5.50
พรรคสังคมสาธารณรัฐ	5.40
พรรคสังคมแห่งธรรม	5.30
พรรคสัญญาพลเมือง	5.20
พรรคสันติชน	4.70
พรรคสาธารณรัฐ	4.90
พรรคสาธารณรัฐเขมร	5.30
พรรคสามัคคีชาติเขมร	5.50
พรรคสามัคคีธรรม	5.10
พรรคสามัคคีแห่งชาติ	5.50
พรรคสามัญชน	4.70
พรรคสำนึกประชาชน	5.20
พรรคสิงคโปร์ก้าวหน้า	5.50
พรรคสิทธิมนุษยชน	5.20
พรรคสุจริตชน	4.80
พรรคอธิปัตย์	4.80
พรรคอธิปไตยอาเจะห์	5.40
พรรคอธิปไตยอาเจะฮ์	5.40
พรรคอนาคตใหม่	4.90
พรรคอนาคตไทย	4.80
พรรคอนุรักษนิยม	5.10
พรรคอนุรักษ์นิยม	5.20
พรรคอัมโน	4.50
พรรคอาณัติแห่งชาติ	5.40
พรรคอาปริสตาเปรู	5.20
พรรคอามอาทมี	4.80
พรรคอาเจะห์	4.70
พรรคอาเจะฮ์	4.70
พรรคอาโจมา	4.60
พรรคอำนาจเขมร	4.90
พรรคอำนาจใหม่	4.90
พรรคอิสระ	4.50
พรรคอเมริกา	4.70
พรรคฮากกา	4.50
พรรคเกษตรกร	4.70
พรรคเกษตรมหาชน	5.00
พรรคเกษตรสังคม	5.00
พรรคเกิ่นลาว	4.80
พรรคเขมรกลาง	4.80
พรรคเขมรวิล	4.70
พรรคเขมรสาธารณรัฐ	5.30
พรรคเขมรเป็นกลาง	5.20
พรรคเขมรใหม่	4.80
พรรคเขียว	4.50
พรรคเคียววะ	4.70
พรรคเงินเดือนประชาชน	5.50
พรรคเดโมเครติก	5.00
พรรคเดโมแครต	4.80
พรรคเดโมแครติก	5.00
พรรคเตลังคนะราษฏระ	5.40
พรรคเตลังคานาราษฎระ	5.50
พรรคเทพพรรคมาร	5.00
พรรคเทิดไท	4.60
พรรคเนอการา	4.70
พรรคเบอร์จายา	4.90
พรรคเปลี่ยน	4.70
พรรคเป็นธรรม	4.80
พรรคเพลิงเทียน	5.00
พรรคเพื่อชาติ	4.90
พรรคเพื่อชาติไทย	5.20
พรรคเพื่อธรรม	4.90
พรรคเพื่อฟ้าดิน	5.10
พรรคเพื่อราษฎร	5.00
พรรคเพื่อสัตว์	5.00
พรรคเพื่อเสรีภาพ	5.20
พรรคเพื่อแผ่นดิน	5.20
พรรคเพื่อไทย	4.80
พรรคเพื่อไทยพัฒนา	5.30
พรรคเพื่อไทรวมพลัง	5.40
พรรคเยาวชนกัมพูชา	5.30
พรรคเรด	4.30
พรรคเราทำได้	4.80
พรรคเวนสเตร	4.70
พรรคเศรษฐกร	4.70
พรรคเศรษฐกิจ	4.80
พรรคเศรษฐกิจใหม่	5.20
พรรคเศรษฐกิจไทย	5.10
พรรคเสรีกัมพูชา	5.10
พรรคเสรีชน	4.60
พรรคเสรีธรรม	4.80
พรรคเสรีนิยม	4.80
พรรคเสรีนิยมแห่งชาติ	5.50
พรรคเสรีประชาธิปไตย	5.50
พรรคเสรีภาพ	4.70
พรรคเสรีภาพกัมพูชา	5.40
พรรคเสรีภาพนิยม	5.10
พรรคเสรีภาพออสเตรีย	5.50
พรรคเสรีมนังคศิลา	5.30
พรรคเสรีรวมไทย	5.00
พรรคเสรีและปฎิรูป	5.30
พรรคเส้นด้าย	4.80
พรรคเส้นทางใหม่	5.10
พรรคเอกภาพ	4.60
พรรคเอกภาพดยัก	5.00
พรรคเอกภาพท้องถิ่น	5.40
พรรคเอกภาพอาหรับ	5.20
พรรคเอกภาพอาเจะห์	5.30
พรรคเอกภาพอาเจะฮ์	5.30
พรรคเอกภาพเขมร	5.00
พรรคเอกภาพแห่งชาติ	5.40
พรรคเอกราชมลายา	5.10
พรรคเอเอ็นซี	4.80
พรรคเอ็นดีเอฟ	4.90
พรรคเอ็นแอลดี	4.90
พรรคแดง	4.30
พรรคแทนคุณแผ่นดิน	5.30
พรรคแนวประชาธิปไตย	5.40
พรรคแนวรัฐธรรมนูญ	5.30
พรรคแนวร่วมสังคมนิยม	5.50
พรรคแนวหน้า	4.70
พรรคแผ่นดินใหม่กะยัน	5.50
พรรคแผ่นดินไทย	5.00
พรรคแรงงาน	4.60
พรรคแรงงานคูร์ดิสถาน	5.50
พรรคแรงงานดอมินีกา	5.40
พรรคแรงงานพม่า	5.00
พรรคแรงงานมลายา	5.10
พรรคแรงงานมาลายา	5.20
พรรคแรงงานสลังงอร์	5.40
พรรคแรงงานสิงคโปร์	5.40
พรรคแรงงานสเปน	5.00
พรรคแรงงานออสเตรเลีย	5.50
พรรคแรงงานเกาหลี	5.20
พรรคแรงงานเกาหลีใต้	5.50
พรรคแรงงานเซอลาโงร์	5.50
พรรคแรงงานและสหกรณ์	5.50
พรรคแรงงานแห่งเกาหลี	5.50
พรรคแรงงานแอลเบเนีย	5.50
พรรคแรสทอฆีซ	4.80
พรรคแสงตุรกี	4.80
พรรคแห่งชาติ	4.80
พรรคแห่งชาติกะยัน	5.30
พรรคแห่งชาติฉิ่น	5.20
พรรคแห่งชาติชีน	5.10
พรรคแห่งชาติซาราวะก์	5.50
พรรคแห่งชาติซาราวัก	5.50
พรรคแห่งชาติยะไข่	5.30
พรรคแอร์โรวครอส	5.10
พรรคแอร์โรว์ครอสส์	5.40
พรรคโกโลราโด	4.80
พรรคโคณฑวานาคณตันตระ	5.50
พรรคโคเม	4.40
พรรคโคเมโตะใหม่	5.10
พรรคโคโลราโด	4.80
พรรคโอกาสใหม่	4.90
พรรคโอกาสไทย	4.80
พรรคใหม่	4.40
พรรคไซปรัสใหม่	5.00
พรรคไดเวียด	4.70
พรรคไท	4.20
พรรคไทยก้าวหน้า	5.10
พรรคไทยก้าวใหม่	5.10
พรรคไทยชนะ	4.60
พรรคไทยพร้อม	4.80
พรรคไทยภักดี	4.80
พรรคไทยรักษาชาติ	5.20
พรรคไทยรักไทย	4.90
พรรคไทยศรีวิไลย์	5.20
พรรคไทยสร้างสรรค์	5.30
พรรคไทยสร้างไทย	5.10
พรรคไทยเป็นหนึ่ง	5.20
พรรคไทยเป็นไท	4.90
พรรคไทรวมพลัง	4.90
พรรคไทรักธรรม	4.90
พรรคไทสังคม	4.70
พรรคไทเป็นไท	4.80
พรรคไพรด์คัมรี่	5.10
พรรคไลเบอร์เทเรียน	5.40
พรรณานิคม	6.50
พรรณิการ์ วานิช	6.10
พรหมคีรี	6.40
พรหมบุรี	6.40
พรหมพิราม	6.50
พระกรณียกิจ	4.70
พระขุนแผน	3.50
พระจอมเกล้าธนบุรี	6.30
พระจอมเกล้าพระนครเหนือ	6.50
พระจอมเกล้าลาดกระบัง	6.50
พระซุ้มกอ	3.50
พระตรีมูรติ	3.70
พระทองคำ	6.40
พระที่นั่ง	4.60
พระธรรมนูญศาลยุติธรรม	5.00
พระนคร	6.20
พระนครศรีอยุธยา	9.10
พระนางพญา	3.50
พระบรมฉายาลักษณ์	5.20
พระบรมมหาราชวัง	6.10
พระบรมราชชนนีพันปีหลวง	5.50
พระบรมราชโองการ	5.10
พระบรมราโชวาท	4.90
พระบาทสมเด็จพระเจ้าอยู่หัว	5.50
พระประแดง	6.50
พระผงสุพรรณ	3.70
พระพรหม	6.30
พระพิฆเนศ	3.50
พระพุทธบาท	6.60
พระมหากษัตริย์	5.00
พระยอดขุนพล	3.70
พระยืน	6.20
พระรอด	3.20
พระราชกรณียกิจ	5.00
พระราชกระแส	4.70
พระราชกฤษฎีกา	4.40
พระราชกำหนด	4.20
พระราชดำรัส	4.70
พระราชดำริ	4.60
พระราชทาน	4.50
พระราชทานสัมภาษณ์	5.30
พระราชทานอภัยโทษ	5.20
พระราชทานเพลิงศพ	4.20
พระราชบัญญัติ	4.90
พระราชพิธี	4.60
พระราชสาส์น	4.70
พระราชเสาวนีย์	5.00
พระราม9	6.30
พระรามสอง	5.00
พระรามสาม	5.00
พระรามสี่	5.00
พระรามหนึ่ง	5.20
พระรามหา	4.90
พระรามเก้า	5.10
พระรามเจ็ด	5.10
พระราหู	3.30
พระสมุทรเจดีย์	7.00
พระสมเด็จ	3.50
พระองค์เจ้า	5.70
พระเครื่อง	3.60
พระเจ้าวรวงศ์เธอ	6.20
พระแม่ลักษมี	3.80
พระแสง	6.20
พระโขนง	6.30
พรานกระต่าย	6.70
พริตตี	2.70
พรินต์	2.70
พริเซนต์	2.90
พริเซนเตอร์	3.20
พรีวิว	2.70
พรีห์ไนต์	3.00
พรีออเดอร์	3.10
พรีเซนต์	2.90
พรีเซนท์	2.90
พรีเซนเตชัน	3.20
พรีเซนเตอร์	3.20
พรีเซนเทชัน	3.20
พรีเซ้นท์	3.00
พรีเมียม	2.90
พรีเมียร์	3.00
พรีเวดดิ้ง	3.10
พรูน	2.50
พรูสไทต์	2.90
พรเจริญ	6.30
พร็อป	2.60
พร้อมพงษ์	6.50
พร้อมเพย์	4.00
พร้าว	6.10
พล	6.00
พล.ต.	5.10
พล.ต.ต	5.20
พล.ต.ต.	5.30
พล.ต.ท	5.20
พล.ต.ท.	5.30
พล.ต.อ	5.20
พล.ต.อ.	5.30
พล.ท.	5.10
พล.อ.	5.10
พลการ	0.50
พลวง	2.50
พละการ	0.50
พลังงานชีวมวล	3.90
พลังงานทดแทน	3.80
พลังงานน้ำ	3.60
พลังงานลม	3.50
พลังงานสะอาด	3.80
พลังงานหมุนเวียน	4.20
พลังงานแสงอาทิตย์	4.30
พลับพลาชัย	6.60
พลัม	2.50
พลัมบาโก	2.90
พลาสติก	2.80
พลาสติกชีวภาพ	3.90
พลาสมา	2.70
พลิกศพ	4.70
พลีโอนาสต์	3.10
พลูออต	2.70
พลูโต	2.60
พลูโตเนียม	3.10
พลูโทเนียม	3.10
พลเอกประยุทธ์ จันทร์โอชา	6.50
พลเอกประวิตร วงษ์สุวรรณ	6.50
พลเอกสุรยุทธ์ จุลานนท์	6.50
พลเอกเปรม ติณสูลานนท์	6.50
พวงมาลัย	3.40
พส	1.50
พหลโยธิน	6.40
พหลโยธิน24	6.60
พหลโยธิน59	6.60
พอดคาสต์	2.90
พอดแคสต์	2.90
พอร์ต	3.10
พอร์ตการลงทุน	4.40
พอร์ตแลนไดต์	3.30
พอร์ตโฟลิโอ	3.20
พอลลูไซต์	3.00
พอลล่า	2.70
พอลิลิทิโอไนต์	3.50
พอลิเบไซต์	3.10
พอลิเมอร์	3.00
พอลิเฮไลต์	3.10
พอเลียไนต์	3.10
พอโลเนียม	3.00
พะตง	6.00
พะเยา	8.10
พะแนง	0.50
พะโต๊ะ	6.20
พักก่อน	1.50
พังงา	8.10
พังโคน	6.20
พัฒนาการ	6.40
พัฒนานิคม	6.50
พัทยา	6.10
พัทลุง	8.20
พัฟ	2.50
พัมเพลล์ไยต์	3.30
พากย์ไทย	2.90
พาน	6.00
พานทอง	6.20
พานาโซนิค	3.00
พาพรีกา	2.80
พาพาโกไอต์	3.10
พาย	3.00
พาราซิมพลิไซต์	3.50
พาราดาไมต์	3.10
พาราฟิน	2.80
พาราว็อกไซต์	3.30
พาราเซตามอล	4.20
พาราโกไนต์	3.10
พาราโบลา	2.90
พาร์กาไซต์	3.10
พาร์ตเนอร์	3.10
พาร์ตไทม์	3.00
พาร์ทไทม์	3.00
พาร์เซก	2.80
พาร์เมซาน	3.50
พาวเวอร์	2.90
พาสตา	3.10
พาสต้า	3.20
พาสปอร์ต	2.90
พาสเวิร์ด	3.00
พาเมล่า	2.80
พาโกไดต์	2.90
พิก	2.50
พิกซาร์	2.80
พิกอัป	2.70
พิกเชอร์	2.90
พิกเซล	3.20
พิกโนมิเตอร์	3.30
พิจารณาคดี	5.10
พิจิตร	8.20
พิจิโอไนต์	3.10
พิชัย	6.10
พิซซา	3.10
พิซซ่า	3.20
พิดมอนไทต์	3.10
พิตชิงเวดจ์	3.20
พิตช์เบลนด์	3.20
พิตบุล	2.70
พิตบูล	2.70
พิตบูลล์	2.90
พิตบูลเทอร์เรีย	3.60
พิทบูล	2.70
พิทักษ์ทรัพย์	4.40
พิทักษ์ทรัพย์เด็ดขาด	5.00
พิธา ลิ้มเจริญรัตน์	6.50
พิธีฌาปนกิจ	3.70
พิธีผูกข้อมือ	3.90
พิธีหมั้น	3.50
พิธีแต่งงาน	3.70
พินัยกรรม	4.00
พินโนไอต์	3.00
พิบูลมังสาหาร	6.90
พิบูลย์รักษ์	6.80
พิปูน	6.10
พิพิธภัณฑ์กองทัพอากาศ	7.50
พิมาย	6.10
พิร์โรไทต์	3.10
พิษณุโลก	8.40
พิษสุนัขบ้า	4.20
พิโครเมอไรต์	3.30
พิโคไทต์	2.90
พีก	2.50
พีช	2.50
พีระมิด	2.80
พุดดิ้ง	3.30
พุทธมณฑล	6.40
พุทธมณฑลสายสอง	5.50
พุทธมณฑลสายสาม	5.50
พุทธมณฑลสายสี่	5.50
พุทธมณฑลสายหนึ่ง	5.70
พุทธมณฑลสายห้า	5.50
พุทไธสง	6.30
พุนพิน	6.20
พูดคุย	4.70
พูเซอไรต์	3.00
พ็อกเกตบุ๊ก	3.20
พ็อดคาสต์	3.00
พ็อดคาสท์	3.00
พ็อดแคสต์	3.00
พ็อป	2.50
พ็อปคอร์น	3.00
พ็อปพิวลาร์	3.20
พ็อปอัป	2.80
ฟรอนต์เอนด์	3.70
ฟรักโทส	2.80
ฟรี	2.50
ฟรีเดไลต์	3.00
ฟรุตสลัด	3.40
ฟรุตเค้ก	3.40
ฟลอปปีดิสก์	3.70
ฟลอร์	2.60
ฟลอร์เอ็กเซอร์ไซส์	3.90
ฟลัตเตอร์	3.50
ฟลามิงโก	2.90
ฟลินต์	2.70
ฟลุ๊ก	3.60
ฟลูก	2.50
ฟลูต	2.50
ฟลูออรีน	2.90
ฟลูออร์สปาร์	3.30
ฟลูออร์อะพาไทต์	3.60
ฟลูออโรริชเทอไรต์	3.80
ฟลูออไรต์	3.00
ฟลูโอซีไรต์	3.20
ฟลูโอบอไรต์	3.20
ฟอกไต	3.60
ฟองดู	3.10
ฟองดูว์	3.30
ฟองน้ำ	1.50
ฟองสบู่	1.50
ฟอนต์	2.60
ฟอร์กลิฟต์	3.10
ฟอร์จูนเนอร์	3.80
ฟอร์ด	3.60
ฟอร์มาลดีไฮด์	3.40
ฟอร์มาลิน	3.00
ฟอร์สเตอไรต์	3.30
ฟอลคอน	2.70
ฟอลโลว์	2.80
ฟอสจีไนต์	3.00
ฟอสฟอรัส	2.90
ฟอสฟอไรต์	3.00
ฟอสฟูฟิลไลต์	3.30
ฟอสฟูแรนิไลต์	3.40
ฟอสเฟต	2.70
ฟังก์ชัน	3.40
ฟังก์ชั่น	3.00
ฟังเทศน์	3.40
ฟากท่า	6.20
ฟาด	1.50
ฟาดมาก	1.50
ฟาดเคราะห์	1.50
ฟาทอม	2.60
ฟายาไลต์	2.90
ฟาร์ม	2.60
ฟาร์มกังหันลม	3.90
ฟาร์มของ	2.90
ฟาร์มาซูทิคัล	3.40
ฟาร์มาโคซิเดอไรต์	3.80
ฟาร์มาโคไลต์	3.30
ฟาลคอน	2.70
ฟาวล์	2.60
ฟาสซิสต์	2.90
ฟาสต์ฟูด	2.90
ฟาสต์เลน	2.90
ฟิกซ์	2.60
ฟิกเกอร์	2.90
ฟิค	2.50
ฟิจิ	6.00
ฟิชชิ่ง	3.30
ฟิตติง	2.70
ฟิตเนส	2.70
ฟิน	1.50
ฟินเวอร์	1.50
ฟินเว่อร์	1.50
ฟินแลนด์	6.40
ฟิลลิปไซต์	3.10
ฟิลิปปินส์	6.60
ฟิลเตอร์	2.90
ฟิล์ม	2.60
ฟิวส์	2.60
ฟิวเจอร์ส	4.00
ฟิสิกส์	2.80
ฟีดแบ็ก	2.80
ฟีลด์	2.60
ฟีเชอร์	2.80
ฟีเดลอไรต์	3.10
ฟื้นฟูกิจการ	4.30
ฟุกไซต์	2.80
ฟุต	2.50
ฟุตบอล	2.70
ฟุตพาท	2.70
ฟุลกาไรต์	3.00
ฟุลสแก๊ป	2.90
ฟูด	2.50
ฟูลสแต็ก	3.40
ฟู้ดแพนด้า	4.10
ฟ้องร้อง	4.90
ฟ้องแม่แน่	1.50
ภก.	5.00
ภงด90	3.60
ภงด91	3.60
ภญ.	5.00
ภพ20	3.50
ภักดีชุมพล	6.60
ภาชี	6.00
ภาวะโลกร้อน	3.70
ภาษีที่ดิน	4.10
ภาษีมูลค่าเพิ่ม	4.60
ภาษีหัก ณ ที่จ่าย	4.80
ภาษีเงินได้	4.20
ภาษีเจริญ	6.50
ภูกระดึง	6.40
ภูกามยาว	6.40
ภูชี้ฟ้า	5.40
ภูซาง	6.10
ภูฏาน	6.10
ภูทับเบิก	5.50
ภูผาม่าน	6.40
ภูพาน	6.10
ภูสิงห์	6.30
ภูหลวง	6.20
ภูเก็ต	8.20
ภูเขียว	6.30
ภูเพียง	6.30
ภูเรือ	6.20
ภูเวียง	6.30
ม.	5.00
ม.ค.	7.00
ม.จ.	5.00
ม.ร.ว	5.10
ม.ร.ว.	5.20
ม.ล.	5.00
มก.	4.00
มงกุฎ	0.50
มงกุฏ	0.50
มงลง	1.50
มติคณะรัฐมนตรี	4.50
มทร.	4.00
มม.	4.00
มรกต	2.50
มรดก	3.50
มรภ.	4.00
มล.	4.00
มลพิษทางน้ำ	3.70
มลพิษทางอากาศ	3.90
มวกเหล็ก	6.40
มหาชนะชัย	6.50
มหาชัย	6.20
มหาราช	6.20
มหาวิทยาลัยกรุงเทพ	6.40
มหาวิทยาลัยกรุงเทพธนบุรี	6.50
มหาวิทยาลัยกรุงเทพมหานคร	6.50
มหาวิทยาลัยกรุงเทพสุวรรณภูมิ	6.50
มหาวิทยาลัยกลาสโกว์	6.50
มหาวิทยาลัยกอลเวย์	6.40
มหาวิทยาลัยกัมพูชา	6.40
มหาวิทยาลัยกัลเวย์	6.40
มหาวิทยาลัยการกีฬาแห่งชาติ	6.50
มหาวิทยาลัยกาฬสินธุ์	6.50
มหาวิทยาลัยของรัฐ	6.30
มหาวิทยาลัยขอนแก่น	6.40
มหาวิทยาลัยคนเพี้ยน	6.50
มหาวิทยาลัยคยองอุน	6.40
มหาวิทยาลัยคย็องอุน	6.50
มหาวิทยาลัยคริสเตียน	6.50
มหาวิทยาลัยคลีฟแลนด์สเตต	6.50
มหาวิทยาลัยคลีฟแลนด์สเตท	6.50
มหาวิทยาลัยควีนส์	6.30
มหาวิทยาลัยคอร์เนล	6.40
มหาวิทยาลัยคอร์เนลล์	6.50
มหาวิทยาลัยคอร์แนล	6.40
มหาวิทยาลัยคอร์แนลล์	6.50
มหาวิทยาลัยคอลเลจคอร์ก	6.50
มหาวิทยาลัยคอลเลจดับลิน	6.50
มหาวิทยาลัยคอลเลจลอนดอน	6.50
มหาวิทยาลัยคาทอลิกเลอเฟิน	6.50
มหาวิทยาลัยคาทอลิกแห่งมิลาน	6.50
มหาวิทยาลัยคาร์ลสตาด	6.50
มหาวิทยาลัยคาร์เนกีเมลลอน	6.50
มหาวิทยาลัยคาร์เนกี้เมลอน	6.50
มหาวิทยาลัยคาเปลลา	6.40
มหาวิทยาลัยคิมอิลซอง	6.50
มหาวิทยาลัยคิมอิลซ็อง	6.50
มหาวิทยาลัยคิวชู	6.20
มหาวิทยาลัยคีวชู	6.20
มหาวิทยาลัยจอนส์ฮอปกินส์	6.50
มหาวิทยาลัยจอนส์ฮอปคินส์	6.50
มหาวิทยาลัยจอหนส์ฮอปกินส์	6.50
มหาวิทยาลัยจอห์นส์ฮอปกินส์	6.50
มหาวิทยาลัยจอห์นฮอปกินส์	6.50
มหาวิทยาลัยจอห์นฮอปคินส์	6.50
มหาวิทยาลัยจอห์นฮอพกินส์	6.50
มหาวิทยาลัยจักรวรรดิ	6.50
มหาวิทยาลัยจุงอัง	6.30
มหาวิทยาลัยจุนเท็นโด	6.50
มหาวิทยาลัยจุฬาลงกรณ์	6.50
มหาวิทยาลัยชาลส์	6.20
มหาวิทยาลัยชิคาโก	6.30
มหาวิทยาลัยชิงหวา	6.30
มหาวิทยาลัยชิงหัว	6.30
มหาวิทยาลัยชิงหฺวา	6.40
มหาวิทยาลัยชินวัตร	6.40
มหาวิทยาลัยชุงอัง	6.30
มหาวิทยาลัยซันเดอร์แลนด์	6.50
มหาวิทยาลัยซัสเซกซ์	6.50
มหาวิทยาลัยซัสเซ็กส์	6.50
มหาวิทยาลัยซานดิเอโก	6.50
มหาวิทยาลัยซานดีเอโก	6.50
มหาวิทยาลัยซาราโกซา	6.50
มหาวิทยาลัยซินซินแนติ	6.50
มหาวิทยาลัยซีราคิวส์	6.50
มหาวิทยาลัยซีหนาน	6.30
มหาวิทยาลัยซีเอ็มเคแอล	6.50
มหาวิทยาลัยซุงคยุนกวาน	6.50
มหาวิทยาลัยซ็องกยุงกวัน	6.50
มหาวิทยาลัยณิวัฒนา	6.40
มหาวิทยาลัยดงกุก	6.20
มหาวิทยาลัยดับลิน	6.30
มหาวิทยาลัยดับลินซิตี	6.50
มหาวิทยาลัยดานัง	6.20
มหาวิทยาลัยดาร์ตมัธ	6.50
มหาวิทยาลัยดาร์ทมัธ	6.50
มหาวิทยาลัยดุค	6.00
มหาวิทยาลัยดุ๊ก	6.10
มหาวิทยาลัยตลาดวิชา	6.50
มหาวิทยาลัยตาปี	6.10
มหาวิทยาลัยตาร์ตู	6.30
มหาวิทยาลัยติรานา	6.30
มหาวิทยาลัยติลบืร์ค	6.50
มหาวิทยาลัยติลบูร์ค	6.50
มหาวิทยาลัยตูรีบา	6.30
มหาวิทยาลัยตเว็นเตอ	6.50
มหาวิทยาลัยทงกุก	6.20
มหาวิทยาลัยทักษิณ	6.30
มหาวิทยาลัยทัฟตส์	6.30
มหาวิทยาลัยทัฟทส์	6.30
มหาวิทยาลัยทัฟส์	6.20
มหาวิทยาลัยทั้งเจ็ดของชาติ	6.50
มหาวิทยาลัยทางไกลแห่งฮาเกิน	6.50
มหาวิทยาลัยทางไกลแห่งฮาเกิ้น	6.50
มหาวิทยาลัยทือบิงเงิน	6.50
มหาวิทยาลัยทูรีบ้า	6.40
มหาวิทยาลัยทเว็นเตอ	6.50
มหาวิทยาลัยธนบุรี	6.30
มหาวิทยาลัยธรรมศาสตร์	6.50
มหาวิทยาลัยธุรกิจบัณฑิต	6.50
มหาวิทยาลัยธุรกิจบัณฑิตย์	6.50
มหาวิทยาลัยนครดับลิน	6.50
มหาวิทยาลัยนครพนม	6.30
มหาวิทยาลัยนครแมนเชสเตอร์	6.50
มหาวิทยาลัยนครโตเกียว	6.50
มหาวิทยาลัยนวมินทราธิราช	6.50
มหาวิทยาลัยนอกระบบ	6.40
มหาวิทยาลัยนอตติงแฮม	6.50
มหาวิทยาลัยนอตติ้งแฮม	6.50
มหาวิทยาลัยนอตทิงแฮม	6.50
มหาวิทยาลัยนอตทิงแฮมเทรนต์	6.50
มหาวิทยาลัยนอร์ท	6.20
มหาวิทยาลัยนอร์ทกรุงเทพ	6.50
มหาวิทยาลัยนอร์ททัมเบรีย	6.50
มหาวิทยาลัยนอร์ทรอป	6.50
มหาวิทยาลัยนอร์ทัมเบรีย	6.50
มหาวิทยาลัยนอร์ทเชียงใหม่	6.50
มหาวิทยาลัยนอร์ทเวสเทิร์น	6.50
มหาวิทยาลัยนอร์ทแคโรไลนา	6.50
มหาวิทยาลัยนอร์ทแคโรไลนาสเตต	6.50
มหาวิทยาลัยนอร์วิช	6.40
มหาวิทยาลัยนอเตอร์เดม	6.50
มหาวิทยาลัยนะโงะยะ	6.40
มหาวิทยาลัยนานาชาติ	6.50
มหาวิทยาลัยนานาชาติศิรินสยาม	6.50
มหาวิทยาลัยนานาชาติสแตมฟอร์ด	6.50
มหาวิทยาลัยนานาชาติแสตมฟอร์ด	6.50
มหาวิทยาลัยนาบาร์รา	6.50
มหาวิทยาลัยนาลันทา	6.40
มหาวิทยาลัยนาโงยะ	6.30
มหาวิทยาลัยนิวคาสเซิล	6.50
มหาวิทยาลัยนิวยอร์ก	6.50
มหาวิทยาลัยนิวอิงแลนด์	6.50
มหาวิทยาลัยนิวเซาท์เวลส์	6.50
มหาวิทยาลัยนเรศวร	6.30
มหาวิทยาลัยนเรศวรพะเยา	6.50
มหาวิทยาลัยบราซีเลีย	6.50
มหาวิทยาลัยบราวน์	6.30
มหาวิทยาลัยบริติช	6.30
มหาวิทยาลัยบริสตอล	6.40
มหาวิทยาลัยบรูเนล	6.30
มหาวิทยาลัยบอมเบย์	6.40
มหาวิทยาลัยบอร์นมัท	6.50
มหาวิทยาลัยบอลล์สเตต	6.50
มหาวิทยาลัยบาร์เซโลนา	6.50
มหาวิทยาลัยบาเซิล	6.30
มหาวิทยาลัยบูรพา	6.20
มหาวิทยาลัยปทุมธานี	6.50
มหาวิทยาลัยปรินซ์ตัน	6.50
มหาวิทยาลัยปอมเปวฟาบรา	6.50
มหาวิทยาลัยปักกิ่ง	6.40
มหาวิทยาลัยปารีส	6.20
มหาวิทยาลัยปาร์มา	6.30
มหาวิทยาลัยปิด	6.00
มหาวิทยาลัยปุมเปวฟาบรา	6.50
มหาวิทยาลัยปูลา	6.10
มหาวิทยาลัยพระหฤทัยคาทอลิก	6.50
มหาวิทยาลัยพรินซ์ตัน	6.50
มหาวิทยาลัยพรินสตั้น	6.50
มหาวิทยาลัยพอทสดัม	6.40
มหาวิทยาลัยพะเยา	6.20
มหาวิทยาลัยพายัพ	6.20
มหาวิทยาลัยพิตต์สเบิร์ก	6.50
มหาวิทยาลัยพิตส์เบิร์ก	6.50
มหาวิทยาลัยพิษณุโลก	6.50
มหาวิทยาลัยพูล่า	6.20
มหาวิทยาลัยพ็อทซ์ดัม	6.50
มหาวิทยาลัยฟรีดริชวิลเฮ็ล์ม	6.50
มหาวิทยาลัยฟลอริดา	6.40
มหาวิทยาลัยฟลอริดาสเตต	6.50
มหาวิทยาลัยฟลอริด้า	6.50
มหาวิทยาลัยฟาฏอนี	6.30
มหาวิทยาลัยฟาร์อีสเทอร์น	6.50
มหาวิทยาลัยภาคกลาง	6.40
มหาวิทยาลัยภาคใต้	6.30
มหาวิทยาลัยภูมินทร์พนมเปญ	6.50
มหาวิทยาลัยภูมิพล	6.30
มหาวิทยาลัยมคธ	6.00
มหาวิทยาลัยมหานคร	6.30
มหาวิทยาลัยมหาสารคาม	6.50
มหาวิทยาลัยมหิดล	6.20
มหาวิทยาลัยมอสโก	6.20
มหาวิทยาลัยมอสโกสเตต	6.50
มหาวิทยาลัยมอสโกสเตท	6.50
มหาวิทยาลัยมอสโค	6.20
มหาวิทยาลัยมัทราส	6.30
มหาวิทยาลัยมัลติมีเดีย	6.50
มหาวิทยาลัยมาลายา	6.30
มหาวิทยาลัยมาสทริชท์	6.50
มหาวิทยาลัยมาเก๊า	6.30
มหาวิทยาลัยมิชิแกน	6.40
มหาวิทยาลัยมิชิแกนสเตต	6.50
มหาวิทยาลัยมิชิแกนสเตท	6.50
มหาวิทยาลัยมินนิโซตา	6.50
มหาวิทยาลัยมิวนิก	6.30
มหาวิทยาลัยมุมไบ	6.20
มหาวิทยาลัยยอนเซ	6.20
มหาวิทยาลัยยาทวปุระ	6.50
มหาวิทยาลัยยูทาห์สเตต	6.50
มหาวิทยาลัยยูทาห์แวลลีย์	6.50
มหาวิทยาลัยยูนนาน	6.30
มหาวิทยาลัยยูเทรกต์	6.50
มหาวิทยาลัยย็อนเซ	6.30
มหาวิทยาลัยย่างกุ้ง	6.50
มหาวิทยาลัยระบบปิด	6.40
มหาวิทยาลัยรังสิต	6.30
มหาวิทยาลัยรัฐ	6.00
มหาวิทยาลัยรัฐจอร์เจียสเตต	6.50
มหาวิทยาลัยรัฐบาล	6.30
มหาวิทยาลัยรัฐยูทาห์	6.50
มหาวิทยาลัยรัฐโอเรกอน	6.50
มหาวิทยาลัยรัดเบาด์ไนเมเคิน	6.50
มหาวิทยาลัยรัตนบัณฑิต	6.50
มหาวิทยาลัยราชดำเนิน	6.50
มหาวิทยาลัยราชธานี	6.40
มหาวิทยาลัยราชพฤกษ์	6.50
มหาวิทยาลัยราชภัฎ	6.30
มหาวิทยาลัยราชภัฎธนบุรี	6.50
มหาวิทยาลัยราชภัฎยะลา	6.50
มหาวิทยาลัยราชภัฎสกลนคร	6.50
มหาวิทยาลัยราชภัฎสวนสุนันทา	6.50
มหาวิทยาลัยราชภัฎสุรินทร์	6.50
มหาวิทยาลัยราชภัฎอุตรดิตถ์	6.50
มหาวิทยาลัยราชภัฎเพชรบูรณ์	6.50
มหาวิทยาลัยราชภัฏ	6.30
มหาวิทยาลัยราชภัฏกาญจนบุรี	6.50
มหาวิทยาลัยราชภัฏกาฬสินธุ์	6.50
มหาวิทยาลัยราชภัฏกำแพงเพชร	6.50
มหาวิทยาลัยราชภัฏจันทรเกษม	6.50
มหาวิทยาลัยราชภัฏชัยภูมิ	6.50
มหาวิทยาลัยราชภัฏธนบุรี	6.50
มหาวิทยาลัยราชภัฏนครปฐม	6.50
มหาวิทยาลัยราชภัฏนครพนม	6.50
มหาวิทยาลัยราชภัฏนครราชสีมา	6.50
มหาวิทยาลัยราชภัฏนครสวรรค์	6.50
มหาวิทยาลัยราชภัฏบุรีรัมย์	6.50
มหาวิทยาลัยราชภัฏพระนคร	6.50
มหาวิทยาลัยราชภัฏพิบูลสงคราม	6.50
มหาวิทยาลัยราชภัฏภูเก็ต	6.50
มหาวิทยาลัยราชภัฏมหาสารคาม	6.50
มหาวิทยาลัยราชภัฏยะลา	6.50
มหาวิทยาลัยราชภัฏราชนครินทร์	6.50
มหาวิทยาลัยราชภัฏรำไพพรรณี	6.50
มหาวิทยาลัยราชภัฏร้อยเอ็ด	6.50
มหาวิทยาลัยราชภัฏลำปาง	6.50
มหาวิทยาลัยราชภัฏวไลยอลงกรณ์	6.50
มหาวิทยาลัยราชภัฏศรีสะเกษ	6.50
มหาวิทยาลัยราชภัฏสกลนคร	6.50
มหาวิทยาลัยราชภัฏสงขลา	6.50
มหาวิทยาลัยราชภัฏสวนดุสิต	6.50
มหาวิทยาลัยราชภัฏสวนสุนันทา	6.50
มหาวิทยาลัยราชภัฏสุรินทร์	6.50
มหาวิทยาลัยราชภัฏอุดรธานี	6.50
มหาวิทยาลัยราชภัฏอุตรดิตถ์	6.50
มหาวิทยาลัยราชภัฏอุบลราชธานี	6.50
มหาวิทยาลัยราชภัฏเชียงราย	6.50
มหาวิทยาลัยราชภัฏเชียงใหม่	6.50
มหาวิทยาลัยราชภัฏเทพสตรี	6.50
มหาวิทยาลัยราชภัฏเพชรบุรี	6.50
มหาวิทยาลัยราชภัฏเพชรบูรณ์	6.50
มหาวิทยาลัยราชภัฏเลย	6.50
มหาวิทยาลัยรามคำแหง	6.50
มหาวิทยาลัยริไจนา	6.30
มหาวิทยาลัยรีไจนา	6.30
มหาวิทยาลัยรีไจน่า	6.40
มหาวิทยาลัยร็อกเกอะเฟลเลอร์	6.50
มหาวิทยาลัยลวิว	6.10
มหาวิทยาลัยลอนดอน	6.30
มหาวิทยาลัยลัตเวีย	6.40
มหาวิทยาลัยลัฟบร้า	6.40
มหาวิทยาลัยลัฟบะระ	6.40
มหาวิทยาลัยลาวาล	6.20
มหาวิทยาลัยลาโทรบ	6.30
มหาวิทยาลัยลินเชอปิง	6.50
มหาวิทยาลัยลินเดนวูด	6.50
มหาวิทยาลัยลินเนียส	6.50
มหาวิทยาลัยลิเมอริก	6.50
มหาวิทยาลัยลิเวอร์พูล	6.50
มหาวิทยาลัยลีดส์	6.20
มหาวิทยาลัยลีไฮ	6.10
มหาวิทยาลัยลีไฮฮ์	6.30
มหาวิทยาลัยลุนด์	6.20
มหาวิทยาลัยวงษ์ชวลิตกุล	6.50
มหาวิทยาลัยวรอตสวัฟ	6.50
มหาวิทยาลัยวลัยลักษณ์	6.50
มหาวิทยาลัยวอชิงตัน	6.50
มหาวิทยาลัยวะเซะดะ	6.40
มหาวิทยาลัยวาร์ตัน	6.40
มหาวิทยาลัยวาเคอนิงเงิน	6.50
มหาวิทยาลัยวาเคินนิงเงิน	6.50
มหาวิทยาลัยวาเซดะ	6.30
มหาวิทยาลัยวิจัยแห่งชาติ	6.50
มหาวิทยาลัยวิชิทอสเตต	6.50
มหาวิทยาลัยวิชิทาสเตต	6.50
มหาวิทยาลัยวิลเลียมมาร์ชไรซ์	6.50
มหาวิทยาลัยวิสคอนซิน	6.50
มหาวิทยาลัยวิสคอนซินกรีนเบย์	6.50
มหาวิทยาลัยวิสคอนซินแมดิสัน	6.50
มหาวิทยาลัยศรีนครินทรวิโรฒ	6.50
มหาวิทยาลัยศรีปทุม	6.40
มหาวิทยาลัยศรีปทุมขอนแก่น	6.50
มหาวิทยาลัยศิลปะเบรเมน	6.50
มหาวิทยาลัยศิลปะเบรเมิน	6.50
มหาวิทยาลัยศิลปะเบอร์ลิน	6.50
มหาวิทยาลัยศิลปะแห่งลอนดอน	6.50
มหาวิทยาลัยศิลปากร	6.40
มหาวิทยาลัยศิลปากรวังท่าพระ	6.50
มหาวิทยาลัยศิลปากรแห่งลอนดอน	6.50
มหาวิทยาลัยสงขลานครินทร์	6.50
มหาวิทยาลัยสต็อกโฮล์ม	6.50
มหาวิทยาลัยสต๊อกโฮล์ม	6.50
มหาวิทยาลัยสทราซบูร์	6.50
มหาวิทยาลัยสยาม	6.10
มหาวิทยาลัยสวนดุสิต	6.50
มหาวิทยาลัยสหประชาชาติ	6.50
มหาวิทยาลัยสุภานุวงศ์	6.50
มหาวิทยาลัยสุโขทัยธรรมาธิราช	6.50
มหาวิทยาลัยสแตนฟอร์ด	6.50
มหาวิทยาลัยสแตนเฟิร์ด	6.50
มหาวิทยาลัยสแตรธไคลด์	6.50
มหาวิทยาลัยหนานจิง	6.40
มหาวิทยาลัยหลวง	6.10
มหาวิทยาลัยหลวงพนมเปญ	6.50
มหาวิทยาลัยหลวงเกียวโต	6.50
มหาวิทยาลัยหอการค้าไทย	6.50
มหาวิทยาลัยหาดใหญ่	6.40
มหาวิทยาลัยห้องแถว	6.40
มหาวิทยาลัยออกซฟอร์ด	6.50
มหาวิทยาลัยออกซฟอร์ดบรูกส์	6.50
มหาวิทยาลัยออกซ์ฟอร์ด	6.50
มหาวิทยาลัยออกแลนด์	6.50
มหาวิทยาลัยออริกอน	6.40
มหาวิทยาลัยออริกอนสเตต	6.50
มหาวิทยาลัยออเบิร์น	6.50
มหาวิทยาลัยอัมสเตอร์ดัม	6.50
มหาวิทยาลัยอัลอัซฮัร	6.50
มหาวิทยาลัยอัสสัมชัญ	6.50
มหาวิทยาลัยอาร์คันซอ	6.50
มหาวิทยาลัยอาร์สดิจิตา	6.50
มหาวิทยาลัยอาเบอร์ดีน	6.50
มหาวิทยาลัยอินโดนีเซีย	6.50
มหาวิทยาลัยอิมพีเรียล	6.50
มหาวิทยาลัยอิลลินอย	6.50
มหาวิทยาลัยอิลลินอยชิคาโก	6.50
มหาวิทยาลัยอิลลินอยส์	6.50
มหาวิทยาลัยอิลลินอยส์ชิคาโก	6.50
มหาวิทยาลัยอิสระแห่งมาดริด	6.50
มหาวิทยาลัยอิสลามกาซา	6.50
มหาวิทยาลัยอิสลามยะลา	6.50
มหาวิทยาลัยอีราสมุส	6.50
มหาวิทยาลัยอีสต์แองเกลีย	6.50
มหาวิทยาลัยอีสาน	6.20
มหาวิทยาลัยอีสเทิร์นเคนทักกี	6.50
มหาวิทยาลัยอีสเทิร์นเอเชีย	6.50
มหาวิทยาลัยอุบลราชธานี	6.50
มหาวิทยาลัยอุปซอลา	6.40
มหาวิทยาลัยอุปซาลา	6.40
มหาวิทยาลัยอุพซอลา	6.40
มหาวิทยาลัยอุพซอล่า	6.50
มหาวิทยาลัยอุสมานิยา	6.50
มหาวิทยาลัยอเบอร์ดีน	6.50
มหาวิทยาลัยอเมริกันแห่งเบรุต	6.50
มหาวิทยาลัยอเล็กซานเดรีย	6.50
มหาวิทยาลัยอ็อกซฟอร์ด	6.50
มหาวิทยาลัยอ็อกซ์ฟอร์ด	6.50
มหาวิทยาลัยอ็อกฟอร์ด	6.50
มหาวิทยาลัยอ๊อกซฟอร์ด	6.50
มหาวิทยาลัยอ๊อกซ์ฟอร์ด	6.50
มหาวิทยาลัยอ๊อกฟอร์ด	6.50
มหาวิทยาลัยฮกไกโด	6.30
มหาวิทยาลัยฮอกไกโด	6.40
มหาวิทยาลัยฮัมบวร์ค	6.50
มหาวิทยาลัยฮัมโบล์ดท	6.50
มหาวิทยาลัยฮาร์วาร์ด	6.50
มหาวิทยาลัยฮาร์เวิร์ด	6.50
มหาวิทยาลัยฮาวาย	6.20
มหาวิทยาลัยฮาวาร์ด	6.40
มหาวิทยาลัยฮาเกิน	6.30
มหาวิทยาลัยฮิตตสึบาชิ	6.50
มหาวิทยาลัยฮิโตะทสึบาชิ	6.50
มหาวิทยาลัยฮิโตะสึบะชิ	6.50
มหาวิทยาลัยฮิโตะสึบาชิ	6.50
มหาวิทยาลัยฮุมโบล์ดท	6.50
มหาวิทยาลัยฮ่องกง	6.30
มหาวิทยาลัยเกริก	6.20
มหาวิทยาลัยเกษตรศาสตร์	6.50
มหาวิทยาลัยเกษตรศาสตร์บางเขน	6.50
มหาวิทยาลัยเกษมบัณฑิต	6.50
มหาวิทยาลัยเกาหลี	6.30
มหาวิทยาลัยเกิททิงเงิน	6.50
มหาวิทยาลัยเกียวโต	6.40
มหาวิทยาลัยเกแบ็กณชีกูตีมี	6.50
มหาวิทยาลัยเคนซิงตัน	6.50
มหาวิทยาลัยเคนต์	6.20
มหาวิทยาลัยเคนต์สเตต	6.50
มหาวิทยาลัยเคนทักกีสเตต	6.50
มหาวิทยาลัยเคนทักกีสเตท	6.50
มหาวิทยาลัยเคปทาวน์	6.50
มหาวิทยาลัยเคมบริดจ์	6.50
มหาวิทยาลัยเคสเวสเทิร์น	6.50
มหาวิทยาลัยเคียวริง	6.50
มหาวิทยาลัยเคียวริอึน	6.50
มหาวิทยาลัยเคียวโตะ	6.50
มหาวิทยาลัยเคโอ	6.10
มหาวิทยาลัยเค้นท์สเตท	6.50
มหาวิทยาลัยเค้นสเตท	6.50
มหาวิทยาลัยเจมส์คุก	6.50
มหาวิทยาลัยเจ้าพระยา	6.50
มหาวิทยาลัยเฉลิมกาญจนา	6.50
มหาวิทยาลัยเชฟฟิลด์	6.50
มหาวิทยาลัยเชฟฟิลด์ฮัลลัม	6.50
มหาวิทยาลัยเชฟฟีลด์	6.50
มหาวิทยาลัยเชฟฟีลด์ฮัลลัม	6.50
มหาวิทยาลัยเชฟฟีลด์แฮลลัม	6.50
มหาวิทยาลัยเชียงใหม่	6.50
มหาวิทยาลัยเซนต์จอห์น	6.50
มหาวิทยาลัยเซนต์แอนดริวส์	6.50
มหาวิทยาลัยเซนต์แอนดรูส์	6.50
มหาวิทยาลัยเซนต์แอนดูรว์	6.50
มหาวิทยาลัยเซรัมพอร์	6.50
มหาวิทยาลัยเซอร์รีย์	6.50
มหาวิทยาลัยเซอร์เรย์	6.50
มหาวิทยาลัยเซาท์แฮมป์ตัน	6.50
มหาวิทยาลัยเซาธ์อีสท์บางกอก	6.50
มหาวิทยาลัยเซาแทมป์ตัน	6.50
มหาวิทยาลัยเซียงไฮ้เจียงตง	6.50
มหาวิทยาลัยเซี่ยงไฮ้เจียวถง	6.50
มหาวิทยาลัยเซี่ยงไฮ้เจียวทง	6.50
มหาวิทยาลัยเดลาแวร์	6.50
มหาวิทยาลัยเดลี	6.10
มหาวิทยาลัยเดอปอล	6.30
มหาวิทยาลัยเดอรัม	6.30
มหาวิทยาลัยเดอแรม	6.30
มหาวิทยาลัยเดอโปล	6.30
มหาวิทยาลัยเทกซัส	6.30
มหาวิทยาลัยเทกซัสออสติน	6.50
มหาวิทยาลัยเทกซัสอาร์ลิงตัน	6.50
มหาวิทยาลัยเทกซัสเอแอนด์เอ็ม	6.50
มหาวิทยาลัยเทคนิคมิวนิก	6.50
มหาวิทยาลัยเทคนิคเดรสเดิน	6.50
มหาวิทยาลัยเทคนิคเบอร์ลิน	6.50
มหาวิทยาลัยเทคโนอินเดีย	6.50
มหาวิทยาลัยเทคโนโลยีกวางตุ้ง	6.50
มหาวิทยาลัยเทคโนโลยีคิมแช็ก	6.50
มหาวิทยาลัยเทคโนโลยีดับลิน	6.50
มหาวิทยาลัยเทคโนโลยีนะงะโอกะ	6.50
มหาวิทยาลัยเทคโนโลยีนันยาง	6.50
มหาวิทยาลัยเทคโนโลยีนางาโอกะ	6.50
มหาวิทยาลัยเทคโนโลยีพระจอมเกล้าธนบุรี	6.50
มหาวิทยาลัยเทคโนโลยีพระจอมเกล้าพระนครเหนือ	6.50
มหาวิทยาลัยเทคโนโลยีมหานคร	6.50
มหาวิทยาลัยเทคโนโลยีราชมงคล	6.50
มหาวิทยาลัยเทคโนโลยีลือลิยอ	6.50
มหาวิทยาลัยเทคโนโลยีสยาม	6.50
มหาวิทยาลัยเทคโนโลยีสุรนารี	6.50
มหาวิทยาลัยเทคโนโลยีหนานหยาง	6.50
มหาวิทยาลัยเทคโนโลยีเดลฟท์	6.50
มหาวิทยาลัยเที่ยงคืน	6.50
มหาวิทยาลัยเท็กซัส	6.40
มหาวิทยาลัยเท็กซัสออสติน	6.50
มหาวิทยาลัยเท็กซัสอาร์ลิงตัน	6.50
มหาวิทยาลัยเนชั่น	6.30
มหาวิทยาลัยเบอร์มิงแฮม	6.50
มหาวิทยาลัยเบอร์ลิน	6.50
มหาวิทยาลัยเปอร์ดู	6.40
มหาวิทยาลัยเปิด	6.10
มหาวิทยาลัยเปิดญี่ปุ่น	6.50
มหาวิทยาลัยเพนซิลวาเนีย	6.50
มหาวิทยาลัยเพนซิลเวเนีย	6.50
มหาวิทยาลัยเพนซิลเวเนียสเตต	6.50
มหาวิทยาลัยเพอร์ดู	6.40
มหาวิทยาลัยเฟอร์กูสซัน	6.50
มหาวิทยาลัยเมจิ	6.10
มหาวิทยาลัยเมธารัถย์	6.50
มหาวิทยาลัยเมน	6.00
มหาวิทยาลัยเมมฟิส	6.30
มหาวิทยาลัยเมย์นูธ	6.40
มหาวิทยาลัยเยนา	6.10
มหาวิทยาลัยเยล	6.00
มหาวิทยาลัยเลสเตอร์	6.50
มหาวิทยาลัยเวบสเตอร์	6.50
มหาวิทยาลัยเวย์นสเตต	6.50
มหาวิทยาลัยเวสต์ออฟอิงแลนด์	6.50
มหาวิทยาลัยเวสเทิร์น	6.50
มหาวิทยาลัยเวอร์จิเนีย	6.50
มหาวิทยาลัยเวอร์จิเนียเทค	6.50
มหาวิทยาลัยเวียนนา	6.40
มหาวิทยาลัยเวือทซ์บวร์ค	6.50
มหาวิทยาลัยเว็บสเตอร์	6.50
มหาวิทยาลัยเสรีอัมสเตอร์ดัม	6.50
มหาวิทยาลัยเสรีแห่งเบอร์ลิน	6.50
มหาวิทยาลัยเอกชน	6.20
มหาวิทยาลัยเอดินบะระ	6.50
มหาวิทยาลัยเอดินเบรอะ	6.50
มหาวิทยาลัยเอดินเบอระ	6.50
มหาวิทยาลัยเอดินเบิร์ก	6.50
มหาวิทยาลัยเอรัสมุส	6.50
มหาวิทยาลัยเออเรบรู	6.50
มหาวิทยาลัยเออเรอบรู	6.50
มหาวิทยาลัยเอิตเวิชโลรานด์	6.50
มหาวิทยาลัยเอิทเวิชโลรานด์	6.50
มหาวิทยาลัยเอเชียน	6.40
มหาวิทยาลัยเอเชียอาคเนย์	6.50
มหาวิทยาลัยเอ็กซิเตอร์	6.50
มหาวิทยาลัยเฮลซิงกิ	6.50
มหาวิทยาลัยแม่ฟ้าหลวง	6.50
มหาวิทยาลัยแม่โจ้	6.30
มหาสารคาม	8.50
มหิดล	5.10
มอก.	4.00
มอกเทซูไมต์	3.20
มอคค่า	3.20
มองโกลอยด์	3.10
มองโกเลีย	6.50
มอตทราไมต์	3.10
มอนต์มอริลโลไนต์	3.70
มอนต์เซอร์รัต	6.90
มอนทิบราไซต์	3.30
มอนทิเซลไลต์	3.30
มอนสเตอร์	3.00
มอนิเตอร์	3.50
มอนเตเนโกร	6.60
มอบหมาย	4.80
มอยส์ซอไนต์	3.20
มอยส์เชอไรเซอร์	3.60
มอริเชียส	6.50
มอริเตเนีย	6.60
มอร์นิง	2.80
มอร์ฟีน	2.80
มอร์เดไนต์	3.10
มอร์แกไนต์	3.10
มอลดาไวต์	3.00
มอลตา	6.10
มอลต์	2.60
มอลโดวา	6.30
มอลโทส	2.70
มอสซาเรลล่า	3.70
มอสโก	6.10
มอเซลแลนดส์เบอร์ไกต์	4.00
มอเตอร์	2.80
มอเตอร์เวย์	5.20
มอเตอร์เวย์สายเก้า	5.90
มอเตอร์เวย์สายเจ็ด	5.90
มอเตอร์ไซค์	3.20
มอเตอร์ไฟฟ้า	3.80
มอเรียน	2.80
มะกะโรนี	3.40
มะขาม	6.10
มะนัง	6.10
มะนิลา	6.20
มะเร็ง	3.70
มะเร็งปอด	4.00
มะเร็งลำไส้	4.20
มะเร็งเต้านม	4.30
มัก	2.50
มักกะสัน	6.40
มักกะโรนี	3.00
มัคคิอาโต	3.50
มัคคุเทศก์	0.50
มัคคุเทศน์	0.50
มังงะ	2.60
มังงะยูริ	3.00
มังงะวาย	2.90
มัญจาคีรี	6.50
มัทฉะ	3.10
มันนี	2.60
มัฟฟิน	3.20
มัฟฟินเรซินเค้ก	4.10
มัมมี่	2.70
มัลดีฟส์	6.40
มัลแวร์	3.30
มัสตาร์ด	2.90
มัสลิน	2.70
มัสโคไวต์	3.00
มาการอง	3.30
มากาเร็ท	2.90
มาดริด	2.70
มาดากัสการ์	6.70
มานา	2.50
มานาหลอด	2.90
มาบตาพุด	6.40
มายด์เซต	2.90
มายอ	6.00
มายองเนส	2.90
มายอต	6.10
มายเซ็ต	2.80
มายเซ็ท	2.80
มาราธอน	2.80
มาริโอ	2.70
มาริโอ้	2.80
มาร์กาไรต์	3.10
มาร์ค	2.60
มาร์คาไซต์	3.10
มาร์จิน	2.80
มาร์ตีนิก	6.50
มาร์มาไทต์	3.10
มาร์เกต	2.80
มาร์เก็ต	2.90
มาร์เวล	2.80
มาร์ไทต์	2.90
มาลาวี	6.20
มาลาเรีย	3.90
มาลาไคต์	2.90
มาลี	6.00
มาสก์	2.60
มาสด้า	3.70
มาสด้าสอง	3.50
มาสด้าสาม	3.50
มาสเตอร์คลาส	3.30
มาเก๊า	6.20
มาเลย์ไอต์	3.10
มาเลเซีย	6.40
มาแตร์เดอีวิทยาลัย	4.90
มิ.ย.	7.10
มิกซ์	2.60
มิกไซต์	2.80
มิดเดิลแวร์	3.70
มิดเลน	2.70
มิตซูบิชิ	4.00
มินา	2.50
มินาสเจไรไซต์	3.40
มินิซีรีส์	3.10
มิราบิไลต์	3.10
มิลก์	3.10
มิลค์	3.10
มิลค์เชค	3.40
มิลลิกรัม	4.50
มิลลิบาร์	3.00
มิลลิลิตร	4.50
มิลลิเมตร	4.50
มิลลิไซต์	3.00
มิลาไรต์	2.90
มิลเลอร์ไรต์	3.30
มิวสิก	2.70
มิวเซเว่น	3.50
มิวเอ็กซ์	3.50
มิสเตอร์	2.90
มิสเตอร์บีน	3.70
มิเตอร์	2.80
มิเนียม	2.80
มิเมทีน	2.80
มิเมทีไซต์	3.10
มิเมไทต์	2.90
มิ้ลค์	3.20
มี.ค.	7.10
มีต	2.50
มีตติ้ง	2.80
มีตแอนด์กรีต	3.30
มีทติ้ง	2.80
มีนบุรี	6.30
มีม	2.50
มีส่วนร่วม	5.10
มีเทน	2.60
มุก	0.50
มุกดาหาร	8.40
มุกแป้ก	1.50
มุข	0.50
มุลไลต์	2.80
มูฟออน	1.50
มูฟออนเป็นวงกลม	1.50
มูเตลู	3.20
มโนรมย์	6.30
มโนสาเร่	0.50
มโนสาเหร่	0.50
ม็อกเทล	3.30
ม็อด	2.50
ม็อบ	2.50
ม่วงสามสิบ	6.60
ยกพวก	4.60
ยกฟ้อง	3.70
ยอช์ต	2.60
ยอดคงเหลือ	4.10
ยอมความ	3.80
ยอร์ช	2.60
ยะรัง	6.10
ยะลา	8.00
ยะหริ่ง	6.30
ยะหา	6.00
ยันต์	3.10
ยันเดเระ	2.90
ยั่วๆ	1.50
ยั่วๆ บดๆ	1.50
ยาคลายกล้ามเนื้อ	4.70
ยางชุมน้อย	6.60
ยางตลาด	6.30
ยางสีสุราช	6.60
ยาต้านไวรัส	4.20
ยานนาวา	6.30
ยานไมเอน	6.40
ยาปฏิชีวนะ	4.10
ยาริส	3.10
ยาริสเอทีฟ	3.60
ยาฮู	2.50
ยาแก้ปวด	3.90
ยาแก้แพ้	3.90
ยาโยอิ	3.70
ยาใจ	1.50
ยิงหัว	2.70
ยิบรอลตาร์	6.60
ยิปซัม	2.70
ยิปซี	2.60
ยิม	2.50
ยิมนาสติก	3.00
ยิ่งลักษณ์ ชินวัตร	6.40
ยีน	2.50
ยีนส์	2.60
ยีลด์	2.60
ยีสต์	2.60
ยี่งอ	6.10
ยี่เป็ง	3.30
ยึดทรัพย์	4.00
ยืนหนึ่ง	1.50
ยืนหนึ่งในดง	1.50
ยื่นคำร้อง	5.10
ยื่นญัตติ	3.50
ยื่นหนังสือ	5.20
ยุกสพอไรต์	3.10
ยุบสภา	3.20
ยุโรป	2.60
ยูกันดา	6.30
ยูคริปไทต์	3.10
ยูซีไนต์	2.90
ยูดิดิไมต์	3.10
ยูทาห์ไลต์	3.10
ยูทูบ	3.60
ยูทูบเบอร์	3.10
ยูนาไคต์	2.90
ยูนิคอร์น	3.00
ยูนิต	2.60
ยูนิตเทสต์	3.60
ยูนิโคล่	3.90
ยูฟ่า	2.60
ยูรานอเซอร์ไคต์	3.60
ยูราโนแทนทาไลต์	3.60
ยูอาร์แอล	3.50
ยูเครน	6.20
ยูเคลส	2.70
ยูเดียไลต์	3.10
ยูเนี่ยนเพาเวอร์	3.70
ยูเรนัส	2.80
ยูเรนิไนต์	3.10
ยูเรเชีย	2.90
ยูเรเนียม	3.00
ยูเลกไซต์	3.00
ยูเวนตุส	2.90
ยูเอสบี	3.30
ยูแรโนเฟน	3.00
ยูโทเปีย	2.90
ยูโรปอยด์	3.00
ยูโรเพียม	3.00
ยูไวต์	2.70
ยโสธร	8.10
ย่านตาขาว	6.50
ร.ต.	5.00
ร.ต.ต	5.10
ร.ต.ต.	5.20
ร.ต.ท	5.10
ร.ต.ท.	5.20
ร.ต.อ	5.10
ร.ต.อ.	5.20
ร.ท.	5.00
ร.อ.	5.00
รดชาด	0.50
รดน้ำดำหัว	3.60
รดน้ำสังข์	3.60
รถยนต์ไฟฟ้า	3.70
รถอีวี	3.20
รถไฮบริด	3.40
รพ.	4.00
รมช.	5.00
รมว.	5.00
รร.	4.00
รวดราย	0.50
รวดายา	6.20
รวมตัว	4.70
รวันดา	6.20
รศ.	4.00
รสชาด	0.50
รสชาติ	0.50
รหัสผ่าน	3.40
รอการกำหนดโทษ	4.40
รอการลงโทษ	4.10
รองนายกรัฐมนตรี	5.60
รองผู้บัญชาการ	5.50
รองผู้ว่าราชการ	5.60
รอม	3.00
รอยเตอร์	2.90
ระงับเหตุ	5.00
ระนอง	8.10
ระบบขับขี่อัตโนมัติ	4.50
ระบบช่วยขับขี่	4.00
ระยอง	8.10
ระยะยาว	4.30
ระยะสั้น	4.40
ระเบียบราชการ	4.40
ระเมียดระไม	0.50
ระแงะ	6.10
ระโนด	6.10
รักบี้	2.70
รังสิต	6.20
รังสีรักษา	4.10
รัชดาภิเษก	6.60
รัชโยธิน	6.40
รัฐธรรมนูญ	4.10
รัฐบาลผสม	3.50
รัฐบาลเสียงข้างน้อย	4.50
รัฐบาลเสียงข้างมาก	4.40
รัฐประหาร	3.50
รัฐปาเลสไตน์	6.80
รัฐมนตรีช่วยว่าการ	4.40
รัฐมนตรีว่าการ	4.00
รัฐสภา	5.20
รัฐสวัสดิการ	3.80
รัตนบุรี	6.40
รัตนวาปี	6.40
รัตนาธิเบศร์	5.30
รัตภูมิ	6.30
รัทเทอร์ฟอร์เดียม	3.80
รันไทม์	3.30
รับข้อเสนอ	5.10
รับทราบ	4.80
รับปาก	4.70
รับฟัง	4.70
รับรอง	4.70
รับสารภาพ	5.00
รับหน้าที่	5.10
รับแจ้ง	4.80
รัม	3.00
รัมมี่	2.70
รัษฎา	6.10
รัสต์	3.10
รัสเซีย	6.30
ราชดำริ	6.30
ราชดำเนิน	5.00
ราชดำเนินกลาง	5.40
ราชดำเนินนอก	5.30
ราชดำเนินใน	5.20
ราชบุรี	8.30
ราชปรารภ	6.40
ราชสาส์น	6.40
ราชเทวี	6.30
รามคำแหง	6.40
รามอินทรา	5.00
รามอินทรา3	6.60
รามัน	6.10
รายงานข่าว	5.10
ราษฎร์บูรณะ	6.70
ราษีไศล	6.30
ราสป์เบอร์รี	3.30
ราเมน	3.10
ราเม็ง	3.20
ริคาร์โด	2.90
ริชาร์ด	2.80
ริชเทอไรต์	3.10
ริซอตโต	3.30
ริบทรัพย์	4.00
ริบบิ้น	2.80
ริสต์	2.60
ริเชิร์ด	2.90
ริโมตคอนโทรล	3.30
รีดักชัน	2.90
รีทวีต	2.70
รีนิไอต์	2.90
รีพลาย	2.70
รีม	2.50
รีวิว	2.60
รีสตาร์ต	2.90
รีสอร์ต	2.80
รีสอร์ท	2.80
รีอัลการ์	3.00
รีเควสต์	2.90
รีเนียม	2.80
รีเบกไคต์	3.00
รีเฟรช	2.70
รีแลกซ์	2.80
รีโมท	2.60
รีโว่	3.10
รีไซเคิล	2.90
รีไฟแนนซ์	4.00
รีไวนด์	2.80
รือเสาะ	6.30
รุดตรวจสอบ	5.10
รูทีเนียม	3.00
รูบิเดียม	3.00
รูบี้	2.60
รูมเมท	2.70
รูอิน	2.60
รูเบลไลต์	3.00
รูเล็ตต์	2.90
รูไทล์	2.70
ร็อก	2.50
ร็อกบริดไจต์	3.30
ร็อตเตอร์ดัม	3.30
ร่วมกัน	4.30
ร่วมกันกระทำความผิด	5.00
ร่วมกับ	4.80
ร่วมด้วย	4.40
ร่วมมือ	4.80
ร่องคำ	6.20
ร่อนพิบูลย์	6.70
ร่างกฎหมาย	3.60
ร่างพระราชบัญญัติ	4.30
ร้องกวาง	6.40
ร้องทุกข์	5.00
ร้องเรียน	5.00
ร้อยเอ็ด	8.40
ร้านค้าเกม	3.10
ลงนะ	3.00
ลงนะหน้าทอง	3.70
ลงนาม	4.60
ลงพื้นที่	5.00
ลงมติ	4.60
ลดความเหลื่อมล้ำ	4.20
ลดคูลดาวน์	3.10
ลดหย่อนภาษี	4.20
ลบ.ม.	4.10
ลพบุรี	8.20
ลวดลาย	0.50
ลหุโทษ	3.70
ลอการิทึม	3.00
ลอง	6.00
ลองจิจูด	2.90
ลองโควิด	3.90
ลอตเตอรี่	3.00
ลอนดอน	6.20
ลอนเชอร์	2.90
ลอยกระทง	3.40
ลอยอังคาร	3.50
ลอยโคม	3.20
ลอริมา	2.70
ลอริโอไนต์	3.10
ลอว์ซอไนต์	3.10
ลอว์เรนเซียม	3.30
ลอสเองเจิลลิส	3.40
ลอสแอนเจลิส	6.70
ลอเรนเซไนต์	3.20
ละงู	6.00
ละติจูด	2.80
ละหานทราย	6.50
ละอุ่น	6.20
ละเมิด	3.70
ละเมียดละไม	0.50
ละแม	6.00
ลักลอบ	4.70
ลักเซมเบิร์ก	6.80
ลัดเลไมต์	3.00
ลัตเวีย	6.30
ลับแล	6.10
ลางไบไนต์	3.00
ลาซาด้า	3.80
ลาซานญ่า	3.40
ลาซูไรต์	2.90
ลาซูไลต์	2.90
ลาดกระบัง	6.50
ลาดบัวหลวง	6.60
ลาดพร้าว	6.40
ลาดพร้าว101	6.70
ลาดยาว	6.20
ลาดหลุมแก้ว	6.70
ลานกระบือ	6.50
ลานสกา	6.20
ลานสัก	6.20
ลายมือ	3.20
ลาร์เดอเรลไลต์	3.50
ลาว	6.00
ลาวา	2.50
ลาเต้	3.10
ลาเท็กซ์	2.90
ลาเวนเดอร์	3.10
ลำดวน	6.10
ลำทะเมนชัย	6.60
ลำทับ	6.10
ลำปลายมาศ	6.50
ลำปาง	8.10
ลำพูน	8.10
ลำลูกกา	6.30
ลำสนธิ	6.20
ลำสาลี	6.20
ลำใย	0.50
ลำไย	0.50
ลิกเตนสไตน์	6.70
ลิกไนต์	2.80
ลิงก์	2.60
ลิงค์	0.50
ลิดดิโคไทต์	3.20
ลิตมัส	2.70
ลิตร	4.00
ลิทัวเนีย	6.50
ลิทิโอฟอไรต์	3.30
ลิทิโอฟิไลต์	3.30
ลินาไรต์	2.90
ลินิน	2.60
ลินุกซ์	3.30
ลิปซิงก์	2.90
ลิปบาล์ม	2.90
ลิปสติก	2.80
ลิฟ	2.50
ลิฟต์	2.60
ลิมิติดอิดิชัน	3.50
ลิสติ้ง	2.80
ลิเทียม	2.80
ลิเบีย	6.20
ลิเบเทไนต์	3.10
ลิโรคอไนต์	3.10
ลีแกรนไดต์	3.10
ลีไฟต์	2.70
ลี้	6.00
ลืออำนาจ	6.40
ลุก	2.50
ลุดวิไกต์	3.00
ลุมพินี	6.30
ลูกบาศก์เมตร	4.80
ลูกอมชานหมาก	3.80
ลูซอไนต์	2.90
ลูทีเชียม	3.00
ลูน่า	2.60
ลูสพารตส์	3.00
ลูโคซีน	2.80
ลูโคเฟน	2.80
ลูโคเฟไนต์	3.10
ลูไซต์	2.70
ล็อก	2.50
ล็อกดาวน์	3.00
ล็อกอิน	3.30
ล็อกเกต	2.80
ล็อกเกอร์	3.00
ล็อกเอาต์	3.50
ล็อตเตอรี	3.00
ล็อบบี้	2.80
ล็อบบี้ยิสต์	3.30
ล็็อก	2.60
ล่าสุด	4.20
ล้มละลาย	3.90
ล้างไต	3.70
วงศ์สว่าง	6.50
วงเงินกู้	4.00
วงเวียนใหญ่	6.70
วงไอดอล	2.80
วชิรบารมี	6.50
วลัยลักษณ์	5.60
วอชิงตัน	6.40
วอดก้า	3.20
วอตส์แอปป์	3.10
วอทส์แอป	3.90
วอนเซไนต์	3.00
วอบเบลอร์	3.00
วอฟเฟิล	3.30
วอร์ม	2.60
วอร์รูม	2.80
วอร์ไดต์	2.90
วอลบอร์ไทต์	3.20
วอลล์บ็อกซ์	3.70
วอลล์เปเปอร์	3.30
วอลล์เพเปอร์	3.30
วอลูม	2.60
วอลเพอร์ไจต์	3.30
วอลเลย์บอล	3.10
วอลเล็ต	3.80
วอลเล่ย์บอล	3.20
วอล์ก	2.60
วอล์กอิน	2.90
วอล์กเอาต์	3.10
วัคซีน	3.70
วังจันทร์	6.50
วังชิ้น	6.30
วังทรายพูน	6.60
วังทอง	6.20
วังทองหลาง	6.60
วังน้อย	6.30
วังน้ำเขียว	6.70
วังน้ำเย็น	6.60
วังม่วง	6.30
วังยาง	6.20
วังวิเศษ	6.40
วังสมบูรณ์	6.60
วังสะพุง	6.40
วังสามหมอ	6.50
วังหิน	6.20
วังเจ้า	6.30
วังเหนือ	6.40
วังโป่ง	6.30
วัชรพล	6.20
วัฒนา	6.10
วัฒนานคร	6.40
วัฒนาวิทยาลัย	4.40
วัณโรค	3.70
วัดกก	5.10
วัดกกตาด	5.40
วัดกกสับ	5.40
วัดกกแรต	5.40
วัดกงจักร	5.50
วัดกงลาด	5.40
วัดกงไกรลาศ	5.70
วัดกยองคำ	5.50
วัดกรอกสะแก	5.70
วัดกระจัง	5.50
วัดกระจับพินิจ	6.00
วัดกระชงคาราม	5.90
วัดกระชาย	5.50
วัดกระซ้าขาว	5.80
วัดกระดังงา	5.70
วัดกระดาน	5.50
วัดกระทุ่ม	5.60
วัดกระทุ่มปี่	5.90
วัดกระทุ่มราย	5.90
วัดกระทุ่มเสือปลา	6.30
วัดกระบังมังคลาราม	6.40
วัดกระแซง	5.50
วัดกระโจม	5.50
วัดกระโจมทอง	5.80
วัดกระโดงทอง	5.80
วัดกร่าง	5.40
วัดกฤษณเวฬุพุทธาราม	6.50
วัดกลม	5.20
วัดกลาง	5.30
วัดกลางกาฬสินธุ์	6.20
วัดกลางคลองตะเคียน	6.40
วัดกลางคลองวัฒนาราม	6.50
วัดกลางคลองสาม	6.00
วัดกลางคลองสี่	6.00
วัดกลางคูเวียง	6.00
วัดกลางชลบุรี	5.90
วัดกลางดาวคนอง	6.00
วัดกลางดาวคะนอง	6.10
วัดกลางทุ่ง	5.70
วัดกลางธนรินทร์	6.10
วัดกลางธรรมสาคร	6.10
วัดกลางบางซื่อ	6.00
วัดกลางบางปะกง	6.00
วัดกลางบางพระ	5.90
วัดกลางบางแก้ว	6.00
วัดกลางปากกราน	6.00
วัดกลางมิ่งเมือง	6.20
วัดกลางวรวิหาร	6.00
วัดกลางศรีเชียงใหม่	6.50
วัดกลางสวน	5.60
วัดกลางสุรินทร์	6.10
วัดกลางอุดมเวทย์	6.20
วัดกลางอ่างแก้ว	6.10
วัดกลางเกร็ด	5.80
วัดกลางเก่า	5.70
วัดกลางเวียง	5.80
วัดกลางเหนือ	5.80
วัดกลางใหม่	5.70
วัดกล้วย	5.40
วัดกล้าชอุ่ม	5.80
วัดกวิศรารามราชวรวิหาร	6.50
วัดกษัตราธิราช	6.00
วัดกษัตราธิราชวรวิหาร	6.50
วัดกองกาน	5.50
วัดกองก๋อย	5.60
วัดกองดิน	5.50
วัดกองพระทราย	5.90
วัดกองแก้ว	5.60
วัดกองแขก	5.50
วัดกอด่อปะลีน	5.90
วัดกะทู้	5.40
วัดกะพังสุรินทร์	6.20
วัดกังเงียว	5.70
วัดกัตรคาม	5.60
วัดกัทลีพนาราม	6.00
วัดกันตทาราราม	6.00
วัดกันมาตุยาราม	6.10
วัดกันเกียว	5.70
วัดกัลปนาราม	5.80
วัดกัลยา	5.40
วัดกัลยาณมิตร	5.90
วัดกัลยาณมิตรวรมหาวิหาร	6.50
วัดกาญจนบุรีเก่า	6.20
วัดกาญจนสิงหาสน์	6.20
วัดกาญจนสิงหาสน์วรวิหาร	6.50
วัดกาญจนาราม	5.80
วัดกานดอปะลีน	5.90
วัดกานลู่	5.50
วัดกาหรำ	5.40
วัดกาหลง	5.40
วัดกำลอ	5.30
วัดกำแพง	5.40
วัดกำแพงงาม	5.70
วัดกำแพงบางจาก	6.00
วัดกำแพงมณี	5.70
วัดกำแพงแก้ว	5.80
วัดกำแพงแลง	5.70
วัดกำแพงแสน	5.70
วัดกำแพงใต้	5.70
วัดกิงกะกุ	5.60
วัดกิงกากุ	5.60
วัดกิงกากุจิ	5.80
วัดกิงกากูจิ	5.80
วัดกิงคะคุ	5.60
วัดกิงคะคุจิ	5.80
วัดกิตติสังฆาราม	6.20
วัดกินคากุ	5.60
วัดกินคาคุ	5.60
วัดกิ่งแก้ว	5.70
วัดกุงเปา	5.50
วัดกุฎิ	5.30
วัดกุฎีจีน	5.60
วัดกุฎีดาว	5.60
วัดกุฎีทอง	5.60
วัดกุฎีเตี้ย	5.80
วัดกุฏิบางเค็ม	6.00
วัดกุนนทีรุทธาราม	6.30
วัดกุศลสมาคร	5.80
วัดกุสุมภ์สัทธาราม	6.40
วัดกูบังตีกา	5.80
วัดกูบังตีฆา	5.80
วัดกู่กุด	5.50
วัดกู่คำ	5.40
วัดกู่ดินขาว	5.80
วัดกู่ผางลาง	5.80
วัดกู่สุนทราราม	6.10
วัดกู่เต้า	5.60
วัดกู่ไก่แก้ว	5.90
วัดกู้	5.20
วัดก้อ	5.20
วัดก้อนแก้ว	5.70
วัดก้ำก่อ	5.50
วัดขจรศิริ	5.60
วัดขนอน	5.30
วัดขนอนเหนือ	5.80
วัดขนอนใต้	5.60
วัดขนแกะ	5.40
วัดขมิ้น	5.40
วัดขวัญประชา	5.80
วัดขวัญมงคล	5.70
วัดขวัญเมือง	5.80
วัดขวาง	5.30
วัดขะจาว	5.40
วัดขันเงิน	5.60
วัดขัวแคร่	5.60
วัดขุนคง	5.40
วัดขุนคงหลวง	5.80
วัดขุนจันทร์	5.80
วัดขุนช้าง	5.60
วัดขุนตาลด	5.60
วัดขุนพรหม	5.60
วัดขุนสมุทราวาส	6.10
วัดขุนหลวงนิมิต	6.10
วัดขุนอินทประมูล	6.20
วัดขุนแสน	5.50
วัดขุมทอง	5.50
วัดขุมแก้ว	5.60
วัดขุ่ม	5.30
วัดข่อย	5.30
วัดคงคา	5.30
วัดคงคาพิมุข	5.80
วัดคงคามาลัย	5.80
วัดคงคาราม	5.60
วัดคงคารามดอนหวาย	6.30
วัดคงคารามยะ	5.80
วัดคงคารามวรวิหาร	6.30
วัดคงคาวดี	5.60
วัดคงคาเลียบ	5.80
วัดคชศิลาวนาราม	6.10
วัดคณิกาผล	5.60
วัดคมนียเขต	5.70
วัดคริสต์	5.50
วัดคริสต์ศาสนา	6.00
วัดครุฑ	5.30
วัดครุฑธาราม	5.80
วัดครุนอก	5.50
วัดครุใน	5.40
วัดคฤหบดี	5.50
วัดคลองกระจง	5.80
วัดคลองขวาง	5.70
วัดพระธาตุดอยสุเทพ	6.40
วัดพระธาตุพนม	5.90
วัดพระศรีมหาธาตุ	7.20
วัดพระศรีรัตนศาสดาราม	6.50
วัดพระเชตุพน	5.80
วัดพระแก้ว	5.60
วัดมังกร	6.40
วัดสระเกศ	5.50
วัดสิงห์	6.40
วัดอรุณราชวราราม	6.20
วัดเจดีย์	3.50
วัดเพลง	6.30
วัดเสมียนนารี	6.90
วัดโบสถ์	6.40
วัตต์	2.60
วันขึ้นปีใหม่	3.90
วันครู	3.20
วันจักรี	3.40
วันฉัตรมงคล	3.70
วันปิยมหาราช	3.80
วันพ่อแห่งชาติ	4.00
วันมาฆบูชา	3.60
วันรัฐธรรมนูญ	3.90
วันวิสาขบูชา	3.80
วันสงกรานต์	3.70
วันสารทจีน	3.60
วันสารทไทย	3.60
วันออกพรรษา	3.70
วันอาสาฬหบูชา	3.90
วันเข้าพรรษา	3.80
วันเดย์	2.80
วันเด็ก	3.30
วันแม่แห่งชาติ	4.00
วาคอม	2.60
วางเพลิง	4.90
วางแผน	4.70
วาติกัน	2.80
วานรนิวาส	6.50
วานาดิไนต์	3.10
วานูอาตู	6.40
วาปีปทุม	6.40
วาฟเฟิล	3.30
วายฟาย	2.70
วาระการดำรงตำแหน่ง	4.40
วาริชภูมิ	6.50
วารินชำราบ	6.60
วาริสไซต์	3.00
วาร์ป	1.50
วาร์ลามอฟไฟต์	3.40
วาลลิสและฟุตูนา	7.10
วาล์ว	2.60
วาเนเดียม	3.00
วาเลนไทน์	3.00
วาไรตี้	2.80
วิกตอเรีย	3.00
วิกฤตสภาพภูมิอากาศ	4.40
วิกิ	2.50
วิกิพีเดีย	3.10
วิกิลีกส์	3.00
วิดิโอ	3.20
วิดีโอ	3.20
วิดีโอคลิป	3.60
วิดีโอคอล	3.50
วิดเจ็ต	2.80
วิตกกังวล	4.00
วิตล็อกไทต์	3.20
วิตามิน	2.80
วินาที	4.20
วินิจฉัย	4.90
วินเทจ	2.70
วินโดวส์	2.90
วินโดวส์วิสตา	3.40
วินโดวส์เอ็กซ์พี	3.70
วิปครีม	3.30
วิปปิงครีม	3.60
วิภาวดี	6.30
วิภาวดีรังสิต	5.40
วิลล่ามาร์เก็ต	4.50
วิลอซิแร็ปเตอร์	3.60
วิลเลจดรัม	3.10
วิลเลียม	2.90
วิลเลไมต์	3.00
วิว	2.50
วิสกี้	3.20
วิสตา	2.60
วิสัญญีแพทย์	4.30
วิสเทค	2.70
วิหารแดง	6.40
วิเชียรบุรี	6.70
วิเทอไรต์	3.00
วิเวียไนต์	3.10
วิเศษชัยชาญ	6.70
วิโรจน์ ลักขณาอดิศร	6.50
วีก	2.50
วีซูเวียไนต์	3.30
วีดีโอ	3.20
วีต์ไชต์	2.90
วีแชต	2.60
วุฒากาศ	6.30
วุดเฮาไซต์	3.10
วุลฟีไนต์	3.00
วุลแฟรม	2.80
วุลแฟรไมต์	3.10
วุลไฟต์	2.80
วูสไทต์	2.80
ว็อกไซต์	2.90
ว่ากันว่า	4.50
ว่าการ	4.70
ว่านล้อม	0.50
ว่าราชการ	5.00
ศ.	4.00
ศบค.	4.00
ศรีกรีฑา	6.40
ศรีณรงค์	6.40
ศรีด่าน	6.30
ศรีธาตุ	6.30
ศรีนคร	6.20
ศรีนครินทรวิโรฒ	6.10
ศรีนครินทร์	6.70
ศรีนครินทร์38	6.90
ศรีนุช	6.20
ศรีบรรพต	6.40
ศรีบุญเรือง	6.70
ศรีประจันต์	6.70
ศรีมหาโพธิ	6.60
ศรีมโหสถ	6.40
ศรีรัตนะ	6.40
ศรีราชา	6.30
ศรีลังกา	6.40
ศรีลาซาล	6.40
ศรีวิไล	6.30
ศรีษะ	0.50
ศรีสงคราม	6.50
ศรีสมเด็จ	6.50
ศรีสวัสดิ์	6.60
ศรีสะเกษ	8.40
ศรีสัชนาลัย	6.70
ศรีสาคร	6.30
ศรีสำโรง	6.40
ศรีอุดม	6.30
ศรีเชียงใหม่	6.80
ศรีเทพ	6.20
ศรีเทพา	6.30
ศรีเมืองใหม่	6.80
ศรีเอี่ยม	6.50
ศรีแบริ่ง	6.50
ศัลยแพทย์	4.00
ศาลชั้นต้น	4.10
ศาลฎีกา	5.30
ศาลตายาย	3.40
ศาลทรัพย์สินทางปัญญา	5.00
ศาลปกครอง	5.50
ศาลปกครองสูงสุด	6.10
ศาลพระภูมิ	3.60
ศาลรัฐธรรมนูญ	5.90
ศาลล้มละลาย	4.20
ศาลล้มละลายกลาง	4.60
ศาลหลักเมือง	5.80
ศาลอุทธรณ์	5.60
ศาลายา	6.20
ศาลาแดง	6.30
ศาลเจ้าที่	3.60
ศาลเยาวชนและครอบครัว	6.50
ศาลแรงงาน	4.00
ศาลแรงงานกลาง	4.40
ศิลปากร	5.30
ศิลาลาด	6.30
ศีขรภูมิ	6.40
ศีรษะ	0.50
ศุภชัย พานิชภักดิ์	6.40
ศูนย์การประชุมแห่งชาติสิริกิติ์	7.50
ศูนย์ราชการนนทบุรี	7.40
ศูนย์วัฒนธรรมแห่งประเทศไทย	7.50
ส.ค.	7.00
ส.ต.	5.00
ส.ต.ต	5.10
ส.ต.ต.	5.20
ส.ต.ท	5.10
ส.ต.ท.	5.20
ส.ต.อ	5.10
ส.ต.อ.	5.20
ส.ท.	5.00
ส.ว.	4.00
ส.ส.	4.00
ส.อ.	5.00
สกริปต์	3.30
สกลนคร	8.20
สกลอดอว์สไกต์	3.40
สกวิด	2.60
สกอตแลนด์	6.50
สกอร์ซาไลต์	3.20
สกอลิไซต์	3.00
สกอโรไดต์	3.00
สกัดกั้น	4.90
สกิน	2.50
สกินแคร์	2.90
สกิล	2.50
สกี	2.50
สกุตเทอรูไดต์	3.40
สกูป	2.50
สคริปต์	3.30
สคัดเดอร์	3.00
สงกรานต์	3.40
สงขลา	8.10
สงขลานครินทร์	5.90
สตช.	4.00
สตรอนเชียม	3.10
สตรอนเชียไนต์	3.40
สตรอว์เบร์รี	3.30
สตรอว์เบอร์รี	3.90
สตรอว์เบอร์รี่	3.50
สตรอเบอร์รี่	3.30
สตรันไซต์	3.00
สตริกนิน	2.90
สตรีตฟูด	2.90
สตรีมมิง	3.40
สตรีมมิ่ง	3.00
สตรีมมิ่งอนิเมะ	3.60
สตรีมเมอร์	3.10
สตรีวิทยา	4.00
สตรูเวอร์ไรต์	3.40
สตอร์	2.60
สตอร์มเซิร์จ	3.30
สตอเบอร์รี่	3.20
สตอโรไลต์	3.00
สตัน	2.50
สตันต์แมน	3.00
สตัฟ	2.50
สตัฟฟ์	2.70
สตัสส์เฟอร์ไทต์	3.60
สตางค์	4.20
สตาฟ	2.50
สตาร์	2.60
สตาร์ต	2.70
สตาร์ตอัป	3.00
สตาร์ตเตอร์	3.70
สตาร์ทอัพ	3.00
สตาร์บัคส์	4.10
สติกเกอร์	3.00
สติชไทต์	2.90
สติบาร์เซน	3.10
สติบิโคไนต์	3.20
สติบิโอแทนทาไลต์	3.70
สติบไนต์	2.90
สติลไบต์	2.90
สติแรโคซอรัส	3.30
สติโชไวต์	3.00
สตีไทต์	2.80
สตึก	6.00
สตู	2.50
สตูดิโอ	2.80
สตูล	8.00
สตูว์	3.10
สต็อก	2.60
สต๊อก	2.60
สถานีกรมชลประทาน	7.20
สถานีกรมชลประธาน	7.20
สถานีกรมป่าไม้	7.00
สถานีกระทรวงสาธารณสุข	7.50
สถานีกรุงธนบุรี	7.10
สถานีกรุงเทพ	6.80
สถานีกลันตัน	6.80
สถานีกลาง	6.50
สถานีกลางกรุงเทพอภิวัฒน์	7.50
สถานีกลางซือริช	7.10
สถานีกลางบางซื่อ	7.20
สถานีกลางเบอร์ลิน	7.30
สถานีกลางเฮลซิงกิ	7.30
สถานีกษัตริย์ศึก	7.20
สถานีการกีฬาแห่งประเทศไทย	7.50
สถานีการค้า	6.70
สถานีการเคหะ	6.80
สถานีกำแพงเพชร	7.00
สถานีกำแพงแสน	6.90
สถานีกิจกรรมพิเศษ	7.30
สถานีกินซะ	6.60
สถานีกู่เฉิง	6.80
สถานีขนส่ง	6.60
สถานีขนส่งซ้วยเตียน	7.50
สถานีขนส่งผู้โดยสาร	7.50
สถานีขนส่งผู้โดยสารกรุงเทพ	7.50
สถานีขนส่งผู้โดยสารกรุงเทพฯ	7.50
สถานีขนส่งหมอชิต	7.20
สถานีคยุลฮย็อน	7.00
สถานีครัสนอสเซลสกายา	7.50
สถานีคราสนาเซียนสกายา	7.50
สถานีครุใน	6.60
สถานีคลองบางไผ่	7.10
สถานีคลองบ้านม้า	7.20
สถานีคลองสาน	6.80
สถานีคลองสาม	6.80
สถานีคลองสี่	6.80
สถานีคลองห้า	6.80
สถานีคลองเตย	6.80
สถานีควีนสเวย์	7.00
สถานีคอมมูนาร์คา	7.20
สถานีคอมเพล็กซ์ดิจิทัลคาซัน	7.50
สถานีคอร์นีลอฟสกายา	7.50
สถานีคะมะกุระ	6.90
สถานีคาราวาน	6.80
สถานีคาราวานเซลีม	7.30
สถานีคาราวานแซลิม	7.30
สถานีคาวาซากิ	6.90
สถานีคาโงชิมะจูโอ	7.30
สถานีคิซารางิ	6.90
สถานีคีรอฟสกีซาวอด	7.40
สถานีคุนจา	6.60
สถานีคุมาโมโตะ	7.00
สถานีคูคต	6.50
สถานีคูอึย	6.60
สถานีคู้บอน	6.70
สถานีคเยซัน	6.70
สถานีคเยยัง	6.70
สถานีจตุจักร	6.80
สถานีจรัญสนิทวงค์	7.30
สถานีจอมทอง	6.70
สถานีจูรงตะวันออก	7.30
สถานีจูเลบีโน	6.90
สถานีฉัตรปติศิวาชี	7.40
สถานีฉัตรปตีศิวาจี	7.40
สถานีชลประทาน	6.90
สถานีชาร์จ	3.60
สถานีชิดลม	6.60
สถานีชินจุกุ	6.80
สถานีชินจูกุ	6.80
สถานีชินะงะวะ	6.90
สถานีชินโอซะกะ	7.00
สถานีชินไซบาชิ	7.00
สถานีชิบุยะ	6.70
สถานีชิบูยะ	6.70
สถานีชิมบาชิ	6.80
สถานีชิโมนาดะ	6.90
สถานีชุมทางตลิ่งชัน	7.50
สถานีชุมทางบ้านดารา	7.50
สถานีชุมทางหนองปลาดุก	7.50
สถานีชุมทางหาดใหญ่	7.40
สถานีช่องนนทรี	7.00
สถานีช้างเอราวัณ	7.20
สถานีซรีเปอตาลิง	7.20
สถานีซัปโปะโระ	7.00
สถานีซูยู	6.50
สถานีดอนเมือง	6.90
สถานีดาวคะนอง	6.90
สถานีดินแดง	6.70
สถานีตลาดบางใหญ่	7.20
สถานีตลาดพลู	6.80
สถานีตลาดมีนบุรี	7.20
สถานีตลิ่งชัน	6.90
สถานีตำรวจนครบาลพระราชวัง	7.50
สถานีตำหรุ	6.60
สถานีตูเชฟสกายา	7.10
สถานีต่อไป	6.60
สถานีถนนจันทน์	7.00
สถานีถาวรนิเวศน์	7.20
สถานีถาวเดี่ยน	7.00
สถานีถูดึ๊ก	6.70
สถานีทวนสัญญาณวิทยุสมัครเล่น	7.50
สถานีทวีวัฒนา	6.90
สถานีทหารเรือนอร์ฟอล์ก	7.50
สถานีทองหล่อ	6.80
สถานีทอทเทนแฮมคอร์ตโร้ด	7.50
สถานีทอทเทนแฮมคอร์ทโร้ด	7.50
สถานีทะเลสาบเมืองทองธานี	7.50
สถานีทางด่วนศรีรัช	7.40
สถานีทิพวัล	6.70
สถานีทุ่งสองห้อง	7.20
สถานีท่าพระ	6.70
สถานีท่าอากาศยานคันไซ	7.50
สถานีท่าอากาศยานจางี	7.50
สถานีท่าอากาศยานชางงี	7.50
สถานีท่าอากาศยานดอนเมือง	7.50
สถานีท่าอากาศยานนะริตะ	7.50
สถานีท่าอากาศยานนาริตะ	7.50
สถานีท่าอากาศยานสุวรรณภูมิ	7.50
สถานีท่าอิฐ	6.70
สถานีธนาซิตี้	6.90
สถานีนกซาพย็อง	7.00
สถานีนครปฐม	6.70
สถานีนครราชสีมา	7.10
สถานีนครลำปาง	6.90
สถานีนครหลวงเวียงจันทน์	7.50
สถานีนพรัตน์	6.80
สถานีนอร์ทแอฟเวนู	7.30
สถานีนอโวมอสคอฟสกายา	7.50
สถานีนานา	6.50
สถานีนาโงยะ	6.70
สถานีนำร่อง	6.70
สถานีนิปโปะริ	6.90
สถานีนีเฌอโกรอดสกายา	7.50
สถานีนีเฌโกรอดสกายา	7.50
สถานีบอนด์สตรีต	7.10
สถานีบอนด์สตรีท	7.10
สถานีบันดาร์ตาซิก์เซอลาตัน	7.50
สถานีบันดาร์ตาสิกเซอลาตัน	7.50
สถานีบางกรวย	6.80
สถานีบางกระสอ	6.90
สถานีบางกอกใหญ่	7.10
สถานีบางกะปิ	6.80
สถานีบางขุนนนท์	7.10
สถานีบางขุนพรหม	7.10
สถานีบางจาก	6.70
สถานีบางชัน	6.70
สถานีบางซื่อ	6.80
สถานีบางซ่อน	6.80
สถานีบางนา	6.60
สถานีบางบัว	6.70
สถานีบางบำหรุ	6.90
สถานีบางปะกอก	6.90
สถานีบางปะแก้ว	7.00
สถานีบางปู	6.60
สถานีบางพลัด	6.80
สถานีบางพลี	6.70
สถานีบางพลู	6.70
สถานีบางยี่ขัน	7.00
สถานีบางรักน้อยท่าอิฐ	7.50
สถานีบางรักใหญ่	7.10
สถานีบางหว้า	6.80
สถานีบางอ้อ	6.70
สถานีบางเขน	6.70
สถานีบางแก้ว	6.80
สถานีบางแค	6.60
สถานีบางแวก	6.70
สถานีบางโฉลง	6.80
สถานีบางโพ	6.60
สถานีบางไผ่	6.70
สถานีบาตูเคฟส์	7.00
สถานีบาสอน	6.60
สถานีบิ่ญท้าย	6.90
สถานีบุลวาร์โรคอสซอฟสโกโก	7.50
สถานีบูกิซ	6.60
สถานีบูกิส	6.60
สถานีบูลวาร์โรโคสซอฟสโกโก	7.50
สถานีบ่อเต็น	6.80
สถานีบ้านทับช้าง	7.20
สถานีบ้านภาชี	6.90
สถานีบ้านม้า	6.80
สถานีบ้านแสลงพัน	7.20
สถานีบ้านแหลม	6.90
สถานีบ้านโพ	6.70
สถานีประชาชน	6.80
สถานีประชาธิปไตย	7.20
สถานีประชาสงเคราะห์	7.50
สถานีประชาอุทิศ	7.10
สถานีประดิษฐ์มนูธรรม	7.50
สถานีประตูน้ำ	6.90
สถานีปลัดเปรียง	7.10
สถานีปลายทางฉัตรปตีศิวาจี	7.50
สถานีปากท่อ	6.70
สถานีปากน้ำ	6.70
สถานีปากเกร็ด	6.90
สถานีปุณณวิถี	6.90
สถานีปู่เจ้า	6.80
สถานีป่วงกก	6.70
สถานีผิงกั่วหยวน	7.20
สถานีผ่านฟ้า	6.80
สถานีพญาไท	6.60
สถานีพระประแดง	7.00
สถานีพระโขนง	6.80
สถานีพรานนก	6.70
สถานีพร้อมพงษ์	7.00
สถานีพลังงานศิลปะ	7.30
สถานีพหลโยธิน	6.90
สถานีพอร์ตกลัง	7.00
สถานีพักชน	6.60
สถานีพักเซ็นทรัล	7.20
สถานีพัคชน	6.60
สถานีพาจู	6.50
สถานีพิพิธภัณฑ์กองทัพอากาศ	7.50
สถานีพิพิธภัณฑ์ช้างเอราวัณ	7.50
สถานีฟอกซ์	6.60
สถานีฟ็อกซ์	6.70
สถานีภาคพื้นดินทางบก	7.50
สถานีภาวนา	6.60
สถานีภาษีเจริญ	7.00
สถานีมงกุฎวัฒนะ	7.10
สถานีมหาดไทย	6.80
สถานีมหาวิทยาลัยรามคำแหง	7.50
สถานีมหาวิทยาลัยเกษตรศาสตร์	7.50
สถานีมหาวิทยาลัยแห่งชาติ	7.50
สถานีมักกะสัน	6.90
สถานีมัยลาภ	6.70
สถานีมารีนาเซาท์เพียร์	7.50
สถานีมีนบุรี	6.80
สถานีมีอา	6.50
สถานีมีอาซากอรี	7.10
สถานียมราช	6.60
สถานียศเส	6.50
สถานียูระกุโช	6.90
สถานีย่อย	6.50
สถานีย่อยประเทศฝรั่งเศส	7.50
สถานีรถบัสลวิว	7.00
สถานีรถโดยสารประจำทาง	7.50
สถานีรถโดยสารประจำทางลวิว	7.50
สถานีรถไฟกบินทร์บุรี	7.50
สถานีรถไฟกบินทร์เก่า	7.50
สถานีรถไฟกระสัง	7.10
สถานีรถไฟกระเบียด	7.30
สถานีรถไฟกรุงเทพ	7.20
สถานีรถไฟกลางซูริก	7.40
สถานีรถไฟกลางดง	7.10
สถานีรถไฟกลางบางซื่อ	7.50
สถานีรถไฟกลางปราก	7.30
สถานีรถไฟกลางมิวนิก	7.50
สถานีรถไฟกลางมึนเชิน	7.50
สถานีรถไฟกลางวอร์ซอ	7.50
สถานีรถไฟกลางฮัมบวร์ค	7.50
สถานีรถไฟกลางเจนไน	7.40
สถานีรถไฟกลางเบอร์ลิน	7.50
สถานีรถไฟกลางเวียนนาแห่งใหม่	7.50
สถานีรถไฟกลางไลพ์ซิก	7.50
สถานีรถไฟกลางไลพ์ซิช	7.50
สถานีรถไฟกะมิชิระตะกิ	7.50
สถานีรถไฟกะเปียด	7.20
สถานีรถไฟกะโดนค้อ	7.30
สถานีรถไฟกันตัง	7.10
สถานีรถไฟกันทรารมย์	7.50
สถานีรถไฟกัมบีร์	7.20
สถานีรถไฟกัวลาลัมเปอร์	7.50
สถานีรถไฟกาญจนบุรี	7.40
สถานีรถไฟการเคหะ	7.20
สถานีรถไฟการเคหะธนบุรี	7.50
สถานีรถไฟกำแพงแสน	7.30
สถานีรถไฟกินซะ	7.00
สถานีรถไฟกุดจิก	7.10
สถานีรถไฟกุมภวาปี	7.30
สถานีรถไฟกุยบุรี	7.20
สถานีรถไฟขอนแก่น	7.20
สถานีรถไฟขุนตาน	7.10
สถานีรถไฟครัสโนยาสค์	7.50
สถานีรถไฟคลองกุย	7.20
สถานีรถไฟคลองขนาน	7.30
สถานีรถไฟคลองขนานจิตร	7.50
สถานีรถไฟคลองขุด	7.20
สถานีรถไฟคลองจัง	7.20
สถานีรถไฟคลองจันดี	7.40
สถานีรถไฟคลองจาก	7.20
สถานีรถไฟคลองตาคด	7.30
สถานีรถไฟคลองตาคต	7.30
สถานีรถไฟคลองต้นไทร	7.50
สถานีรถไฟคลองบางตาล	7.50
สถานีรถไฟคลองปราบ	7.30
สถานีรถไฟคลองปลากด	7.40
สถานีรถไฟคลองพุทรา	7.40
สถานีรถไฟคลองมวน	7.20
สถานีรถไฟคลองมหาสวัสดิ์	7.50
สถานีรถไฟคลองมะพลับ	7.50
สถานีรถไฟคลองยา	7.10
สถานีรถไฟคลองยาง	7.20
สถานีรถไฟคลองละมุง	7.40
สถานีรถไฟคลองวังช้าง	7.50
สถานีรถไฟคลองสูญ	7.20
สถานีรถไฟคลองหลวงแพ่ง	7.50
สถานีรถไฟคลองแงะ	7.20
สถานีรถไฟคลองไทร	7.20
สถานีรถไฟคลองไผ่	7.20
สถานีรถไฟควนหนองคว้า	7.50
สถานีรถไฟควนหินมุ้ย	7.50
สถานีรถไฟควนเนียง	7.30
สถานีรถไฟควนเมา	7.10
สถานีรถไฟคอกควาย	7.20
สถานีรถไฟคะนะซะวะ	7.30
สถานีรถไฟคะมะกุระ	7.30
สถานีรถไฟคะมิชิระตะกิ	7.50
สถานีรถไฟคะวะงุชิโกะ	7.50
สถานีรถไฟคะวะซะกิ	7.30
สถานีรถไฟคันกระได	7.30
สถานีรถไฟคันธุลี	7.20
สถานีรถไฟคั่นกระได	7.40
สถานีรถไฟคาซันสกีมอสโก	7.50
สถานีรถไฟคานาซาวะ	7.30
สถานีรถไฟคามากูระ	7.30
สถานีรถไฟคามิชิราตากิ	7.50
สถานีรถไฟคายาชิมะ	7.30
สถานีรถไฟคาลัมบา	7.20
สถานีรถไฟคาวางูจิโกะ	7.50
สถานีรถไฟคาวาซากิ	7.30
สถานีรถไฟคาโงชิมะจูโอ	7.50
สถานีรถไฟคาโงชิมะชูโอ	7.50
สถานีรถไฟคำสะหวาด	7.30
สถานีรถไฟคิตะเซ็นจุ	7.50
สถานีรถไฟคิตะเซ็นจู	7.50
สถานีรถไฟคิลแมรี	7.20
สถานีรถไฟคีรีรัฐนิคม	7.50
สถานีรถไฟคุมาโมโตะ	7.40
สถานีรถไฟคูมาโมโตะ	7.40
สถานีรถไฟคูริฮามะ	7.30
สถานีรถไฟคูรูเมะ	7.20
สถานีรถไฟงาว	6.80
สถานีรถไฟจรัญสนิทวงศ์	7.50
สถานีรถไฟจอมทอง	7.10
สถานีรถไฟจอร์แดนฮิลล์	7.50
สถานีรถไฟจะนะ	6.90
สถานีรถไฟจักราช	7.10
สถานีรถไฟจัตุรัส	7.20
สถานีรถไฟจันทึก	7.10
สถานีรถไฟจันเสน	7.10
สถานีรถไฟจาการ์ตาโกตา	7.50
สถานีรถไฟจาติเนอการา	7.50
สถานีรถไฟจาตีเนอการา	7.50
สถานีรถไฟจิตรลดา	7.20
สถานีรถไฟจุกเสม็ด	7.30
สถานีรถไฟฉวาง	6.90
สถานีรถไฟฉะเชิงเทรา	7.50
สถานีรถไฟฉัตรปตีศิวาจี	7.50
สถานีรถไฟฉัตรปตีศิวาจีมหาราช	7.50
สถานีรถไฟชลบุรี	7.10
สถานีรถไฟชะม่วง	7.10
สถานีรถไฟชะอำ	6.90
สถานีรถไฟชาได	6.90
สถานีรถไฟชิงโยโกฮามะ	7.50
สถานีรถไฟชินจุกุ	7.20
สถานีรถไฟชินจุกุซันโชเมะ	7.50
สถานีรถไฟชินจูกุ	7.20
สถานีรถไฟชินจูกุซันโจเมะ	7.50
สถานีรถไฟชินจูกุซันโชเมะ	7.50
สถานีรถไฟชินซัปโปะโระ	7.50
สถานีรถไฟชินซัปโปโระ	7.50
สถานีรถไฟชินยัตสึชิโระ	7.50
สถานีรถไฟชินยามางูจิ	7.50
สถานีรถไฟชินอะโอะโมะริ	7.50
สถานีรถไฟชินอาโอโมริ	7.50
สถานีรถไฟชินฮาโกดาเตะโฮกูโตะ	7.50
สถานีรถไฟชินะงะวะ	7.30
สถานีรถไฟชินางาวะ	7.30
สถานีรถไฟชินโคเบะ	7.30
สถานีรถไฟชินโทซุ	7.20
สถานีรถไฟชินโยะโกะฮะมะ	7.50
สถานีรถไฟชินโยโกฮามะ	7.50
สถานีรถไฟชินโอซะกะ	7.40
สถานีรถไฟชินโอซากะ	7.40
สถานีรถไฟชิบะ	6.90
สถานีรถไฟชิบุยะ	7.10
สถานีรถไฟชิบูยะ	7.10
สถานีรถไฟชิมบะชิ	7.20
สถานีรถไฟชิมบาชิ	7.20
สถานีรถไฟชิโรอิชิ	7.30
สถานีรถไฟชุมทางคลองสิบเก้า	7.50
สถานีรถไฟชุมทางฉะเชิงเทรา	7.50
สถานีรถไฟชุมทางตลิ่งชัน	7.50
สถานีรถไฟชุมทางถนนจิระ	7.50
สถานีรถไฟชุมทางทุ่งสง	7.50
สถานีรถไฟชุมทางบัวใหญ่	7.50
สถานีรถไฟชุมทางบางซื่อ	7.50
สถานีรถไฟชุมทางบ้านกลับ	7.50
สถานีรถไฟชุมทางบ้านดารา	7.50
สถานีรถไฟชุมทางบ้านทุ่งโพธิ์	7.50
สถานีรถไฟชุมทางบ้านภาชี	7.50
สถานีรถไฟชุมทางบ้านไผ่นาบุญ	7.50
สถานีรถไฟชุมทางศรีราชา	7.50
สถานีรถไฟชุมทางหนองบัว	7.50
สถานีรถไฟชุมทางหนองปลาดุก	7.50
สถานีรถไฟชุมทางหาดใหญ่	7.50
สถานีรถไฟชุมทางอู่ตะเภา	7.50
สถานีรถไฟชุมทางเขาชีจรรย์	7.50
สถานีรถไฟชุมทางเขาชุมทอง	7.50
สถานีรถไฟชุมทางแก่งคอย	7.50
สถานีรถไฟชุมทางโคกกะเทียม	7.50
สถานีรถไฟชุมพร	7.00
สถานีรถไฟชุมแสง	7.10
สถานีรถไฟช่องลม	7.10
สถานีรถไฟช่องเขา	7.20
สถานีรถไฟช่องแค	7.10
สถานีรถไฟช่องแคบ	7.20
สถานีรถไฟซันตาเมซา	7.40
สถานีรถไฟซับม่วง	7.20
สถานีรถไฟซัปโปะโระ	7.40
สถานีรถไฟซัปโปโระ	7.30
สถานีรถไฟซัลทซ์บวร์ค	7.50
สถานีรถไฟซูคัต	7.00
สถานีรถไฟดงตะขบ	7.10
สถานีรถไฟดงมะกุ	7.10
สถานีรถไฟดอนขุนวิเศษ	7.50
สถานีรถไฟดอนทราย	7.20
สถานีรถไฟดอนธูป	7.10
สถานีรถไฟดอนสงวน	7.20
สถานีรถไฟดอนสีนนท์	7.40
สถานีรถไฟดอนหญ้านาง	7.50
สถานีรถไฟดอนเมือง	7.30
สถานีรถไฟตรอน	6.90
สถานีรถไฟตรัง	6.90
สถานีรถไฟตลาดพลู	7.20
สถานีรถไฟตลาดหนองคาย	7.50
สถานีรถไฟตลาดใหม่ดอนเมือง	7.50
สถานีรถไฟตะพานหิน	7.30
สถานีรถไฟตันจงปาการ์	7.50
สถานีรถไฟตันหยงมัส	7.40
สถานีรถไฟติรานา	7.10
สถานีรถไฟตีมีชออาราเหนือ	7.50
สถานีรถไฟตูตูบัน	7.20
สถานีรถไฟต้นสำโรง	7.30
สถานีรถไฟถนนทรงพล	7.30
สถานีรถไฟถนนฟินเดอร์	7.50
สถานีรถไฟถนนไลม์ลิเวอร์พูล	7.50
สถานีรถไฟถ้ำกระแซ	7.30
สถานีรถไฟทะเลหว้า	7.30
สถานีรถไฟทับกฤช	7.10
สถานีรถไฟทับกวาง	7.20
สถานีรถไฟทับสะแก	7.20
สถานีรถไฟทาชมภู	7.10
สถานีรถไฟทานพอ	7.00
สถานีรถไฟที่วัง	7.10
สถานีรถไฟทุ่งคา	7.10
สถานีรถไฟทุ่งน้ำซึม	7.50
สถานีรถไฟทุ่งบัว	7.20
สถานีรถไฟทุ่งประดู่	7.50
สถานีรถไฟทุ่งมะเม่า	7.50
สถานีรถไฟทุ่งสีทอง	7.40
สถานีรถไฟท่าฉลอม	7.20
สถานีรถไฟท่าฉาง	7.10
สถานีรถไฟท่าชนะ	7.10
สถานีรถไฟท่าช้าง	7.20
สถานีรถไฟท่าทอง	7.10
สถานีรถไฟท่านาแล้ง	7.40
สถานีรถไฟท่าม่วง	7.20
สถานีรถไฟท่าสัก	7.10
สถานีรถไฟท่าฬอ	7.00
สถานีรถไฟท่าฬ่อ	7.10
สถานีรถไฟท่าอากาศยานคันไซ	7.50
สถานีรถไฟท่าอากาศยานนะริตะ	7.50
สถานีรถไฟท่าอากาศยานนาริตะ	7.50
สถานีรถไฟท่าอากาศยานฟูกูโอกะ	7.50
สถานีรถไฟท่าเรือ	7.20
สถานีรถไฟท่าเรือกันตัง	7.50
สถานีรถไฟท่าเรือน้อย	7.50
สถานีรถไฟท่าเรือแหลมฉบัง	7.50
สถานีรถไฟท่าเสา	7.10
สถานีรถไฟท่าแค	7.00
สถานีรถไฟท่าแฉลบ	7.20
สถานีรถไฟท่าแมงลัก	7.40
สถานีรถไฟธนบุรี	7.10
สถานีรถไฟนครชัยศรี	7.40
สถานีรถไฟนครชุมน์	7.30
สถานีรถไฟนครปฐม	7.10
สถานีรถไฟนครราชสีมา	7.50
สถานีรถไฟนครลำปาง	7.30
สถานีรถไฟนครศรีธรรมราช	7.50
สถานีรถไฟนครสวรรค์	7.40
สถานีรถไฟนครหลวงเวียงจันทน์	7.50
สถานีรถไฟนอวีซาด	7.20
สถานีรถไฟนะโงะยะ	7.20
สถานีรถไฟนางาซากิ	7.30
สถานีรถไฟนาชะอัง	7.20
สถานีรถไฟนาทา	6.90
สถานีรถไฟนาบอน	7.00
สถานีรถไฟนาปรือ	7.10
สถานีรถไฟนาป้อ	7.00
สถานีรถไฟนาผักขวง	7.30
สถานีรถไฟนาพู่	7.00
สถานีรถไฟนาม่วง	7.10
สถานีรถไฟนาสาร	7.00
สถานีรถไฟนาเอโบะ	7.20
สถานีรถไฟนาโงยะ	7.10
สถานีรถไฟนิกโก	7.00
สถานีรถไฟนิชิกิโอกะ	7.50
สถานีรถไฟนิปโปริ	7.20
สถานีรถไฟนิปโปะริ	7.30
สถาบันบัณฑิตพัฒนบริหารศาสตร์	6.50
สถาบันเทคโนโลยีพระจอมเกล้าเจ้าคุณทหารลาดกระบัง	6.50
สถิตในดวงใจ	4.70
สทิงพระ	6.30
สน.	5.00
สนธิ ลิ้มทองกุล	6.10
สนม	6.00
สนามกีฬาแห่งชาติ	7.20
สนามชัยเขต	6.60
สนามบินน้ำ	6.60
สนามหลวง	5.40
สนามเป้า	6.40
สนามไชย	6.30
สนุ๊กเกอร์	3.10
สบปราบ	6.20
สบเมย	6.10
สปริง	2.60
สปส.	4.00
สปสช.	4.10
สปอดูมีน	2.90
สปอต	2.50
สปอติฟาย	3.90
สปอตไลต์	2.90
สปอนเซอร์	3.00
สปอนเซอร์ชิป	3.30
สปอยล์	2.70
สปอยเลอร์	3.00
สปอร์	2.60
สปอร์ต	2.70
สปอร์ตยูทิลิตี้	4.10
สปอร์ตไรเดอร์	3.40
สปา	2.50
สปายแวร์	2.90
สปาร์กลิงวอเตอร์	4.20
สปาเกตตี	3.40
สปาเก็ตตี้	3.60
สปินเอาต์	3.00
สปิริต	2.70
สปิเนล	2.70
สปีด	2.50
สปีดโบต	2.80
สป็อต	2.60
สป็อตไลต์	3.00
สฟาลบาร์	6.40
สฟาเลอไรต์	3.10
สฟีน	2.50
สฟีโรโคบอลไทต์	3.50
สภ.	5.00
สภ.ต.	5.10
สภ.อ.	5.10
สภาทนายความ	4.20
สภาพ	1.50
สมรสเท่าเทียม	3.90
สมอ.	4.00
สมอลไทต์	2.90
สมัคร สุนทรเวช	6.00
สมาชิกวุฒิสภา	3.90
สมาชิกสภาผู้แทนราษฎร	4.50
สมาร์ต	3.20
สมาร์ตการ์ด	3.70
สมาร์ตคอนแทร็กต์	4.70
สมาร์ตวอตช์	3.70
สมาร์ตโฟน	3.50
สมาร์ทโฟน	3.50
สมิท	2.50
สมิทซอไนต์	3.10
สมุทรปราการ	8.70
สมุทรสงคราม	8.70
สมุทรสาคร	8.50
สมูทตี้	3.30
สมูทที	2.70
สมเด็จ	6.20
สมเด็จพระกนิษฐาธิราชเจ้า	5.50
สมเด็จพระจักรพรรดิ	5.40
สมเด็จพระนางเจ้าฯ	5.30
สมเด็จพระบรมราชินี	5.40
สมเด็จพระบรมราชินีนาถ	5.50
สมเด็จพระบรมโอรสาธิราชฯ	5.50
สมเด็จพระพันปีหลวง	5.40
สมเด็จพระพุฒาจารย์	6.40
สมเด็จพระราชาคณะ	6.20
สมเด็จพระสังฆราช	6.20
สมเด็จพระอริยวงศาคตญาณ	5.50
สมเด็จพระเจ้าตากสิน	7.50
สมเด็จพุฒาจารย์โต	4.30
สยาม	6.00
สยามบรมราชกุมารี	5.20
สยามพารากอน	4.20
สยามมกุฎราชกุมาร	5.20
สรงน้ำพระ	3.50
สรรคบุรี	6.40
สรรพยา	6.20
สระบุรี	8.30
สระแก้ว	8.30
สระโบสถ์	6.40
สระใคร	6.20
สร้างความมั่นใจ	5.60
สร้างคอม	6.40
สลัด	3.00
สลัดบาร์	3.40
สลิป	2.50
สวดพระอภิธรรม	3.90
สวดอภิธรรม	3.60
สวนกุหลาบ	4.00
สวนกุหลาบวิทยาลัย	4.80
สวนดุสิต	5.40
สวนผึ้ง	6.30
สวนลุมพินี	5.60
สวนสุนันทา	5.60
สวนหลวง	6.30
สวรรคต	0.50
สวรรคโลก	6.40
สวรรณคต	0.50
สวัสดิการถ้วนหน้า	4.30
สวาซิแลนด์	6.60
สวิตช์	3.20
สวิตซ์	3.20
สวิตเซอร์แลนด์	7.00
สวิสเซอร์แลนด์	3.50
สวี	6.00
สวีต	2.50
สวีเดน	6.20
สว่างวีระวงศ์	6.90
สว่างอารมณ์	6.70
สว่างแดนดิน	6.70
สสส.	4.00
สหประชาชาติ	5.70
สหภาพยุโรป	5.60
สหรัฐอาหรับเอมิเรตส์	7.50
สหรัฐอเมริกา	6.80
สหราชอาณาจักร	6.90
สหัสขันธ์	6.50
สอง	6.00
สองพี่น้อง	6.60
สองแคว	6.20
สอบคำให้การ	5.20
สอบปากคำ	4.90
สอยดาว	6.20
สะบ้าย้อย	6.50
สะพานกระจกจางเจียเจี้ย	6.00
สะพานกรุงธน	5.20
สะพานกรุงธนบุรี	5.60
สะพานกรุงเทพ	5.30
สะพานกลีนิคเคอ	5.50
สะพานกษัตริย์ศึก	5.70
สะพานกาญจนาภิเษก	5.70
สะพานกีซูนา	5.20
สะพานก๊น	4.90
สะพานขอม	4.90
สะพานขาดข้ามแม่น้ำยาลู่	6.00
สะพานขาว	4.90
สะพานขึง	4.90
สะพานขึงคู่ขนานพระรามเก้า	6.00
สะพานข้ามทะเลอ่าวหังโจว	6.00
สะพานข้ามอ่าวหังโจว	6.00
สะพานข้ามอ่าวหางโจว	6.00
สะพานควาย	6.50
สะพานชมัยมรุเชฐ	6.10
สะพานตากสิน	6.70
สะพานนนทบุรี	5.30
สะพานนวลฉวี	5.20
สะพานนั่งเกล้า	7.00
สะพานพระนั่งเกล้า	7.30
สะพานพระปกเกล้า	5.60
สะพานพระปิ่นเกล้า	5.80
สะพานพระรามแปด	5.50
สะพานพุทธ	5.00
สะพานภูมิพล	5.20
สะพานมัฆวานรังสรรค์	6.50
สะพานสูง	6.40
สะพานใหม่	6.50
สะวันนา	2.80
สะเดา	6.10
สะเดาะเคราะห์	3.90
สะเมิง	6.20
สักยันต์	3.40
สังกะสี	2.80
สังขละบุรี	6.60
สังขะ	6.10
สังคม	6.10
สัญญากู้ยืมเงิน	4.60
สัญญาจะซื้อจะขาย	4.70
สัญญาจ้างทำของ	4.50
สัญญาจ้างแรงงาน	4.60
สัญญาซื้อขาย	4.30
สัญญาซื้อขายล่วงหน้า	5.00
สัญญาเช่า	4.00
สัตหีบ	6.20
สันกำแพง	6.40
สันติสุข	6.40
สันทราย	6.30
สันป่าตอง	6.50
สับ	1.50
สับมาก	1.50
สับละเอียด	1.50
สัปดาห์	0.50
สัปดาห์น	0.50
สัมนา	0.50
สัมพันธวงศ์	6.70
สัมมนา	2.70
สั่งการ	4.80
สั่งซื้อ	4.90
สั่งฟ้อง	3.90
สั่งไม่ฟ้อง	4.20
สากเหล็ก	6.40
สาทร	6.00
สาทรเหนือ	5.00
สาทรใต้	4.80
สาธารณรัฐคองโก	7.00
สาธารณรัฐมาซิโดเนีย	7.50
สาธารณรัฐเช็ก	6.90
สาธารณรัฐแอฟริกากลาง	7.50
สาธารณรัฐโดมินิกัน	7.40
สาธิต มศว	4.00
สาธิตจุฬาลงกรณ์มหาวิทยาลัย	5.00
สาธิตจุฬาฯ	4.10
สาธิตปทุมวัน	4.30
สาธิตประสานมิตร	4.60
สาธิตเกษตร	4.10
สาบสูญ	3.70
สาปสูญ	0.50
สามง่าม	6.30
สามชัย	6.20
สามชุก	6.20
สามพราน	6.30
สามยอด	6.20
สามย่าน	6.30
สามร้อยยอด	6.60
สามัคคี	6.30
สามเงา	6.20
สามเสน	6.20
สามเสนวิทยาลัย	4.50
สามแยกบางใหญ่	6.90
สามโก้	6.20
สามโคก	6.20
สายบุรี	6.30
สายปัญญา	3.90
สายมู	3.10
สายลวด	6.20
สายหยุด	6.30
สายเอเชีย	5.00
สายแลน	3.20
สายไหม	6.20
สารภี	6.10
สารหนู	2.70
สาริกาลิ้นทอง	3.90
สาวดะเตะ	2.90
สำนักงานคณะกรรมการการเลือกตั้ง	6.50
สำนักงานคณะกรรมการกำกับหลักทรัพย์และตลาดหลักทรัพย์	6.50
สำนักงานคณะกรรมการป้องกันและปราบปรามการทุจริตแห่งชาติ	6.50
สำนักงานตำรวจแห่งชาติ	6.50
สำนักงานประกันสังคม	6.50
สำนักงานปลัดกระทรวง	6.50
สำนักงานอัยการสูงสุด	6.50
สำโรง	6.10
สำโรงทาบ	6.40
สิงคโปร์	6.40
สิงหนคร	6.30
สิงห์บุรี	8.50
สิชล	6.00
สิทธิครอบครอง	4.40
สิทธิความเท่าเทียม	4.40
สิทธิชุมชน	3.60
สิทธิบัตรทอง	3.80
สิทธิพลเมือง	3.80
สิทธิมนุษยชน	3.80
สิทธิสตรี	3.50
สิทธิเรียกร้อง	4.50
สิทธิเสรีภาพ	3.80
สิทธิแรงงาน	3.70
สินทรัพย์	4.00
สินสมรส	3.80
สินส่วนตัว	4.10
สินเชื่อ	3.90
สินเชื่อบ้าน	4.30
สินเชื่อรถยนต์	4.50
สินเชื่อส่วนบุคคล	4.80
สินไหมทดแทน	4.20
สิรินธร	6.30
สิเกา	6.10
สิ่งแวดล้อม สังคม และบรรษัทภิบาล	4.50
สีคิ้ว	6.20
สีชมพู	6.20
สีดา	6.00
สีผึ้ง	3.20
สีลม	6.00
สืบพยาน	3.80
สืบพยานจำเลย	4.30
สืบพยานโจทก์	4.30
สืบสวน	4.70
สืบสวนขยายผล	5.30
สืบสวนสอบสวน	5.30
สุกี้ตี๋น้อย	4.30
สุกี้ยากี้	3.60
สุกี้เอ็มเค	4.20
สุขสำราญ	6.40
สุขุมวิท	6.40
สุคิริน	6.30
สุทธิสาร	6.40
สุนทรภู่	5.40
สุพรรณบุรี	8.60
สุรวงศ์	4.80
สุรศักดิ์	6.50
สุราษฎร์ธานี	8.80
สุรินทร์	8.40
สุวรรณคูหา	6.60
สุวรรณภูมิ	6.60
สุโขทัย	8.30
สุโขทัยธรรมาธิราช	6.30
สุไหงปาดี	6.50
สุ่มกาชา	2.90
สูงเนิน	6.30
สูงเม่น	6.30
สูจิบัตร	0.50
สูตินรีแพทย์	4.30
สูติบัตร	0.50
สู่ขวัญ	3.30
สู่ขิต	1.50
สเกต	2.50
สเกตช์	2.70
สเตจ	2.50
สเตชันแวกอน	3.70
สเตซี่	2.70
สเตซี่ย์	2.90
สเตนเลส	2.80
สเตนเลสสตีล	3.20
สเตป	2.50
สเตฟาไนต์	3.00
สเตย์	2.60
สเตรนไจต์	3.00
สเตร็ปโทค็อกคัส	3.60
สเตลเลอไรต์	3.20
สเตอรอล	2.80
สเตอร์มาไนต์	3.30
สเตโกซอรัส	3.10
สเต็ก	3.10
สเต็ป	2.60
สเต็มเซลล์	4.10
สเต๊ก	3.10
สเปก	2.50
สเปกตรัม	2.90
สเปกโทรสโกป	3.20
สเปค	2.50
สเปน	6.00
สเปรย์	2.70
สเปสซาร์ทีน	3.20
สเปสซาร์ไทต์	3.30
สเปอร์ริไลต์	3.30
สเปอร์ไรต์	3.10
สเป็ก	2.60
สเป็ค	2.60
สเมกไทต์	2.90
สเลต	2.50
สเวต	2.50
สเวตเตอร์	3.00
สเวนเซ่นส์	4.10
สแกน	3.00
สแกนสมอง	3.90
สแกนเดียม	3.00
สแกนเนอร์	3.00
สแกมเมอร์	3.00
สแกโพไลต์	3.00
สแคร์โคร์ว	3.10
สแควร์รูต	3.00
สแตนดาร์ด	3.00
สแตนดี	2.70
สแตนด์	2.70
สแตนเดิร์ด	3.10
สแตนไนต์	2.90
สแตฟ	2.50
สแตมป์	2.70
สแนป	2.50
สแปนโกไลต์	3.10
สแปม	2.50
สแล็ก	2.60
สแวนเบอร์ไจต์	3.40
สโตน	3.00
สโตรโบสโคป	3.10
สโนว์บอร์ด	3.10
สโลวาเกีย	6.50
สโลวีเนีย	6.50
สไกป์	2.60
สไตลิสต์	2.90
สไตล์	2.60
สไปก์	2.60
สไปซี	2.60
สไปรต์	3.20
สไปโนซอรัส	3.10
สไลซ์	2.60
สไลด์	2.60
ส่งตัว	4.70
ส่งต่อ	4.70
ส่งมอบ	4.70
ส่วนของผู้ถือหุ้น	4.80
ส่วนลด	2.70
ส่วนใหญ่	4.40
ส่องดาว	6.30
หนองกี่	6.30
หนองกุงศรี	6.60
หนองขาหย่าง	6.70
หนองคาย	8.30
หนองจอก	6.30
หนองจิก	6.30
หนองฉาง	6.30
หนองนาคำ	6.40
หนองบัว	6.30
หนองบัวระเหว	6.80
หนองบัวลำภู	8.70
หนองบัวแดง	6.60
หนองบุญมาก	6.60
หนองปรือ	6.40
หนองพอก	6.30
หนองมะโมง	6.50
หนองม่วง	6.40
หนองม่วงไข่	6.70
หนองวัวซอ	6.50
หนองสองห้อง	6.70
หนองสูง	6.30
หนองหงส์	6.40
หนองหญ้าปล้อง	6.90
หนองหญ้าไซ	6.60
หนองหาน	6.30
หนองหิน	6.30
หนองฮี	6.20
หนองเรือ	6.40
หนองเสือ	6.40
หนองแขม	6.30
หนองแค	6.20
หนองแซง	6.30
หนองแสง	6.30
หนองโดน	6.30
หนองใหญ่	6.40
หนองไผ่	6.30
หนี้	3.50
หนี้ครัวเรือน	4.40
หนี้สาธารณะ	4.20
หนี้สิน	3.80
หนี้เสีย	3.90
หน้าชา	1.50
หมอชิต	6.20
หมากทุย	3.30
หมายค้น	3.80
หมายจับ	3.80
หมายเรียก	4.00
หมู่เกาะคุก	6.70
หมู่เกาะนอร์เทิร์นมาเรียนา	7.50
หมู่เกาะบริติชเวอร์จิน	7.50
หมู่เกาะพิตแคร์น	7.20
หมู่เกาะฟอล์กแลนด์	7.40
หมู่เกาะมาร์แชลล์	7.30
หมู่เกาะเคย์แมน	7.10
หมู่เกาะเติกส์และหมู่เกาะเคคอส	7.50
หมู่เกาะเวอร์จินของสหรัฐอเมริกา	7.50
หมู่เกาะแฟโร	6.80
หมู่เกาะโคโคส	6.90
หมู่เกาะโซโลมอน	7.10
หม่อมราชวงศ์	5.80
หม่อมหลวง	5.50
หม่อมเจ้า	5.50
หม้อแกง	1.50
หยก	2.50
หยอด	1.50
หยากใย่	0.50
หยากไย่	0.50
หยุดกี่โมง	1.50
หรือเปล่า	4.50
หรือไม่	4.30
หลงใหล	0.50
หลงไหล	0.50
หลบหนี	4.70
หลวงปู่ทวด	3.60
หลวงปู่ศุข	3.60
หลวงปู่โต๊ะ	3.70
หลวงพ่อคูณ	3.60
หลวงพ่อทวด	3.60
หลวงพ่อเกษม	3.70
หลวงพ่อเงิน	3.70
หลวงพ่อเดิม	3.70
หลวงพ่อโต	3.50
หลวงพ่อโสธร	3.70
หลอดเลือด	3.00
หลอดเลือดสมอง	4.40
หลักทรัพย์ประกัน	4.70
หลักประกัน	4.10
หลักประกันสุขภาพถ้วนหน้า	4.50
หลักสอง	6.30
หลักสี่	6.30
หลักหก	6.20
หลังจาก	4.30
หลังจากนั้น	4.70
หลังสวน	6.30
หลานหลวง	4.90
หลุดสปอยล์	3.10
หลุดเรท	2.80
หลุมฝังกลบขยะ	3.90
หลุยส์	2.70
หล่มสัก	6.30
หล่มเก่า	6.40
หล่อเท่	1.50
หวีด	2.50
หว่านล้อม	0.50
หว้านใหญ่	6.50
หอบหืด	3.70
หอผู้ป่วย	4.00
หอวัง	3.60
หักเกราะ	2.90
หันคา	6.10
หัวจะปวด	1.50
หัวชาร์จ	3.40
หัวตะพาน	6.40
หัวร้อน	2.80
หัวลำโพง	6.40
หัวหมาก	6.30
หัวหิน	6.20
หัวใจวาย	3.90
หัวใจเต้นผิดจังหวะ	4.90
หัวไทร	6.20
หางดง	6.10
หาดสำราญ	6.40
หาดใหญ่	6.30
หาเสียง	4.80
หุ้น	3.50
หุ้นกู้	3.80
หุ้นบุริมสิทธิ	4.50
หุ้นสามัญ	4.00
ห้วยกระเจา	6.60
ห้วยขวาง	6.40
ห้วยคต	6.20
ห้วยทับทัน	6.60
ห้วยผึ้ง	6.40
ห้วยยอด	6.30
ห้วยราช	6.30
ห้วยเม็ก	6.40
ห้วยแถลง	6.40
ห้องฉุกเฉิน	4.20
ห้างฉัตร	6.40
ห้าแยกลาดพร้าว	7.00
องครักษ์	6.40
องค์การกระจายเสียงและแพร่ภาพสาธารณะแห่งประเทศไทย	6.50
องค์การบริหารส่วนจังหวัด	6.50
องค์การบริหารส่วนตำบล	6.50
องค์การอนามัยโลก	6.20
องค์การเภสัชกรรม	6.20
องศาเซลเซียส	4.80
อนาคอนดา	2.90
อนาล็อก	3.30
อนิเมะ	2.70
อนึ่ง	4.10
อนุญาต	0.50
อนุญาติ	0.50
อนุทิน ชาญวีรกูล	6.20
อนุพันธ์	3.90
อนุมัต	0.50
อนุมัติ	0.50
อนุสาวรีย์ชัยสมรภูมิ	7.50
อนุสาวรีย์ประชาธิปไตย	6.50
อบจ.	5.00
อบต.	5.00
อภิปรายทั่วไป	3.90
อภิปรายไม่ไว้วางใจ	4.40
อภิสิทธิ์ เวชชาชีวะ	6.50
อมก๋อย	6.20
อย.	4.00
อยุธยา	8.20
อยู่แล้ว	4.40
อย่าขิง	1.50
อย่างไรก็ดี	4.70
อย่างไรก็ตาม	4.80
อรัญประเทศ	6.60
อลิซ	2.50
อลิซาเบธ	2.90
อลิส	2.50
อลิสซาเบธ	3.00
อลิสัน	2.70
อวทาร์	2.70
อวย	1.50
อวยยศ	1.50
อวยเรือ	2.80
อสส.	5.00
ออกซิเจน	2.90
ออกซิเจนในเลือด	4.60
ออกซิเดชัน	3.10
ออกพรรษา	3.40
ออกหมายจับ	5.10
ออกหมายเรียก	5.30
ออกไซด์	2.80
ออตเทรไลต์	3.10
ออตโต	2.60
ออตโต้ทรี	3.50
ออทิสติก	3.90
ออทูไนต์	2.90
ออนซอน	1.50
ออนซ์	2.60
ออนไลน์	3.30
ออบเจกต์	3.40
ออปชัน	3.70
ออปติซอร์บ	3.10
ออฟฟิซ	2.70
ออฟฟิต	0.50
ออฟฟิศ	2.70
ออฟเฟรไทต์	3.10
ออฟเลน	2.70
ออฟไลน์	2.80
ออมฟาไซต์	3.00
ออราเคิล	2.90
ออริคาลไซต์	3.20
ออร์กาไนเซอร์	3.40
ออร์บิต	2.80
ออร์พิเมนต์	3.20
ออร์เซไลต์	3.10
ออร์เดอร์	3.00
ออร์แกนิก	3.00
ออร์แกนิค	3.00
ออร์แกไนเซอร์	3.40
ออร์โทเคลส	3.10
ออร์ไทต์	2.90
ออล	2.50
ออลดริน	2.80
ออสทิไนต์	3.00
ออสบอร์ไนต์	3.20
ออสเตรีย	6.40
ออสเตรเลีย	6.60
ออสเตรเลียนแอนตาร์กติกเทร์ริทอรี	7.50
ออสเมียม	2.90
ออเจไลต์	2.90
ออโต	3.00
ออโต้แอตแทก	3.20
ออไจต์	2.70
อะกัลมาโทไลต์	3.40
อะคริลิก	2.90
อะความารีน	3.10
อะซิงโครนัส	3.70
อะซูร์มาลาไคต์	3.50
อะซูไรต์	2.90
อะดรีนัล	2.90
อะดรีนาลิน	3.10
อะดอนิส	2.80
อะดูลาเรีย	3.10
อะตอม	2.60
อะทาคาไมต์	3.10
อะนอร์โทเคลส	3.30
อะนอร์ไทต์	3.10
อะนาลไซต์	3.00
อะนาลไซม์	3.00
อะนาเทส	2.80
อะนิว	2.60
อะนีเมีย	2.90
อะนู	2.50
อะพาร์ตเมนต์	3.30
อะพาไทต์	2.90
อะมีบา	2.70
อะม็อกซิซิลลิน	3.50
อะม็อกซีซิลลิน	4.50
อะราบิกา	2.90
อะราโกไนต์	3.10
อะลอง	2.60
อะลัม	2.60
อะลาบาสเตอร์	3.30
อะลาแบนไดต์	3.20
อะลูมิเนียม	3.20
อะลูไนต์	2.90
อะเกต	2.60
อะเซทิลีน	3.00
อะเดล	2.60
อะเมซิง	2.80
อะเมริเซียม	3.20
อะเลกซานไดรต์	3.40
อะเวนจูรีน	3.10
อะแควเรียม	3.10
อะแควเรียส	3.10
อะแด็ปเตอร์	3.20
อะแพชี	2.70
อะแพโทซอรัส	3.20
อะแมลกัม	2.90
อะโกโกเบล	3.00
อะโครไอต์	3.00
อะโซโพรไอต์	3.20
อะโดนิส	2.80
อะโดบี	2.70
อะโพฟิลไลต์	3.20
อะโรมา	2.70
อะโลน	2.60
อะไรส์	2.70
อังกฤษ	6.20
อังสตรอม	2.90
อัณฑะ	3.60
อัตราดอกเบี้ย	4.40
อัตราผลตอบแทน	4.40
อัตราสิ้นเปลือง	4.10
อัตราเงินเฟ้อ	4.40
อัธยาศัย	0.50
อัธยาศัยล์	0.50
อันดอร์รา	6.50
อัปเกรด	3.30
อัปเดต	3.20
อัปโหลด	3.30
อัพเกรด	2.80
อัพเดต	2.70
อัพเดท	2.70
อัพโหลด	2.80
อัฟกานิสถาน	6.70
อัมพวา	6.20
อัยการสูงสุด	4.30
อัลกอริทึม	3.60
อัลกอริทึ่ม	3.70
อัลคาไลน์	3.00
อัลตราซาวด์	4.20
อัลตราซาวนด์	3.30
อัลตราไวโอเลต	3.40
อัลตร้าไวด์	3.20
อัลติ	2.60
อัลติส	3.20
อัลติเมต	2.90
อัลทิมา	3.30
อัลบั้ม	2.80
อัลปากา	2.80
อัลฟาร์ด	3.40
อัลฟ่า	2.70
อัลลอย	2.70
อัลล์มันไนต์	3.30
อัลเบิร์ดไอน์สไตน์	3.90
อัลเมร่า	3.40
อัสกี	3.10
อัสสัมชัญ	4.00
อัสสัมชัญคอนแวนต์	4.80
อัสสัมชัญธนบุรี	4.60
อาการ์	2.70
อากาศอำนวย	6.60
อาควา	2.60
อาจสามารถ	6.50
อาซาร์	2.70
อาญาแผ่นดิน	4.20
อานันท์ ปันยารชุน	6.30
อาบิเกล	2.80
อาฟเตอร์	2.90
อามอนด์	2.80
อายัด	3.60
อายุความ	3.90
อายุรแพทย์	4.10
อารบิก	2.70
อารีย์	6.20
อารูบา	6.20
อาร์ก	2.60
อาร์กติก	2.90
อาร์กอน	2.80
อาร์คีอ็อปส์เทริกซ์	4.00
อาร์จิโรไดต์	3.30
อาร์ต	2.60
อาร์ทิไนต์	3.10
อาร์ฟเวดโซไนต์	3.50
อาร์ม	2.60
อาร์มิเจอร์	3.20
อาร์มีเนีย	6.60
อาร์มแชร์	3.00
อาร์เคน	2.80
อาร์เจนตินา	6.70
อาร์เจนโทไพไรต์	3.60
อาร์เจนไทต์	3.20
อาร์เซนต์ซูเมไบต์	3.80
อาร์เซนัล	3.00
อาร์เซนิก	3.00
อาร์เซโนไพไรต์	3.50
อาร์เซโนไลต์	3.30
อาร์เทอไรต์	3.20
อาร์เมอร์	3.00
อาร์แคไนต์	3.10
อาร์โก	2.70
อาร์โกต์	2.90
อาลดริน	2.80
อาลมอนด์	2.90
อาลาการ์ต	3.00
อาเซติคแอนไฮไดรด์	3.80
อาเซติลคลอไรด์	3.50
อาเซอร์ไบจาน	6.80
อาเซียน	5.30
อาเมน	2.60
อาเรีย	2.70
อาแคนไทต์	3.00
อาแรบิกา	2.90
อาโวคาโด	3.40
อำนาจเจริญ	8.60
อิกซิโอไลต์	3.20
อิกวานา	2.80
อิกวาโนดอน	3.10
อิดดิงไซต์	3.10
อิดิชัน	2.80
อิตาลี	6.20
อิตเทรียม	3.00
อิตเทอร์เบียม	3.40
อิตโทรแทนทาไลต์	3.60
อิน	1.50
อินจอย	2.70
อินซูลิน	2.90
อินดัสตรี	3.00
อินดิเคเตอร์	3.30
อินดิโกไลต์	3.20
อินดิโคไลต์	3.20
อินทราเน็ต	3.10
อินทร์บุรี	6.60
อินบอกซ์	2.90
อินบ็อกซ์	3.00
อินฟราเรด	3.00
อินฟลูเอนเซอร์	3.50
อินมาก	1.50
อินสตาแกรม	3.10
อินเดอร์บอไรต์	3.50
อินเดอไรต์	3.10
อินเดีย	6.30
อินเดียม	2.90
อินเตอร์คอม	3.20
อินเตอร์เน็ต	3.30
อินเตอร์เฟส	3.20
อินเทล	2.70
อินเทอร์พรีเตอร์	4.20
อินเทอร์เน็ต	3.80
อินเทอร์เน็ตแบงก์กิ้ง	5.00
อินเทอร์เฟซ	3.70
อินเนอร์	2.90
อินโดนีเซีย	6.70
อินโฟกราฟิก	3.20
อินโยไอต์	3.00
อิมพัลส์	2.90
อิมมิวโนโกลบิวลิน	3.80
อิมัลชัน	2.90
อิมเมจ	2.70
อิมแพ็คเมืองทองธานี	7.50
อิรัก	6.10
อิริเดียม	3.00
อิลวาไอต์	3.00
อิลเมไนต์	3.00
อิลไลต์	2.80
อิสรภาพ	6.30
อิสราเอล	6.40
อิหม่าม	2.80
อิหร่าน	6.30
อิเควทอเรียลกินี	7.20
อิเซไก	2.70
อิเนไซต์	2.90
อิเล็กตรอน	3.10
อิเล็กทรอนิกส์	3.50
อิเล็กโทน	3.00
อิเล็คทรอนิกส์	3.50
อิเวนต์	2.80
อิแลสโมซอรัส	3.30
อีคอมเมิร์ซ	3.20
อีจิรีน	2.80
อีจิส	2.60
อีจิไรต์	2.90
อีซูซุ	3.70
อีนาร์ไกต์	3.10
อีบุ๊ก	2.70
อียิปต์	6.30
อีริโทรไมซิน	3.30
อีริโอไนต์	3.10
อีริไทรต์	3.00
อีสปอร์ต	2.90
อีสเตอร์	2.90
อีออน	2.60
อีเดไนต์	2.90
อีเทอร์	2.80
อีเธอเรียม	4.10
อีเบย์	2.70
อีเมล	3.10
อีเมลล์	2.80
อีเมล์	2.70
อีเลกทรัม	3.00
อีเลิร์นนิง	3.20
อีเวนต์	2.80
อีเอสจี	3.30
อีแมกะซีน	3.00
อีโอสฟอไรต์	3.20
อุซเบกิสถาน	6.70
อุดมสุข	6.30
อุดรธานี	8.40
อุด้ง	3.10
อุตรดิตถ์	8.50
อุทธรณ์	3.80
อุทยานแห่งชาติดอยอินทนนท์	6.50
อุทยานแห่งชาติเขาใหญ่	6.50
อุทัย	6.10
อุทัยธานี	8.50
อุทิศส่วนกุศล	3.90
อุทุมพรพิสัย	6.80
อุบลรัตน์	6.50
อุบลราชธานี	8.70
อุปสมบท	3.30
อุรุกวัย	6.40
อุ้มผาง	6.30
อูบุนตู	2.80
อูราลบอไรต์	3.20
อูราไลต์	2.90
อูวาโรไวต์	3.10
อู่ทอง	6.20
อเดลล์	2.70
อเมซอน	3.70
อเมริกันซามัว	6.90
อเมริกันฟุตบอล	3.50
อเมริกาโน	3.50
อโดบี	2.60
อโศก	6.00
อ็อปชัน	2.80
อ่อนนุช	6.30
อ่างทอง	8.30
อ่าวนาง	6.30
อ่าวลึก	6.30
ฮวงจุ้ย	3.30
ฮอกกี้	2.70
ฮอด	6.00
ฮอดจ์คินซอไนต์	3.50
ฮอตสปอต	3.30
ฮอทดอก	3.20
ฮอนดูรัส	6.40
ฮอนด้า	3.70
ฮอป	2.50
ฮอยน์	2.60
ฮอยไนต์	2.80
ฮอร์นเบลนด์	3.20
ฮอร์โมน	2.80
ฮอลลีวูด	2.90
ฮอลันดา	2.80
ฮอลแลนด์	2.90
ฮอลแลนไดต์	3.10
ฮอโลแกรม	2.90
ฮังการี	6.30
ฮันนีมูน	2.90
ฮันนี่โทสต์	3.70
ฮันไทต์	2.80
ฮับ	2.50
ฮัสบันโดะ	3.00
ฮัสเซียม	2.90
ฮั่น	2.50
ฮานอย	6.10
ฮาร์ดดิสก์	3.60
ฮาร์ดิสโทไนต์	3.40
ฮาร์ดแวร์	3.50
ฮาร์ดไดรฟ์	3.60
ฮาร์ต	2.60
ฮาร์โมโทม	3.00
ฮาลลอยไซต์	3.10
ฮาลโลวีน	2.90
ฮาวาย	2.60
ฮาวาล	3.10
ฮาวาลเอชหก	3.60
ฮาวาลโจไลออน	3.80
ฮาวไลต์	2.80
ฮาห์เนียม	3.00
ฮาเก้นดาส	4.00
ฮาเร็ม	2.70
ฮาโรลด์	2.80
ฮาโลวีน	2.80
ฮิดเดไนต์	3.00
ฮิตาชิ	3.70
ฮินส์ดาไลต์	3.20
ฮิปฮอป	2.70
ฮิปโปโปเตมัส	3.30
ฮิพฮอพ	2.70
ฮิวแลนไดต์	3.10
ฮิวโรไลต์	3.00
ฮิวไมต์	2.80
ฮิสทรี	2.70
ฮิสทีเรีย	3.00
ฮีมาทีน	2.80
ฮีมาไทต์	2.90
ฮีล	2.50
ฮีลิโอโทรป	3.10
ฮีเซลวูไดต์	3.20
ฮีเลียม	2.80
ฮีเวลไลต์	3.00
ฮีโร	2.50
ฮุนได	3.60
ฮ่องกง	6.20
ุโพสต์	2.70
เกตเวย์	2.80
เกม	3.00
เกมกระดาน	3.00
เกมมิ่ง	2.80
เกมส์	3.10
เกมเพลย์	2.90
เกมโชว์	3.30
เกย์ลุสไซต์	3.20
เกราไทต์	2.90
เกรเนดา	6.30
เกรแฮม	2.70
เกลาเบอไรต์	3.20
เกลือ	2.60
เกษตรวิสัย	6.60
เกษตรศาสตร์	5.70
เกษตรสมบูรณ์	6.80
เกษียณ	0.50
เกษียน	0.50
เกอร์สดอร์ฟไฟต์	3.60
เกอไทต์	2.80
เกาต์	2.60
เกาลิน	2.70
เกาหลีเหนือ	6.70
เกาหลีใต้	6.50
เกาะกูด	6.30
เกาะคริสต์มาส	6.90
เกาะคา	6.20
เกาะจันทร์	6.60
เกาะช้าง	6.40
เกาะนอร์ฟอล์ก	6.90
เกาะบูเวต	6.50
เกาะพะงัน	6.50
เกาะยาว	6.30
เกาะลันตา	6.50
เกาะล้าน	6.40
เกาะสมุย	6.40
เกาะสีชัง	6.50
เกาะเซาท์จอร์เจียและหมู่เกาะเซาท์แซนด์วิช	7.50
เกาะเต่า	6.40
เกาะเล็กรอบนอกของสหรัฐอเมริกา	7.50
เกาะเสม็ด	6.50
เกาะเฮิร์ดและหมู่เกาะแมกดอนัลด์	7.50
เกาะแมน	6.30
เกิดเหตุเพลิงไหม้	5.80
เกิดใหม่ต่างโลก	3.60
เกินต้าน	1.50
เกิร์นซีย์	6.60
เกียร์	2.70
เกียวโต	6.30
เกี๊ยวซ่า	3.50
เก้าเลี้ยว	6.60
เขตคลองสาน	6.60
เขตคลองสามวา	6.80
เขตคลองเตย	6.60
เขตคันนายาว	6.70
เขตจตุจักร	6.60
เขตจอมทอง	6.50
เขตดอนเมือง	6.70
เขตดินแดง	6.50
เขตดุสิต	6.40
เขตตลิ่งชัน	6.70
เขตทวีวัฒนา	6.70
เขตทุ่งครุ	6.60
เขตธนบุรี	6.50
เขตบางกอกน้อย	6.90
เขตบางกอกใหญ่	6.90
เขตบางกะปิ	6.60
เขตบางขุนเทียน	7.00
เขตบางคอแหลม	6.80
เขตบางซื่อ	6.60
เขตบางนา	6.40
เขตบางบอน	6.50
เขตบางพลัด	6.60
เขตบางรัก	6.50
เขตบางเขน	6.50
เขตบางแค	6.40
เขตบึงกุ่ม	6.60
เขตปทุมวัน	6.60
เขตประเวศ	6.50
เขตป้อมปราบศัตรูพ่าย	7.50
เขตพญาไท	6.40
เขตพระนคร	6.50
เขตพระโขนง	6.60
เขตภาษีเจริญ	6.80
เขตมีนบุรี	6.60
เขตยานนาวา	6.60
เขตราชเทวี	6.60
เขตราษฎร์บูรณะ	7.00
เขตลาดกระบัง	6.80
เขตลาดพร้าว	6.70
เขตวังทองหลาง	6.90
เขตวัฒนา	6.40
เขตสวนหลวง	6.60
เขตสะพานสูง	6.70
เขตสัมพันธวงศ์	7.00
เขตสาทร	6.30
เขตสายไหม	6.50
เขตหนองจอก	6.60
เขตหนองแขม	6.60
เขตหลักสี่	6.60
เขตห้วยขวาง	6.70
เขตเลือกตั้ง	3.80
เขมราฐ	6.20
เขวาสินรินทร์	6.90
เขาคิชฌกูฏ	6.60
เขาค้อ	6.20
เขาฉกรรจ์	6.50
เขาชะเมา	6.40
เขาชัยสน	6.40
เขาพนม	6.20
เขาพระวิหาร	5.70
เขาย้อย	6.30
เขาวง	6.10
เขาสมิง	6.30
เขาสวนกวาง	6.60
เขื่องใน	6.40
เข้าตรวจสอบ	5.20
เข้าพรรษา	3.50
เคจ	2.50
เคซีน	2.60
เคน	2.50
เคนยา	6.10
เคบับ	3.10
เคป	2.50
เคป๊อป	2.70
เคพอน	2.60
เคฟ	2.50
เคมีบำบัด	4.00
เครดิต	2.70
เครดิตบูโร	4.10
เครนเนอไรต์	3.20
เคราเวย์	2.90
เคร์ริจ	2.80
เคร์รี	2.70
เคร์เรียน	3.00
เคร์เรียร์	3.10
เคลนส์	2.70
เคลนเซอร์	3.00
เคลฟ	2.50
เคลม	2.50
เคลย์	2.60
เคลย์มอร์	3.00
เคลริก	2.70
เคลอร์จี	2.90
เคลิร์ก	2.80
เคลี	2.50
เคลียร์	2.80
เควสต์	2.70
เคส	2.50
เคอรี่เอ็กซ์เพรส	4.70
เคอร์ซูไทต์	3.20
เคอร์ฟิว	2.90
เคอร์มิไซต์	3.20
เคอร์เซอร์	3.10
เคอร์เนล	2.90
เคอร์ไนต์	3.00
เคออติก	2.80
เคออส	2.60
เคอเรียร์	3.00
เคานต์ดาวน์	3.20
เคาน์เตอร์	3.10
เคียนซา	6.30
เคเดอร์	2.80
เคเตอริง	2.90
เคเตอร์	2.80
เคเบอร์	2.80
เคเบิล	2.70
เคเอฟซี	3.80
เคโอลิไนต์	3.10
เคไนน์	2.70
เค้ก	3.00
เงิน	2.50
เงินกู้	3.80
เงินด่วน	3.90
เงินต้น	3.80
เงินบำนาญ	4.00
เงินบำเหน็จ	4.20
เงินปันผล	4.00
เงินฝากประจำ	4.30
เงินฝากออมทรัพย์	4.70
เงินอุดหนุนเด็กแรกเกิด	4.50
เงินเฟ้อ	3.90
เจด	2.50
เจดา	2.50
เจดีย์ทราย	3.60
เจตนา	3.60
เจนนิเฟอร์	3.10
เจนีวา	6.20
เจมซอไนต์	3.00
เจริญกรุง	5.00
เจริญนคร	6.40
เจริญศิลป์	6.60
เจอร์ซีย์	6.50
เจอร์เบรา	3.00
เจอร์เมเนียม	3.30
เจาะเลือด	4.00
เจาะไอร้อง	6.60
เจเนอเรชัน	3.10
เจแอนด์ที	4.00
เจไดต์	2.70
เจ้าที่เจ้าทาง	4.00
เจ้าพนักงานบังคับคดี	5.00
เจ้าพนักงานพิทักษ์ทรัพย์	5.00
เจ้าแม่กวนอิม	3.90
เฉลิมพระเกียรติ	7.10
เชงเดไอต์	3.00
เชดดาร์ชีส	3.60
เชน	2.50
เชนจ์	2.60
เชนซอว์	2.80
เชฟ	2.50
เชฟรอน	2.70
เชฟโรเลต	2.90
เชมเบอร์	2.90
เชรับ	2.60
เชริช	2.60
เชริตี	2.70
เชริล	2.60
เชร์รี	2.70
เชลซี	2.60
เชลฟ์	2.60
เชลล์	3.60
เชลแล็ก	2.80
เชลโล	2.60
เชส	2.50
เชสซิไลต์	3.00
เชสต์	2.60
เชสต์นัต	2.90
เชสนัต	2.70
เชสเตอร์	2.90
เชอนีล	2.70
เชอรี่	2.70
เชอร์ชิลล์	3.10
เชอร์มาไคต์	3.20
เชอร์รี่	2.90
เชอร์เบต	2.90
เชอร์ไชต์	3.00
เชิร์ช	2.70
เชิร์ต	2.70
เชิร์น	2.70
เชิร์ป	2.70
เชิ้ต	2.60
เชียงกลาง	6.50
เชียงขวัญ	6.50
เชียงของ	6.40
เชียงคาน	6.40
เชียงคำ	6.30
เชียงดาว	6.40
เชียงม่วน	6.50
เชียงยืน	6.40
เชียงราย	8.40
เชียงแสน	6.40
เชียงใหม่	8.50
เชียรใหญ่	6.50
เชียร์	2.70
เชียร์ลีดเดอร์	3.50
เชเรียต	2.80
เช็ก	6.00
เช็กลิสต์	3.00
เช็กอิน	2.80
เช็กเมต	2.80
เช็ค	2.50
เช็คเงินสด	4.10
เช่นกัน	4.30
เช่นเดียวกัน	4.80
เช่นเดียวกับ	4.80
เซกา	6.00
เซต	2.50
เซนติกรัม	3.00
เซนติพีด	2.90
เซนติลิตร	3.00
เซนติเกรด	3.00
เซนติเมตร	4.50
เซนต์	2.60
เซนต์คาเบรียล	4.40
เซนต์คิตส์และเนวิส	7.40
เซนต์ดอมินิก	4.30
เซนต์ลูเซีย	6.70
เซนต์วินเซนต์และเกรนาดีนส์	7.50
เซนต์เฮเลนา	6.70
เซนต์โยเซฟคอนเวนต์	4.90
เซนทรัม	2.80
เซนทรัล	2.80
เซนทริโน	2.90
เซนทอร์	2.80
เซนาร์มอนไทต์	3.40
เซนเชอรี	2.90
เซนเซอร์	3.40
เซนเซอร์ถอย	3.70
เซนเตอร์	2.90
เซนเฟลไดต์	3.10
เซฟ	2.50
เซย์ยู	2.70
เซรัฟ	2.60
เซรัสไซต์	3.00
เซรามิก	2.80
เซราร์จีไรต์	3.30
เซราโทซอรัส	3.20
เซริโมนี	2.90
เซริไซต์	2.90
เซล	2.50
เซลฟี	2.60
เซลฟี่	2.70
เซลลูลอยด์	3.10
เซลลูโลส	2.90
เซลล์	2.60
เซลส์	2.60
เซลาโดไนต์	3.10
เซลเซียส	2.90
เซลเลไอต์	3.00
เซอรูเลียน	3.10
เซอร์คลิต	3.00
เซอร์คอน	2.90
เซอร์คัส	2.90
เซอร์ซี	2.80
เซอร์ทิฟิเคต	3.30
เซอร์ทิฟิเคิต	3.40
เซอร์เคล็ต	3.10
เซอร์เคิล	3.00
เซอร์เคเดียน	3.30
เซอร์เบอรัส	3.20
เซอร์เบีย	6.50
เซอร์เพนทีน	3.20
เซอร์โคเนีย	3.20
เซอร์โคเนียม	3.30
เซอร์ไพรส์	3.10
เซอแรนไดต์	3.10
เซาตูเมและปรินซิปี	7.40
เซานา	2.60
เซิร์ก	2.70
เซิร์ช	2.70
เซิร์ชชิง	3.00
เซิร์ฟเวอร์	3.70
เซิร์ลไซต์	3.10
เซียนนา	2.80
เซียร์ราลีโอน	6.90
เซียเรียล	3.50
เซี่ยงไฮ้	6.50
เซเชลส์	6.30
เซเนกัล	6.30
เซเน็น	2.70
เซเลบ	2.60
เซเลสไทต์	3.00
เซเลอรี	2.80
เซเลไนต์	2.90
เซเว่นอัพ	3.50
เซเว่นอีเลฟเว่น	4.60
เซ็กซี่	2.80
เซ็กซ์	2.70
เซ็กส์	2.70
เซ็น	0.50
เซ็นชื่อ	0.50
เซ็นต์	0.50
เซ็นต์ชื่อ	0.50
เซ็นทรัล	3.90
เซ็นทรัลพัฒนา	4.40
เซ็นเซอร์	3.50
เดกซ์โทรส	3.00
เดชอุดม	6.30
เดซิลิตร	2.90
เดซิเมตร	2.90
เดดไลน์	2.80
เดต	2.50
เดนมาร์ก	6.40
เดบิวต์	2.80
เดฟออปส์	3.40
เดฟี	3.50
เดย์	2.50
เดรสซิ่ง	3.40
เดลล์	3.60
เดลิเวอรี	3.00
เดสก์ท็อป	3.00
เดสเซิร์ต	3.50
เดส์	2.50
เดอะซีรี่ส์	3.20
เดอะพิซซ่าคอมปะนี	4.80
เดอะมอลล์	4.00
เดอะเดลีเมลล์	3.40
เดิมบางนางบวช	6.90
เดเบียน	2.80
เดโม	2.50
เด็กชาย	5.30
เด็กหญิง	5.40
เด่นชัย	6.30
เตรียมอุดม	4.10
เตรียมอุดมศึกษา	4.60
เตรียมอุดมศึกษาน้อมเกล้า	5.00
เตรียมอุดมศึกษาพัฒนาการ	5.00
เติร์กเมนิสถาน	7.00
เต็นท์	2.70
เต็มคาราเบล	1.50
เต่างอย	6.30
เต้นท์	0.50
เต๊าะ	1.50
เถิน	6.00
เทก	2.50
เทกนิค	2.70
เทกแคร์	2.80
เทกโอเวอร์	3.10
เทคนิก	2.70
เทคนิค	2.70
เทคนิเกิลน็อกเอาต์	3.90
เทคนีเชียม	3.10
เทคโนโลยี	3.00
เททราฮีไดรต์	3.30
เทนนิส	2.70
เทนอไรต์	2.90
เทนาร์ไดต์	3.10
เทนิโอไลต์	3.10
เทนเซ็นต์	3.00
เทนแนนไทต์	3.10
เทป	2.50
เทพรัตน	4.80
เทพศิรินทร์	4.20
เทพสถิต	6.30
เทพา	6.00
เทพารักษ์	6.50
เทมปุระ	3.30
เทมเพลต	2.80
เทมเพล็ต	2.90
เทรด	2.50
เทรน	2.50
เทรนด์	2.70
เทรนนิ่ง	2.90
เทรนเนอร์	3.00
เทรลเลอร์	3.00
เทระไบต์	3.40
เทรุกไกต์	3.00
เทรโมไลต์	3.00
เทลลูเรียม	3.10
เทศกาลกินเจ	3.70
เทศกาลถือศีลกินผัก	4.40
เทอม	2.50
เทอร์คอยส์	3.10
เทอร์เบียม	3.10
เทอร์โมมิเตอร์	3.50
เทอร์โมเนไทรต์	3.50
เทอร์โมไดนามิกส์	3.70
เทามาไซต์	3.00
เทิง	6.00
เทเลโฟโต้	3.00
เทแรโนดอน	3.00
เธียเตอร์	3.00
เนกเคดไบค์	3.10
เนกไท	2.60
เนคเทค	2.70
เนตบอล	2.70
เนติบัณฑิต	4.10
เนติบัณฑิตยสภา	4.50
เนต้า	3.10
เนต้าวี	3.30
เนต้าเอ็กซ์	3.70
เนทรอน	2.70
เนนโดรอยด์	3.10
เนบิวลา	2.80
เนปจูน	2.70
เนปทูเนียม	3.10
เนปทูไนต์	3.00
เนปาล	6.10
เนฟิลีน	2.80
เนยแข็ง	3.30
เนสควิโฮไนต์	3.30
เนินขาม	6.30
เนินมะปราง	6.60
เนินสง่า	6.40
เนิร์ฟ	2.70
เนิร์สเซอรี	3.20
เนียไลต์	2.90
เนื่องจาก	4.50
เนเชอร์	2.80
เนเชอร์สมูท	3.20
เนเธอร์แลนด์	6.80
เนเธอร์แลนด์แอนทิลลีส	7.50
เนโทรไลต์	3.00
เนไครต์	2.80
เนไฟรต์	2.80
เน็กไท	2.70
เน็ตซีโร่	3.50
เน็ตบุ๊ก	2.90
เน็ตฟลิกซ์	4.10
เน็ตเวิร์ก	3.60
เน็ตไอดอล	3.00
เบก	2.50
เบกเกอร์	2.90
เบคอน	3.10
เบจ	2.50
เบซัล	2.60
เบซิน	2.60
เบซิล	2.60
เบซิส	2.60
เบญจภาคี	3.40
เบญจลักษ์	6.50
เบญจเพศ	0.50
เบญจเพส	0.50
เบด	2.50
เบดรุม	2.70
เบดรูม	2.70
เบดร็อก	2.80
เบต	2.50
เบตง	6.00
เบตา	2.50
เบตาดีน	2.80
เบต้า	2.60
เบน	2.50
เบนช์	2.60
เบนช์มาร์ก	3.10
เบนซีน	2.70
เบนด์	2.60
เบนสตอไนต์	3.10
เบนิดิกต์	3.00
เบนิน	6.10
เบนิฟิต	2.80
เบนิโทไอต์	3.10
เบบี	2.50
เบย์	2.50
เบย์ลโดไนต์	3.20
เบรก	2.50
เบรกดานซ์	3.00
เบรกดาวน์	3.00
เบรกอัตโนมัติ	3.90
เบรกแดนซ์	3.00
เบรค	0.50
เบรซ	2.50
เบรด	3.00
เบรดไลน์	2.90
เบรน	2.50
เบรนสตอร์ม	3.10
เบรฟ	2.50
เบรสต์	2.70
เบระคูดา	2.90
เบราว์เซอร์	3.70
เบราเซอร์	3.50
เบราไนต์	2.90
เบริง	2.60
เบริล	2.60
เบริลเลียม	3.10
เบริลโลไนต์	3.20
เบรี	2.50
เบร์	2.50
เบร์ฟุต	2.80
เบร์รี	3.20
เบร์รีมอร์	3.10
เบร์ฮัก	2.80
เบร์แบ็ก	2.90
เบร์โรว์	2.90
เบล	2.50
เบลช์	2.60
เบลซ	2.50
เบลด	2.50
เบลต์	2.60
เบลนช์	2.70
เบลนด์	2.70
เบลนเดอร์	3.00
เบลบอย	2.70
เบลม	2.50
เบลลี	2.60
เบลส	2.50
เบลสซิง	2.80
เบลอร์	2.70
เบลารุส	6.30
เบลาส์	2.70
เบลีซ	6.10
เบลูกา	2.70
เบลเซอร์	2.90
เบลเยียม	6.40
เบลเยี่ยม	3.00
เบลโลว์	2.80
เบส	2.50
เบสต์	2.60
เบสต์เซลเลอร์	3.40
เบสบอล	2.70
เบสิก	2.60
เบสเมนต์	2.90
เบสไลน์	2.80
เบอร์คีเลียม	3.30
เบอร์ซาร์	3.00
เบอร์ดี	2.80
เบอร์ตี้	2.90
เบอร์ทิไรต์	3.20
เบอร์นิช	2.90
เบอร์มงคล	3.50
เบอร์มิวดา	6.60
เบอร์ลิน	6.40
เบอร์ลิไนต์	3.20
เบอร์เกอร์	3.60
เบอร์เกอไรต์	3.30
เบอร์เซิร์ก	3.20
เบอร์เดนไทต์	3.30
เบอร์เนสไซต์	3.30
เบอร์แทรนไดต์	3.40
เบอร์แบนไคต์	3.30
เบอร์ไคต์	3.00
เบอลูกา	2.80
เบอห์ไมต์	3.00
เบอเราไนต์	3.10
เบาต์	2.60
เบานซ์	2.70
เบาหวาน	3.80
เบิร์ช	2.70
เบิร์ด	2.70
เบิร์ดซอง	3.00
เบิร์ทเดย์	3.10
เบิร์น	2.70
เบิร์นเนอร์	3.20
เบิร์นเอาต์	3.20
เบิร์ป	2.70
เบิสต์	2.70
เบียร์	3.20
เบียร์ด	2.80
เบียว	1.50
เบียวมาก	1.50
เบี้ยประกัน	4.20
เบี้ยยังชีพผู้สูงอายุ	4.50
เบี้ยหวัด	4.00
เบี้ยแก้	3.40
เบเกอรี	2.80
เบเกิล	3.20
เบเคอไรต์	3.00
เบเนดิกต์	3.00
เบเนฟิต	2.80
เบโอแบบ	2.80
เบ็ก	2.50
เบ็กคัม	2.80
เบ็กเคอเรล	3.10
เบ็ต	2.50
เบ็ตเตอร์	3.00
เปรู	6.00
เปอร์เซ็นต์	4.70
เปอร์โตริโก	6.70
เปิดตัว	4.80
เปิดวาร์ป	1.50
เปิดเผย	4.80
เปิดเผยว่า	5.10
เปือยน้อย	6.50
เป็นต้นไป	4.50
เป็ปซี่	2.80
เป๊ก	2.50
เป๊ปซี่	2.80
เผด็จการ	3.40
เฝ้าไร่	6.30
เพกทิน	2.70
เพกโทไลต์	3.00
เพชรบุรี	8.40
เพชรบุรีตัดใหม่	5.60
เพชรบูรณ์	8.50
เพชรเกษม	4.90
เพชรเกษม48	6.60
เพทาไลต์	2.90
เพนต์เฮาส์	3.10
เพนต์แลนไดต์	3.30
เพนนิไนต์	3.00
เพนิซิลลิน	3.10
เพนเทียม	2.90
เพรซีโอดิเมียม	3.50
เพรส	2.50
เพริดอต	2.80
เพริเคลส	2.90
เพรเมียร์	3.00
เพลซ	2.50
เพลย์	2.60
เพลินจิต	6.40
เพลเยอร์	2.90
เพสโต้	3.20
เพอรอฟสไกต์	3.20
เพอร์พูไรต์	3.20
เพอร์เฟกชันนิสต์	3.70
เพอร์เฟกต์	3.10
เพอร์เฟ็กชันนิสต์	3.80
เพอร์เฟ็กต์	3.20
เพอร์ไทต์	3.00
เพาเวลไลต์	3.10
เพิกถอน	4.80
เพิกถอนสิทธิ	4.30
เพียร์ทูเพียร์	3.50
เพเลคานิไมมัส	3.40
เพ็ญ	6.00
เฟซบุค	2.70
เฟซบุ๊ก	3.80
เฟนไกต์	2.80
เฟรนช์ฟราย	3.60
เฟรนช์ฟรายส์	3.80
เฟรนช์เกียนา	6.80
เฟรนช์เซาเทิร์นและแอนตาร์กติกแลนส์	7.50
เฟรนช์โปลินีเซีย	7.20
เฟรนด์	2.70
เฟรมเรต	2.80
เฟรมเวิร์ก	3.60
เฟรมเวิร์ค	3.10
เฟร์โรนาไทรต์	3.40
เฟร์โรอีเดไนต์	3.50
เฟร์โรเกลาโคเฟน	3.60
เฟลด์สปาทอยด์	3.40
เฟลด์สปาร์	3.10
เฟสบุค	2.70
เฟสบุ๊ก	2.80
เฟสบุ๊ค	2.80
เฟอร์กูซอไนต์	3.40
เฟอร์นิเจอร์	3.30
เฟอร์นิเชอร์	3.30
เฟอร์รารี่	3.10
เฟอร์เบอไรต์	3.30
เฟอร์เมียม	3.10
เฟอร์ไรต์	3.00
เฟาจาไซต์	3.00
เฟิน	2.50
เฟิร์น	2.70
เฟิร์มแวร์	3.60
เฟเนไคต์	2.90
เม.ย.	7.10
เมกอัป	2.70
เมกอัพ	2.70
เมกะเฮิรตซ์	3.20
เมกะไบต์	3.40
เมกเกอร์	2.90
เมคอัพ	2.70
เมดคาเฟ่	2.90
เมตร	4.00
เมตริก	2.70
เมตริกตัน	3.00
เมตา	2.50
เมตาเวิร์ส	3.60
เมทาซูเนอไรต์	3.40
เมทาทอร์เบอร์ไนต์	3.80
เมทานอล	2.80
เมทาวาริสไซต์	3.40
เมทาออทูไนต์	3.30
เมทาเเองโคลีไอต์	3.70
เมทิลแอลกอฮอล์	3.50
เมนทอล	2.70
เมนบอร์ด	3.40
เมนู	2.50
เมนเดลีเวียม	3.30
เมนเฟรน	2.80
เมนโดไซต์	3.00
เมยวดี	6.20
เมย์เดย์	2.90
เมล	2.50
เมลาโนโฟลไกต์	3.40
เมลาไนต์	2.90
เมลิซ่า	2.80
เมลิฟาไนต์	3.10
เมลิสซ่า	2.90
เมลิเฟน	2.80
เมลิโนเฟน	3.00
เมลิไลต์	2.90
เมลเบิร์น	6.50
เมสเซจ	2.70
เมอร์คิวรี	3.10
เมอร์มาไนต์	3.20
เมอร์เซเดส-เบนซ์	4.70
เมะ	2.50
เมาท์	2.60
เมาส์	2.60
เมาเชอร์ไรต์	3.30
เมิร์จ	2.70
เมียนมา	6.30
เมืองกระบี่	6.70
เมืองกาญจนบุรี	7.00
เมืองกาฬสินธุ์	7.00
เมืองกำแพงเพชร	7.00
เมืองขอนแก่น	6.80
เมืองจันทบุรี	6.90
เมืองจันทร์	6.70
เมืองฉะเชิงเทรา	7.10
เมืองชลบุรี	6.70
เมืองชัยนาท	6.70
เมืองชัยภูมิ	6.80
เมืองชุมพร	6.60
เมืองตรัง	6.50
เมืองตราด	6.50
เมืองตาก	6.40
เมืองทองธานี	6.80
เมืองนครนายก	6.80
เมืองนครปฐม	6.70
เมืองนครพนม	6.70
เมืองนครราชสีมา	7.10
เมืองนครศรีธรรมราช	7.40
เมืองนครสวรรค์	7.00
เมืองนนทบุรี	6.80
เมืองนราธิวาส	6.90
เมืองน่าน	6.50
เมืองบึงกาฬ	6.70
เมืองบุรีรัมย์	7.00
เมืองปทุมธานี	6.90
เมืองประจวบคีรีขันธ์	7.50
เมืองปราจีนบุรี	7.10
เมืองปัตตานี	6.80
เมืองปาน	6.40
เมืองพะเยา	6.60
เมืองพังงา	6.60
เมืองพัทลุง	6.70
เมืองพิจิตร	6.70
เมืองพิษณุโลก	6.90
เมืองภูเก็ต	6.70
เมืองมหาสารคาม	7.00
เมืองมุกดาหาร	6.90
เมืองยะลา	6.50
เมืองยาง	6.40
เมืองยโสธร	6.60
เมืองระนอง	6.60
เมืองระยอง	6.60
เมืองราชบุรี	6.80
เมืองร้อยเอ็ด	6.90
เมืองลพบุรี	6.70
เมืองลำปาง	6.60
เมืองลำพูน	6.60
เมืองศรีสะเกษ	6.90
เมืองสกลนคร	6.70
เมืองสงขลา	6.60
เมืองสตูล	6.50
เมืองสมุทรปราการ	7.20
เมืองสมุทรสงคราม	7.20
เมืองสมุทรสาคร	7.00
เมืองสรวง	6.50
เมืองสระบุรี	6.80
เมืองสระแก้ว	6.80
เมืองสิงห์บุรี	7.00
เมืองสุพรรณบุรี	7.10
เมืองสุราษฎร์ธานี	7.30
เมืองสุรินทร์	6.90
เมืองสุโขทัย	6.80
เมืองหนองคาย	6.80
เมืองหนองบัวลำภู	7.20
เมืองอำนาจเจริญ	7.10
เมืองอุดรธานี	6.90
เมืองอุตรดิตถ์	7.00
เมืองอุทัยธานี	7.00
เมืองอุบลราชธานี	7.20
เมืองอ่างทอง	6.80
เมืองเชียงราย	6.90
เมืองเชียงใหม่	7.00
เมืองเพชรบุรี	6.90
เมืองเพชรบูรณ์	7.00
เมืองเลย	6.40
เมืองแพร่	6.50
เมืองแม่ฮ่องสอน	7.10
เมเนกิไนต์	3.10
เมแลนเทอไรต์	3.30
เมโซไลต์	2.90
เม็กซิโก	6.40
เยซู	2.50
เยลลี	2.60
เยลลี่	2.70
เยอรมนี	6.30
เยาวราช	4.80
เยเมน	6.10
เรซ	2.50
เรซซิง	2.70
เรณูนคร	6.30
เรดอน	2.60
เรดาร์	3.20
เรดแฮท	2.70
เรตติ้ง	2.80
เรนเจอร์	3.40
เรย์เทรซซิ่ง	3.30
เรอูว์นียง	6.60
เราเตอร์	3.40
เรินต์เกเนียม	3.40
เรียกร้อง	5.00
เรือหลวง	2.90
เรือแล่น	2.90
เรเดียม	2.80
เรเนียไรต์	3.10
เรโซลูชัน	3.50
เรไอต์	2.70
เลคอนไทต์	3.00
เลดฮิลไลต์	3.10
เลนส์	2.60
เลบานอน	6.30
เลย	8.00
เลวูโลส	2.80
เลอชาเทเลียไรต์	3.60
เลอโนโว	2.80
เลาขวัญ	6.30
เลาทาไรต์	3.00
เลานจ์	2.70
เลามอนไทต์	3.10
เลาไอต์	2.80
เลิงนกทา	6.40
เลิลลิงไกต์	3.20
เลิศ	1.50
เลิศเลอ	1.50
เลี่ยงเมืองปากเกร็ด	7.50
เลือกตั้งซ่อม	3.90
เลือกตั้งทั่วไป	4.10
เลือด	2.60
เลเซอร์	3.30
เลเซ่อร์	0.50
เลเวล	2.60
เลโซโท	6.20
เลโอไนต์	2.90
เลโอไนต์เลโอไนต์	3.70
เล็กเชอร์	3.00
เวกเตอร์	3.40
เวต	2.50
เวตเทรนนิง	3.10
เวทเทรนนิ่ง	3.20
เวนต์	2.60
เวบไซต์	2.80
เวปไซด์	0.50
เวปไซต์	0.50
เวลที	2.60
เวลไฟร์	3.30
เวสเทิร์นสะฮารา	7.10
เวอร์ชวล	3.40
เวอร์ชัน	2.90
เวอร์ชั่น	3.00
เวอร์ดีไลต์	3.20
เวอร์มิคิวไลต์	3.50
เวอร์เนอไรต์	3.30
เวอร์แนไดต์	3.20
เวอร์ไดต์	3.00
เวาเชอร์	2.90
เวิร์ก	2.70
เวิร์กชอป	3.00
เวิร์กช็อป	3.10
เวิร์ค	0.50
เวิร์ดโพรเซสเซอร์	3.80
เวิร์ตไซต์	3.10
เวิลด์	2.70
เวียงจันทน์	6.70
เวียงชัย	6.40
เวียงป่าเป้า	6.80
เวียงสระ	6.40
เวียงสา	6.30
เวียงหนองล่อง	6.90
เวียงเก่า	6.50
เวียงเชียงรุ้ง	7.00
เวียงแก่น	6.50
เวียงแหง	6.40
เวียดนาม	6.40
เวียนเทียน	3.60
เวเนซุเอลา	6.60
เวเลนซี	2.80
เวเวลไลต์	3.00
เวโลกาไนต์	3.10
เว็บ	3.00
เว็บบอร์ด	3.00
เว็บเซอร์วิส	3.80
เว็บเบราว์เซอร์	4.10
เว็บเพจ	3.30
เว็บไซต์	2.90
เว็บไซท์	2.90
เศรษฐกิจบีซีจี	4.00
เศรษฐกิจสีเขียว	4.10
เศรษฐกิจหมุนเวียน	4.30
เศรษฐา ทวีสิน	5.90
เสด็จประพาส	4.70
เสด็จพระราชดำเนิน	5.30
เสด็จฯ	4.20
เสนา	6.00
เสนางคนิคม	6.60
เสนานิคม	6.40
เสริมงาม	6.40
เสรีภาพในการแสดงออก	4.50
เสรีไทย	4.80
เสลภูมิ	6.30
เสาไห้	6.20
เสิงสาง	6.30
เสิร์ช	2.70
เสิร์ชเอ็นจิน	3.90
เสิร์ชเอ็นจิ้น	4.00
เสิร์ฟ	2.70
เสียชีวิต	5.00
เสียวหมี่	3.00
เหนือคลอง	6.50
เหล็ก	2.60
เหล่าเสือโก้ก	6.90
เอกซเรย์	3.90
เอกซ์คลูซิฟ	3.20
เอกซ์ปอตส์	3.10
เอกซ์เทนซิฟ	3.20
เอกซ์เอ็มแอล	3.30
เอกมัย	6.20
เอกมาไนต์	3.00
เอกวาดอร์	6.50
เอการ์	2.70
เอชดีเอ็มไอ	3.20
เอชทีซี	2.80
เอชพี	3.60
เอชอาร์วี	3.50
เอชไอวี	2.80
เอซุส	3.60
เอดมอนโทซอรัส	3.40
เอดิงโทไนต์	3.20
เอดิเตอร์	3.00
เอต์ทรินไกต์	3.30
เอทิลีนออกไซด์	3.50
เอทิลแอลกอฮอล์	3.50
เอทีเอ็ม	2.90
เอธิโอเปีย	6.60
เอนด์	2.60
เอนทิตี	2.80
เอนสตาไทต์	3.10
เอนเจล	2.70
เอนเจิล	2.80
เอนเทอร์เทนเมนต์	3.70
เอนไซม์	2.80
เอนไซม์แอมีเลส	3.50
เอนไซม์แอมีโลไลติก	3.90
เอบ	2.50
เอบราฮัม	2.90
เอบราแฮม	2.90
เอปซอไมต์	3.00
เอพิดิดิไมต์	3.30
เอพิสติลไบต์	3.30
เอพิสโตไลต์	3.20
เอพิโดต	2.80
เอพีไอ	3.20
เอฟบีไอ	2.80
เอฟีไซต์	2.90
เอฟเฟกต์	2.90
เอฟเฟ็กต์	3.00
เอมมอนไซต์	3.10
เอมเพลกไทต์	3.20
เอมโบไลต์	3.00
เอราวัณ	6.30
เอริด	2.60
เอริเทรีย	6.50
เอรีส	2.60
เอลซัลวาดอร์	6.80
เอลพิไดต์	3.00
เอลเบไอต์	3.00
เอสซีจี	5.30
เอสซีบี	2.80
เอสศูนย์เจ็ด	3.80
เอสเต้ลอเดอร์	4.40
เอสเปรสโซ	3.50
เอสเพรสโซ	3.50
เอสเพรสโซ่	3.60
เอสเอสดี	3.40
เอสเอ็มเอส	3.10
เอสแอนด์พี	4.10
เอสโตรเจน	3.00
เอสโตเนีย	6.50
เออร์เบียม	3.10
เอาต์คัม	2.90
เอาปากกามาวง	1.50
เอเคอร์	2.80
เอเจนซี	2.80
เอเจนต์	2.80
เอเซอร์	3.80
เอเดรียน	2.90
เอเนอร์จี	3.00
เอเมน	2.60
เอเมอรัลด์	3.10
เอเมอรี	2.80
เอเลียน	2.80
เอเวอร์เรสต์	3.80
เอเอ็มดี	2.90
เอแจ็กซ์	2.90
เอแบค	5.10
เอโมไซต์	2.90
เอโรบิก	2.80
เอไอ	3.00
เอไอจี	2.70
เอไอเอ	2.70
เอไอเอส	3.80
เอ็กซ์	3.70
เอ็กซ์ตรีม	3.10
เอ็กซ์บ็อกซ์	3.30
เอ็กเซอร์ไซส์	3.40
เอ็นเตอร์เทนเมนต์	3.80
เอ็นเอฟซี	3.00
เอ็นเอฟที	4.00
เอ็นเฮชเอส	3.10
เอ็มควอเทียร์	4.40
เอ็มคอตเอชดี	3.30
เอ็มบริโอ	3.00
เอ็มพีสาม	3.00
เอ็มวี	2.70
เอ็มเค	2.70
เอ็มเคสุกี้	4.20
เอ็มเอ็มเอส	3.20
เอ๊กซ์	2.70
เฮกตาร์	2.80
เฮกเทอไรต์	3.10
เฮดสแตนด์	3.00
เฮดิเฟน	2.80
เฮดโฟน	2.70
เฮติ	6.00
เฮฟวีเวต	2.90
เฮมิมอร์ไฟต์	3.30
เฮลที	2.60
เฮลท์	2.60
เฮลท์แคร์	3.00
เฮลิคอปเตอร์	3.30
เฮลิโอดอร์	3.10
เฮลไวต์	2.80
เฮสทิงไซต์	3.10
เฮสโซไนต์	3.00
เฮสไซต์	2.80
เฮอริเคน	2.90
เฮอร์ซิไนต์	3.20
เฮอร์เดอไรต์	3.30
เฮาส์มันไนต์	3.30
เฮิบเนอไรต์	3.20
เฮิรตซ์	2.80
เฮเดนเบอร์ไกต์	3.50
เฮเลน	2.60
เฮเลน่า	2.80
เฮโมโกลบิน	3.10
เฮโรอีน	2.80
เฮไลต์	2.70
เฮ้	2.50
เฮ้าส์	2.70
แกง	1.50
แกงหม้อใหญ่	1.50
แกดจิต	2.70
แกดำ	6.00
แกนนำ	4.60
แกมมา	2.60
แกมเบีย	6.30
แกรนิต	2.70
แกรโทไนต์	3.00
แกรไฟต์	2.80
แกร็บ	3.60
แกลง	6.00
แกลลอน	2.70
แกลลิไมมัส	3.10
แกลเลอรี	2.90
แกลเลียม	2.90
แกสเพไอต์	3.00
แกโดลิเนียม	3.20
แก่งกระจาน	6.60
แก่งคอย	6.30
แก่งหางแมว	6.60
แก้งคร้อ	6.40
แก้งสนามนาง	6.70
แก้ชง	3.10
แก้บน	3.10
แก้ไขปัญหา	5.10
แก๊ง	2.50
แก๊งสเตอร์	1.50
แก๊ป	2.50
แก๊ส	2.50
แคกตัส	2.70
แคคตัส	2.70
แคช	3.00
แคชชิ่ง	3.30
แคชลิส	2.70
แคชวล	2.60
แคชูว์	2.70
แคชูว์นัต	3.50
แคชเชียร์เช็ค	4.40
แคชเลส	2.70
แคชแบ็ก	2.80
แคดดี	2.60
แคดเมียม	2.90
แคน	2.50
แคนคริไนต์	3.10
แคนดง	6.10
แคนดิด	2.70
แคนดิเดต	2.90
แคนดี	3.10
แคนตัส	2.70
แคนตาลูป	3.40
แคนต์	2.60
แคนทีน	2.70
แคนนอน	3.70
แคนนี	2.60
แคนอน	2.60
แคนาดา	6.20
แคนิสเตอร์	3.10
แคนเซอร์	2.90
แคนเซิล	2.80
แคนเดิล	2.80
แคนเตอร์	2.90
แคนเทอร์	2.90
แคนไดต์	2.80
แคบ	2.50
แคบาไซต์	2.90
แคบิน	2.60
แคปชั่น	2.80
แคปช่า	3.20
แคปซูล	2.70
แคปริคอร์น	3.10
แคปริคอร์นัส	3.30
แคปิตอลเกน	4.10
แคปิทัล	2.80
แคพิบารา	2.90
แคฟแทน	2.70
แคมคอร์เดอร์	3.30
แคมชาฟต์	2.90
แคมบริก	2.80
แคมปัส	2.70
แคมปิง	2.70
แคมปิ้ง	2.80
แคมป์	2.60
แคมีโอ	2.70
แคมเบอร์	2.90
แคมเปญ	2.70
แคมเปอร์	2.90
แคมเพน	2.70
แคมแชฟต์	2.90
แครกเกอร์	3.50
แครนดาลไลต์	3.20
แครอล	2.60
แครักเตอร์	3.10
แครักเตอไรเซชัน	3.60
แคราย	6.10
แคราเมล	2.80
แคราเวย์	2.90
แคราแคล	2.80
แคริบู	2.70
แคริบเบียน	3.10
แครีส	2.60
แคร์	2.50
แคร์นกอร์ม	3.10
แคร์ฟรี	2.80
แคร์ฟุล	2.80
แคร์รอต	2.80
แคร์ริจ	2.80
แคร์รี	2.70
แคร์เรียน	3.00
แคร์เรียร์	3.10
แคลคูลัส	2.90
แคลง	2.50
แคลงก์	2.70
แคลช	2.50
แคลซิเฟอรอล	3.20
แคลด	2.50
แคลน	2.50
แคลนนิช	2.80
แคลม	2.50
แคลมป์	2.70
แคลมมี	2.70
แคลมเบก	2.80
แคลมเบอร์	3.00
แคลริฟาย	2.90
แคลริเน็ต	3.00
แคลลัส	2.70
แคลส	2.50
แคลสซี	2.70
แคลสรูม	2.80
แคลสเมต	2.80
แคลอรี	2.70
แคลาเวอไรต์	3.20
แคลิบอไรต์	3.10
แคลิฟอร์เนีย	3.30
แคลิฟอร์เนียม	3.40
แคลิฟอร์ไนต์	3.30
แคลิเบรต	2.90
แคลิเบอร์	3.00
แคลิเปอส์	3.00
แคลิโค	2.70
แคลิโดไนต์	3.10
แคลเซียม	2.90
แคลเซียมคาร์ไบด์	3.70
แคลเซียมไซคลาเมต	3.70
แคลไซต์	2.80
แคล็ก	2.60
แคล็ป	2.60
แคล็ปบอร์ด	3.10
แคล็ปเปอร์บอร์ด	3.60
แคล์ฟ	2.60
แคสก์	2.60
แคสซิเทอไรต์	3.30
แคสติง	2.70
แคสต์	2.60
แคสเคด	2.70
แคสเตอร์	2.90
แคสเปียน	2.90
แคเช	2.50
แคเชต์	2.70
แคเชียร์	2.90
แคเทกอรี	2.90
แคเทอกอรี	3.00
แคเฟ	2.50
แคเมล	2.60
แคเมอรา	2.80
แคเมอรูน	6.40
แคแวนไซต์	3.00
แคโคซีไนต์	3.10
แคโทด	2.60
แคโมมีล	2.80
แคโมไมล์	2.90
แคโรทีน	2.80
แค็กเกิล	2.90
แค็ต	2.50
แค็ตตาล็อก	3.10
แค็ตนิป	2.80
แค็ตวอล์ก	3.00
แค็ปชัน	2.80
แค็ปซิคัม	3.00
แค็ปเชอร์	3.00
แค็ปเตอร์	3.00
แจกวาร์ป	1.50
แจซ	2.50
แจสเพอร์	2.90
แจ็ก	2.50
แจ็กเกต	2.80
แจ็กเก็ต	2.90
แจ็คเก็ต	2.90
แจ้งข้อกล่าวหา	5.50
แจ้งข้อหา	5.00
แจ้งวัฒนะ	5.00
แจ้ห่ม	6.20
แชต	2.50
แชท	2.50
แชทบอท	2.70
แชนดิเลียร์	3.20
แชนต์	2.60
แชนเดอเลียร์	3.30
แชนเนล	2.70
แชนเนิล	2.80
แชมป์	2.60
แชมเปียน	2.90
แชมเปียนชิป	3.20
แชริตี	2.70
แชร์	2.50
แชลเลนเจอร์	3.20
แชสซี	2.60
แชเรียต	2.80
แชเล	2.50
แชเลต์	2.70
แช็ต	2.50
แช็ป	2.50
แช็ปเตอร์	3.00
แซงปีแยร์และมีเกอลง	7.50
แซดอย่างบ่อย	1.50
แซตทักไกต์	3.10
แซนด์บ็อกซ์	3.20
แซนด์วิช	3.40
แซนบอร์ไนต์	3.20
แซนิไทเซอร์	3.20
แซปไฟรีน	2.90
แซปไฟร์	2.80
แซฟฟลอไรต์	3.10
แซมบาวิสเซิล	3.30
แซมอน	3.10
แซมเบีย	6.30
แซลมอน	3.20
แซสโซไลต์	3.00
แซ็ก	2.50
แซ็กคาริน	3.00
แซ็กคารินโซเดียม	3.70
แซ็กโซโฟน	3.00
แดดดี	2.60
แดนซ์	2.60
แดนบูไรต์	3.00
แดนเซอร์	2.90
แดแรปสไกต์	3.10
แต่ถ้า	4.20
แต่อย่างใด	4.60
แถลงการ	0.50
แถลงการณ์	0.50
แถลงข่าว	4.90
แทกไฮไดรต์	3.10
แทงค์	2.60
แทงค์สามร้อย	3.80
แทงค์ห้าร้อย	3.80
แทนซาเนีย	6.50
แทนซาไนต์	3.00
แทนทาลัม	2.90
แทนทาไลต์	3.00
แทนเจนต์	2.90
แทพิโอไลต์	3.10
แทมารินด์	3.00
แทรกเตอร์	3.00
แทรฟฟิก	2.80
แทร็ก	2.60
แทลเลียม	2.90
แทเมอรูไกต์	3.20
แท็ก	2.50
แท็กซี	2.70
แท็กซี่	2.80
แท็บ	2.50
แท็บเล็ต	2.90
แท่งไฟ	2.70
แท่นชาร์จ	3.50
แบกแดด	6.20
แบคทีเรีย	3.00
แบคเอนด์	3.40
แบง	2.50
แบงก์	2.60
แบงควิต	2.80
แบงค์	2.60
แบงเกิล	2.80
แบงเคว็ต	2.90
แบงเค็ต	2.80
แบช	2.50
แบซอลต์	2.80
แบซาลต์	2.80
แบซิล	2.60
แบซิลิสก์	3.00
แบด	2.50
แบดจ์	2.60
แบดมินตัน	3.00
แบดเจอร์	2.90
แบดเดเลย์ไอต์	3.40
แบตเตอรี	2.90
แบตเตอรี่	3.50
แบท	2.50
แบทีก	2.60
แบทเทิลพาส	3.10
แบทเทิลรอยัล	3.30
แบน	2.50
แบนฃี	2.60
แบนชี	2.60
แบนดิต	2.70
แบนด์	2.60
แบนด์วิดท์	3.60
แบนทัม	2.70
แบนทัมเวต	3.00
แบนน็อก	2.80
แบนิช	2.60
แบนเนอร์	2.90
แบนแดนนา	2.90
แบนแดนา	2.80
แบนแยน	2.70
แบนโจ	2.60
แบบิงทอไนต์	3.20
แบบูน	2.60
แบปทิซึม	2.90
แบมบู	2.60
แบมบูเซิล	3.00
แบรน	2.50
แบรนช์	2.70
แบรนดิช	2.80
แบรนด์	2.70
แบรนเนอไรต์	3.20
แบรส	2.50
แบระคูดา	2.90
แบราจ	2.60
แบราโทไวต์	3.10
แบริง	2.60
แบริ่ง	6.20
แบรีออนิกซ์	3.20
แบรเคียซอรัส	3.30
แบร็ต	2.60
แบร์	2.50
แบร์ฟุต	2.80
แบร์รี	2.70
แบร์รีมอร์	3.10
แบร์ฮัก	2.80
แบร์แบ็ก	2.90
แบร์โรว์	2.90
แบลค์เมล์	3.00
แบลงกิต	2.80
แบลงก์	2.70
แบลนช์	2.70
แบลนดิฃ	2.80
แบลนดิช	2.80
แบลนด์	2.70
แบลลัด	2.70
แบลลัสต์	2.90
แบลสต์	2.70
แบลโคนี	2.80
แบล็ก	2.60
แบล็กฟอเรสต์	3.30
แบล็กเบร์รี	3.20
แบล็กเบอร์รี	3.30
แบส	2.50
แบสก์	2.60
แบสซอไนต์	3.00
แบสเก็ต	2.80
แบสเติร์ด	3.00
แบเรียม	2.80
แบไรต์	2.70
แบ็ก	2.50
แบ็กกราวนด์	3.20
แบ็กดร็อป	3.00
แบ็กยาร์ด	3.00
แบ็กสเปซ	2.90
แบ็กสแลช	2.90
แบ็กอัป	2.80
แบ็กเวิร์ด	3.10
แบ็กเอนด์	3.50
แบ็กแกมมอน	3.10
แบ็กแพ็ก	2.90
แบ็กแฮนด์	3.00
แบ็กโฮ	2.70
แบ็กไฟเออร์	3.20
แบ็กไลต์	2.90
แบ็ต	2.50
แบ็ตเทิล	2.90
แบ็ปทอร์นิส	3.20
แบ็ปทิซึม	3.00
แปซิฟิก	2.80
แปซิฟิกไพพ์	3.20
แปลงยาว	6.30
แปลงหนี้ใหม่	4.30
แพกโนไลต์	3.00
แพคิเซฟาโลซอรัส	3.60
แพคเกจ	2.70
แพชชั่น	2.80
แพดพาแรดชา	3.10
แพตช์	3.10
แพตเทิร์น	3.00
แพทองธาร ชินวัตร	6.20
แพนง	0.50
แพนิค	3.60
แพนเค้ก	3.30
แพนเดอร์ไมต์	3.30
แพรซิโอดิเมียม	3.50
แพรรีด็อก	3.00
แพรรี่ด็อก	3.10
แพราซอรอโลฟัส	3.40
แพริไซต์	2.90
แพร่	8.00
แพลจิโอเคลส	3.20
แพลตต์เนอไรต์	3.40
แพลตฟอร์ม	3.50
แพลทฟอร์ม	0.50
แพลทินัม	2.90
แพลน	2.50
แพลนชีไอต์	3.10
แพลนต์	2.70
แพลิกอร์สไกต์	3.40
แพลเนต	2.70
แพลเลเดียม	3.10
แพล็ตฟอร์ม	3.10
แพสชัน	2.70
แพ็ก	2.50
แพ็กเกจ	3.30
แพ็กเกจจิง	3.10
แพ้ยา	3.60
แพ้อาหาร	3.90
แฟกซ์	2.60
แฟชั่น	2.70
แฟนคลับ	2.80
แฟนด้อม	2.80
แฟนฟิค	2.70
แฟนมีต	2.70
แฟนอาร์ต	2.90
แฟนเพจ	2.70
แฟมิลี	2.70
แฟรงคลิไนต์	3.20
แฟรงคีไอต์	3.10
แฟรนเซียม	3.00
แฟรนโคไลต์	3.10
แฟรนไชส์	2.90
แฟลกซ์	2.70
แฟลชเอ็กซ์เพรส	4.50
แฟลต	2.50
แฟลตไวท์	3.40
แฟลร์	2.60
แมกซีซี	2.80
แมกนีเซียม	3.10
แมกนีไซต์	3.00
แมกนีไทต์	3.00
แมกฮีไมต์	3.00
แมกาซีน	2.80
แมกเฟอร์ซอไนต์	3.50
แมค	2.50
แมคเวจ	2.70
แมคโดนัลด์	4.10
แมคโอเอส	3.40
แมงกานิน	2.90
แมงกานีส	2.90
แมงกาโนโซต์	3.20
แมงกาไนต์	3.00
แมงแกนแบบิงทอไนต์	3.80
แมชชีนเลิร์นนิง	4.10
แมตช์	2.60
แมนซิตี้	2.90
แมนยู	2.60
แมมมอท	2.70
แมยิสเตร็ด	3.10
แมลาคอน	2.80
แมลโดไนต์	3.00
แมสก์	2.60
แมสซิคอต	2.90
แมโคร	2.60
แม็กเคอเรล	3.10
แม็คโคร	3.80
แม็ตช์	2.70
แม่จริม	6.30
แม่จัน	6.20
แม่ทะ	6.10
แม่ทา	6.10
แม่นางกวัก	3.60
แม่พริก	6.30
แม่ฟ้าหลวง	6.60
แม่ย่านาง	3.50
แม่ระมาด	6.40
แม่ริม	6.20
แม่ลาน	6.20
แม่ลาน้อย	6.50
แม่ลาว	6.20
แม่วงก์	6.30
แม่วาง	6.20
แม่สรวย	6.30
แม่สอด	6.20
แม่สะเรียง	6.60
แม่สาย	6.20
แม่ออน	6.20
แม่อาย	6.20
แม่ฮ่องสอน	8.60
แม่เปิน	6.30
แม่เมาะ	6.30
แม่แจ่ม	6.30
แม่แตง	6.20
แม่โจ้	5.20
แม่ใจ	6.10
แยก คปอ.	6.40
แยกนนทบุรี1	6.70
แยกลำสาลี	6.50
แยม	3.00
แย็บ	2.50
แรงก์	2.60
แรงบิด	3.20
แรงม้า	3.20
แรนซัมแวร์	3.60
แรบโดเฟน	2.90
แรป	2.50
แรม	3.00
แรมส์เดลไลต์	3.30
แรมเมลส์เบอร์ไกต์	3.80
แรลลี่	2.70
แรสป์เบร์รี	3.20
แร็กคูน	2.80
แร็กเกต	2.80
แร็ป	2.50
แร็ปเปอร์	3.00
แร็พเตอร์	3.50
แร็พเปอร์	3.00
แลคโตส	2.70
แลนด์	2.60
แลนด์มาร์ก	3.10
แลนทานัม	2.90
แลนทาไนต์	3.00
แลบราโดไรต์	3.20
แลมโพรโบไลต์	3.30
แล็ก	2.50
แล็กติก	2.80
แล็กเกอร์	3.00
แล็กเตต	2.80
แล็กเทต	2.80
แล็กโทส	2.80
แล็บ	2.50
แล็บท็อป	2.90
แล็ป	2.50
แล็ปท็อป	2.90
แวงน้อย	6.30
แวงใหญ่	6.30
แวนต์ฮอฟไฟต์	3.30
แวเลนทิไนต์	3.20
แว้ง	6.00
แสตมป์	2.70
แสวงหา	6.20
แหลมงอบ	6.30
แหลมสิงห์	6.50
แห่ขันหมาก	3.60
แห่นางแมว	3.50
แห่เทียนพรรษา	3.90
แอกซิไนต์	3.00
แอกทิเนียม	3.10
แอกทิโนไลต์	3.20
แอกนิส	2.70
แอกเซส	2.70
แอกเนส	2.70
แอกไมต์	2.80
แอควา	2.60
แองกรี	2.70
แองกลีไซต์	3.10
แองกวิลลา	6.50
แองเกลอร์	3.00
แองเกอร์	2.90
แองเกิล	2.80
แองเคอร์	2.90
แองเคอโลซอรัส	3.40
แองเคอไรต์	3.10
แองโกลา	6.30
แอซีทัลดีไฮด์	3.40
แอดดัมส์	2.90
แอดดิกต์	2.90
แอดมิต	2.70
แอดมิน	2.70
แอดัม	2.60
แอดาไมต์	2.90
แอดิโพส	2.80
แอดเวนต์	2.90
แอดเวนเชอร์	3.20
แอดเวิร์บ	3.00
แอตทาพุลไกต์	3.30
แอนดรอยด์	3.50
แอนดราไดต์	3.10
แอนดาลูไซต์	3.20
แอนดีซีน	2.90
แอนติกาและบาร์บูดา	7.40
แอนติบอดี	4.00
แอนติออกซิแดนต์	3.60
แอนติออกซิแดนท์	4.60
แอนติเจน	3.90
แอนทิเพอร์ไทต์	3.50
แอนทิโกไรต์	3.20
แอนทิโมนี	3.00
แอนนาเบอร์ไกต์	3.50
แอนฟีลด์	2.90
แอนอกไซต์	3.00
แอนะล็อก	2.90
แอนาพาไอต์	3.10
แอนิเมชัน	3.00
แอนิเมเตอร์	3.20
แอนเจไลต์	3.00
แอนเดอร์ซอไนต์	3.50
แอนเทิลไรต์	3.20
แอนโชวี	2.80
แอนโทนีโอ้	3.10
แอนโทนี่	2.90
แอนโทฟิลไลต์	3.30
แอนโยไลต์	3.00
แอนไฮไดรต์	3.10
แอบสแตร็กต์	3.20
แอบาโลนี	2.90
แอบิเกล	2.80
แอบโซลูต	2.90
แอป	3.00
แอปพลิเคชัน	3.20
แอปฯ	3.00
แอปเปิล	3.30
แอปเปิ้ล	3.90
แอปเปิ้ลพาย	3.70
แอพ	3.00
แอพพลิเคชั่น	3.30
แอฟทิทาไลต์	3.20
แอฟริกาใต้	6.60
แอฟเตอร์	2.90
แอฟเฟล็ก	2.90
แอมนีชา	2.80
แอมนีเซีย	3.00
แอมบลิโกไนต์	3.30
แอมบิชัน	2.90
แอมบุช	2.70
แอมฟิเบียน	3.10
แอมฟิโบล	2.90
แอมมิเตอร์	3.10
แอมะซอน	2.80
แอมะซอนสโตน	3.20
แอมะซอไนต์	3.10
แอมเบอร์	2.90
แอมเวย์	3.80
แอมแปร์	2.80
แอมโม	2.60
แอมโมเนีย	3.00
แอรอน	2.60
แอริด	2.60
แอรีส	2.60
แอร์ดรอป	2.90
แอร์บัส	2.80
แอร์รี่	2.80
แอร์เอเชีย	3.10
แอลกอฮอล์	3.00
แอลคานอแลมีนส์	3.50
แอลจี	2.60
แอลจีบีทีคิว	3.80
แอลจีเรีย	6.50
แอลมันดัน	3.00
แอลมันดีน	3.00
แอลมันไดต์	3.10
แอลลอย	2.70
แอลลาไนต์	3.00
แอลลีย์	2.80
แอลศูนย์เจ็ด	3.80
แอลิซ	2.60
แอลิไบ	2.70
แอลเบเนีย	6.50
แอลแพกา	2.80
แอลโลเฟน	2.90
แอลไบต์	2.80
แอลไพน์	2.80
แอสซาซิน	2.90
แอสตร้าเซเนก้า	4.50
แอสทาทีน	2.90
แอสฟัลต์	2.90
แอสเตอรอยด์	3.20
แอสเตอริสก์	3.20
แอสเบสทอส	3.00
แอสโทรฟิลไลต์	3.40
แอสไพริน	2.90
แอเจิล	2.70
แอเชอร์	2.80
แอเมทิสต์	3.00
แอโกนี	2.70
แอโครแบ็ต	3.00
แอโคไลต์	2.90
แอโดเลสเซนซ์	3.30
แอโดเลสเซนต์	3.30
แอโนด	2.60
แอโรบิก	2.80
แอโลวีรา	2.90
แอโลเวรา	2.90
แอโลเวียรา	3.10
แอโวคาโด	3.40
แอไจล์	2.70
แอ็กชัน	2.80
แอ็กซิเดนต์	3.20
แอ็กทิฟ	2.80
แอ็กทิเวต	3.00
แอ็กเคานต์	3.10
แอ็ป	3.00
แอ๊ว	1.50
แฮกมาไนต์	3.00
แฮกเกอร์	2.90
แฮงเอาต์	2.90
แฮงไซต์	2.80
แฮชแทก	2.70
แฮชแท็ก	2.80
แฮนด์	2.60
แฮนด์บอล	2.90
แฮนด์เมด	2.90
แฮนด์เอ๊ก	3.00
แฮนด์แซนิไทเซอร์เจล	4.00
แฮปปี	2.60
แฮปปีเบิร์ทเดย์	3.60
แฮฟเนียม	2.90
แฮม	3.00
แฮมเตอร์	2.90
แฮมเบอร์เกอร์	3.90
แฮมเบอร์ไกต์	3.30
แฮรี่	2.60
แฮร์คัท	3.80
แฮร์รี่	2.80
โกชีไนต์	2.90
โกตดิวัวร์	6.60
โกรกพระ	6.30
โกลด์	2.60
โกลว์	2.60
โกสัมพีนคร	6.60
โกสุมพิสัย	6.60
โขงเจียม	6.40
โคกศรีสุพรรณ	6.80
โคกสำโรง	6.40
โคกสูง	6.20
โคกเจริญ	6.40
โคกโพธิ์	6.40
โคกโพธิ์ไชย	6.70
โคด	3.00
โคต	2.50
โคนิคาลไซต์	3.20
โคบอลต์	2.80
โคบอลไทต์	3.00
โคฟ	2.50
โคม่า	2.60
โครคอยต์	2.90
โครซิโดไลต์	3.20
โครม	2.50
โครมา	2.60
โครมาทิน	2.90
โครมาโทกราฟี	3.30
โคราช	8.10
โครเก้	2.70
โครเมียม	2.90
โครเอเชีย	6.50
โครแมติก	2.90
โครโมโซม	2.90
โครไมต์	2.80
โคลก	2.50
โคลด์บรูว์	3.60
โคลมาไนต์	3.00
โคลวีไซต์	3.00
โคลสลอว์	3.40
โคลอมเบีย	6.50
โคลอี	2.60
โคลัมไบต์	3.00
โคลแมนไอต์	3.10
โควตา	2.60
โควต้า	0.50
โควิด	3.60
โควิด-19	3.90
โคออร์ดิเนต	3.20
โคอาลา	2.70
โคะกิริโกะ	3.10
โคเคน	2.60
โคเซแคนต์	3.00
โคเวลไลต์	3.00
โคโทไอต์	2.90
โคโรนาไวรัส	4.20
โคโรลล่า	3.40
โคโรลล่าครอส	3.80
โคโรลล่าอัลติส	4.00
โคไซต์	2.70
โคไซน์	2.70
โค้ก	3.00
โค้ช	2.50
โค้ด	3.00
โฆษก	4.50
โฆษกประจำสำนักนายกรัฐมนตรี	6.00
โจทก์	3.60
โจอะควิไนต์	3.20
โจ๊ก	2.50
โชคชัย	6.20
โชว์	2.50
โชเน็น	2.70
โชโจ	2.50
โซดา	3.00
โซดาร์	0.50
โซดาไนเตอร์	3.20
โซดาไลต์	2.90
โซนี่	3.60
โซนี่อีริคสัน	3.40
โซฟา	2.50
โซมาเลีย	6.40
โซล	6.00
โซลาริส	2.80
โซลาร์ฟาร์ม	3.70
โซลาร์รูฟ	3.50
โซลาร์เซลล์	3.70
โซลเจอร์	2.90
โซเชียล	2.80
โซเชียลมีเดีย	3.40
โซเชียลเน็ตเวิร์ก	4.30
โซเชียลเน็ตเวิร์ค	4.30
โซเดียม	2.80
โซเดียมคาร์บอเนต	3.70
โซเดียมซัลเฟต	3.40
โซเดียมไซคลาเมต	3.60
โซเดียมไฮโดรเจนกลูทาเมต	4.00
โซเดียมไฮโดรเจนคาร์บอเนต	4.00
โซเดียมไฮโดรเจนซัลเฟต	4.00
โซโนตไลต์	3.00
โซโล	2.50
โซ่พิสัย	6.40
โดจินชิ	2.80
โดนตก	1.50
โดนป้ายยา	1.50
โดนัต	3.10
โดนัท	3.10
โดนัล	2.60
โดนัลด์	2.80
โดนเท	1.50
โดส	2.50
โดเนต	2.60
โดเมน	3.10
โดเมย์ไคต์	3.10
โดโลไมต์	2.90
โตเกียว	6.30
โตเกเลา	6.30
โตโก	6.00
โตโยต้า	3.80
โทน	2.50
โทนี่	2.60
โทมัส	2.60
โทรนา	2.60
โทะเซะกิ	2.90
โทเคน	3.10
โทแพซ	2.60
โทแพโซไลต์	3.10
โนซีไลต์	2.90
โนติฟิเคชัน	3.20
โนนคูณ	6.20
โนนดินแดง	6.50
โนนนารายณ์	6.60
โนนศิลา	6.30
โนนสะอาด	6.40
โนนสัง	6.20
โนนสุวรรณ	6.50
โนนสูง	6.20
โนนแดง	6.20
โนนไทย	6.20
โนวา	2.50
โนวาคิวไลต์	3.20
โนเซียน	2.80
โนเบล	2.60
โนเบเลียม	3.00
โนเวลล์	2.80
โน้ต	2.50
โน้ตบุ๊ก	2.90
โน้ตบุ๊ค	2.90
โน๊ตบุ๊ก	2.90
โบกัส	2.60
โบกีแมน	2.80
โบต	2.50
โบน	2.50
โบนัส	2.60
โบนีโต	2.70
โบร	2.50
โบรกเกอร์	4.00
โบรช	2.50
โบรชัวร์	2.90
โบรมาร์จิไรต์	3.40
โบรมีน	2.70
โบรอน	2.60
โบรเชนไทต์	3.10
โบล	2.50
โบลด์	2.60
โบลต	2.50
โบลต์	2.60
โบลต์วูไดต์	3.20
โบลว์	2.60
โบลิเวีย	6.40
โบลีไอต์	2.90
โบวีไนต์	2.90
โบว์	2.50
โบว์ลิง	2.80
โบว์ลินไกต์	3.20
โบว์ลิ่ง	2.90
โบสต์	2.60
โบห์เรียม	3.00
โบฮีเมียน	3.00
โบแนนซา	2.80
โบโซ	2.50
โปรดักชัน	3.00
โปรดิวเซอร์	3.20
โปรตอน	2.70
โปรตีน	2.70
โปรตุเกส	6.40
โปรเจกต์	2.90
โปรเจค	2.70
โปรเจคต์	2.90
โปรเจ็ค	2.80
โปรเตสแตนต์	3.20
โปรเพลเยอร์	3.20
โปรแกรม	2.80
โปรแกรมเมอร์	3.30
โปรแทรกเตอร์	3.30
โปรโตคอล	3.40
โปรโมชั่น	3.00
โปรโมท	2.70
โปรไฟล์	2.80
โปลิโอ	2.70
โปสต์การ์ด	3.10
โปแลนด์	6.30
โป่งน้ำร้อน	6.70
โป๊กเกอร์	3.00
โป๊ป	2.50
โป๊ะ	1.50
โป๊ะแตก	1.50
โพซิตรอน	2.90
โพทะเล	6.20
โพธาราม	6.30
โพธิ์ชัย	6.40
โพธิ์ตาก	6.40
โพธิ์ทอง	6.40
โพธิ์นิมิตร	6.70
โพธิ์ประทับช้าง	7.10
โพธิ์ศรีสุวรรณ	7.00
โพธิ์ไทร	6.40
โพนทราย	6.30
โพนทอง	6.20
โพนนาแก้ว	6.50
โพนพิสัย	6.40
โพนสวรรค์	6.50
โพรดักชันส์	3.20
โพรมิเทียม	3.10
โพรมีเทียม	3.10
โพรเจกเตอร์	3.20
โพรเซส	2.70
โพรเซสเซอร์	3.20
โพรเบอร์ไทต์	3.30
โพรโตไทป์	3.00
โพรโทเซราท็อปส์	3.60
โพรโทแอกทิเนียม	3.60
โพรโทไทป์	3.00
โพรโมชัน	2.90
โพรโมต	2.70
โพรไฟล์	2.80
โพลีเอสเตอร์	3.30
โพส	2.50
โพสต์	2.60
โพสต์ทูเดย์	3.20
โพสท์	0.50
โพแทช	2.60
โพแทสเซียม	3.10
โฟกัส	2.60
โฟตอน	2.60
โฟน	2.50
โฟลว์	2.60
โฟลเรนไซต์	3.10
โฟลโกไพต์	3.00
โฟโตอิเล็กทริก	3.50
โฟโต้ชอป	2.90
โมซัมบิก	6.40
โมดูล	3.10
โมนาโก	6.20
โมนาไซต์	2.90
โมบาย	2.60
โมบายแบงก์กิ้ง	4.50
โมบิลิโอ	3.40
โมร็อกโก	6.40
โมลิบดีนัม	3.10
โมลิบดีไนต์	3.20
โมฮาไวต์	2.90
โมเดล	3.10
โมเดลทรี	3.40
โมเดลวาย	3.40
โมเดลเอส	3.40
โมเดลเอ็กซ์	3.70
โมเดอร์นา	4.00
โมเดิร์น	2.90
โมเด็ม	3.20
โมเมนต์	2.80
โมเลกุล	2.80
โมเลกุลาร์	3.10
โมเสก	2.60
โมเอะ	2.60
โมเอะคาวาอี้	3.30
โมโตโรลา	2.90
โมโนแซ็กคาไรด์	3.50
โมไบล์	2.70
โยคะ	2.50
โยธินบูรณะ	4.10
โยเกิร์ต	3.40
โรคกรดไหลย้อน	4.40
โรคกรดไหลย้อนนอกหลอดอาหาร	5.00
โรคกรดไหลย้อนเงียบ	4.90
โรคกรรมพันธุ์	4.40
โรคกรวยไตอักเสบ	4.60
โรคกระดูกพรุน	4.40
โรคกระดูกอ่อนในเด็ก	5.00
โรคกระเพาะ	4.10
โรคกระเพาะอาหาร	4.60
โรคกลัว	3.80
โรคกลัวการขาดมือถือ	5.00
โรคกลัวการเข้าสังคม	5.00
โรคกลัวความสูง	4.50
โรคกลัวตกกระแส	4.50
โรคกลัวทะเล	4.20
โรคกลัวที่ชุมชน	4.60
โรคกลัวที่สูง	4.40
โรคกลัวที่โล่ง	4.50
โรคกลัวน้ำ	4.10
โรคกลัวพิการ	4.30
โรคกลัวมหาสมุทร	4.60
โรคกลัวรัก	4.10
โรคกลัวรู	4.00
โรคกลัวสี	4.00
โรคกลัวอิสลาม	4.40
โรคกลัวโรงเรียน	4.60
โรคกล้ามเนื้อฝ่อจากไขสันหลัง	5.00
โรคกล้ามเนื้อลายสลาย	5.00
โรคกล้ามเนื้อลีบดูเชน	5.00
โรคกล้ามเนื้อหัวใจขาดเลือด	5.00
โรคกล้ามเนื้อหัวใจตาย	5.00
โรคกล้ามเนื้อหัวใจอักเสบ	5.00
โรคกล้ามเนื้ออ่อนแรงชนิดร้าย	5.00
โรคกล้ามเนื้อเสื่อมดูเชน	5.00
โรคกอรัม	3.90
โรคกอร์แดม	4.10
โรคกอร์แฮมดิซีส	4.60
โรคกามวิตถาร	4.30
โรคกามวิปริต	4.30
โรคกาฬม่วง	4.10
โรคกำพร้า	4.00
โรคกำแพงพัง	4.20
โรคกุ้งตายด่วน	4.50
โรคของซีลิแอ็ก	4.50
โรคของปอด	4.00
โรคของระบบประสาท	4.70
โรคของระบบหายใจ	4.60
โรคของหลอดเลือดส่วนปลาย	5.00
โรคของหลอดเลือดแดงส่วนปลาย	5.00
โรคของไอออนแชนเนล	4.80
โรคข้อจากโรคระบบประสาท	5.00
โรคข้ออักเสบ	4.30
โรคข้ออักเสบจากไวรัส	5.00
โรคข้ออักเสบรูมาตอยด์	5.00
โรคข้อเสื่อม	4.30
โรคข้อแบบปฏิกิริยา	4.90
โรคข้อไหล่ติด	4.40
โรคคริสต์มาส	4.30
โรคความคิด	4.10
โรคความจำเสื่อม	4.60
โรคความดันสูง	4.40
โรคความดันเลือดสูง	4.90
โรคความดันโลหิตสูง	4.90
โรคความเสื่อม	4.40
โรคคอตีบ	3.90
โรคคอนเวอร์ชัน	4.50
โรคคอพอก	3.90
โรคคอพอกตาโปน	4.40
โรคคอพอกเป็นพิษ	4.60
โรคคะวะซะกิ	4.20
โรคคาวาซากิ	4.20
โรคคุดทะราด	4.20
โรคคูรุ	3.80
โรคคูรู	3.80
โรคงูสวัด	4.00
โรคจมูกอักเสบจากภูมิแพ้	5.00
โรคจอตามีสารสี	4.50
โรคจอตาเหตุเบาหวาน	4.90
โรคจากการทำงาน	4.50
โรคจากการประกอบอาชีพ	5.00
โรคจากงานอาชีพ	4.50
โรคจากหมู่เลือดอาร์เอช	5.00
โรคจากไข่พยาธิตัวตืด	5.00
โรคจิต	3.70
โรคจิตชักนำโดยสาร	4.80
โรคจิตทำให้เกิดโดยสาร	5.00
โรคจิตที่ชักนำโดยสาร	5.00
โรคจิตที่ทำให้เกิดโดยสาร	5.00
โรคจิตที่สารชักนำ	4.80
โรคจิตที่สารทำให้เกิด	5.00
โรคจิตระยะสั้น	4.50
โรคจิตหวาดระแวง	4.60
โรคจิตเภท	4.00
โรคจิตเวช	4.00
โรคจิตเหตุขาดไทรอยด์	5.00
โรคจีบีเอส	4.10
โรคจุดภาพชัดของจอตาเสื่อม	5.00
โรคจู๋	3.70
โรคฉี่หนู	4.00
โรคฉี่หอม	4.00
โรคชอบขโมย	4.10
โรคชอบหยิบฉวย	4.40
โรคชอบเด็ก	4.10
โรคชอบแต่งกายลักเพศ	5.00
โรคชากาส	3.90
โรคชิคุนกุนยา	4.40
โรคชิคุนกุนย่า	4.50
โรคซนสมาธิสั้น	4.50
โรคซาร์	3.80
โรคซาร์ส	3.90
โรคซิฟิลิส	4.10
โรคซิฟิลิสแต่กำเนิด	5.00
โรคซิลิแอ็ก	4.20
โรคซีลิแอก	4.10
โรคซีลิแอ็ก	4.20
โรคซีลีแอก	4.10
โรคซึมเศร้า	4.20
โรคซึมเศร้าซ้ำ	4.50
โรคซึมเศร้าตามฤดูกาล	5.00
โรคซึมเศร้าหลังคลอด	5.00
โรคซึมเศร้าแบบจิตหลอน	5.00
โรคดัตช์	3.90
โรคดิสมอร์เฟีย	4.50
โรคดิสโซสิเอทีฟ	4.60
โรคดูเชน	3.90
โรคด่างขาว	4.10
โรคตับจากแอลกอฮอล์	4.90
โรคตับอักเสบ	4.30
โรคตับอักเสบซี	4.50
โรคตับแข็ง	4.10
โรคตายด่วนในกุ้ง	4.70
โรคตาแดง	3.90
โรคติดต่อ	4.00
โรคติดต่อทางอวัยวะเพศ	5.00
โรคติดต่อทางเพศสัมพันธ์	5.00
โรคติดเชื้อ	4.20
โรคติดเชื้อทางเดินหายใจ	5.00
โรคติดเชื้อบรูเซลลา	5.00
โรคติดเชื้อลิชมาเนีย	5.00
โรคติดเชื้อลิสเทอเรีย	5.00
โรคติดเชื้ออุบัติใหม่	5.00
โรคติดเชื้อแบคทีเรีย	5.00
โรคติดเชื้อโมโนนิวคลิโอซิส	5.00
โรคติดเชื้อโมโนนิวคลีโอซิส	5.00
โรคติดเชื้อไวรัส	4.70
โรคติดเชื้อไวรัสฮันตา	5.00
โรคตื่นตระหนก	4.40
โรคตุ่มน้ำพอง	4.40
โรคตุ่มพุพอง	4.30
โรคต่อมลูกหมากโต	4.70
โรคต้องการแปลงเพศ	4.80
โรคต้อหิน	4.00
โรคถึงจุดสุดยอดพร่ำเพรื่อ	5.00
โรคถุงน้ำรังไข่หลายใบ	5.00
โรคถุงผนังลำไส้อักเสบ	5.00
โรคถุงลมโป่งพอง	4.60
โรคถูกสาป	4.00
โรคถ้ำมอง	4.00
โรคทอกโซพลาสโมซิส	4.80
โรคทากายาสุ	4.20
โรคทางความคิด	4.40
โรคทางจิตเวช	4.30
โรคทางจิตใจ	4.20
โรคทางบุคลิกภาพ	4.60
โรคทางพันธุกรรม	4.60
โรคทางหน้าที่	4.40
โรคทางอารมณ์	4.30
โรคทางเดินหายใจจากฮันตาไวรัส	5.00
โรคทางเดินหายใจตะวันออกกลาง	5.00
โรคทางเดินอาหารโดยหน้าที่	5.00
โรคทาลัสซีเมีย	4.50
โรคที่ป้องกันได้ด้วยวัคซีน	5.00
โรคที่พบตั้งแต่กำเนิด	5.00
โรคที่หก	3.90
โรคที่หายาก	4.20
โรคที่เกิดจากเรณูดอกไม้	5.00
โรคที่เป็นแต่กำเนิด	5.00
โรคที่ไม่ได้รับการรักษา	5.00
โรคทูลารีเมีย	4.40
โรคท่อน้ำดีตัน	4.50
โรคท้องผูก	4.10
โรคท้าวแสนปม	4.30
โรคธาลัสซีเมีย	4.50
โรคนอนชักนำโดยกาเฟอีน	5.00
โรคนอนเหตุกาเฟอีน	4.80
โรคนอนไม่หลับ	4.40
โรคนอนไม่หลับมรณะ	4.80
โรคนิวโมคอคคัส	4.50
โรคนิ่วปัสสาวะ	4.50
โรคนิ่วไต	4.00
โรคนิ้วล็อก	4.20
โรคน้ำกัดเท้า	4.40
โรคน้ำในหูไม่เท่ากัน	5.00
โรคบรูกาด้า	4.20
โรคบัวเนวิล	4.20
โรคบิด	3.70
โรคบิดจากเชื้อชิเกลลา	5.00
โรคบิดมีตัว	4.20
โรคบิดไม่มีตัว	4.50
โรคบุคลิกภาพ	4.30
โรคบุคลิกภาพผิดปกติ	5.00
โรคบุคลิกภาพแตกแยก	4.90
โรคบูลิเมียเนอร์โวซา	5.00
โรคปมประสาทบาซัล	4.70
โรคประสาท	4.00
โรคปลอกประสาทอักเสบ	5.00
โรคปลอกประสาทเสื่อมแข็ง	5.00
โรคปวดข้อยุงลาย	4.60
โรคปอดบวม	4.00
โรคปอดอักเสบ	4.30
โรคปอดอุดกั้นเรื้อรัง	5.00
โรคปอดเรื้อรังในทารกแรกเกิด	5.00
โรคปัสสาวะน้ำเชื่อมเมเพิล	5.00
โรคปัสสาวะหอม	4.40
โรคปากแหว่ง	4.20
โรคผมร่วงเป็นหย่อม	4.90
โรคผอมแห้งเรื้อรัง	4.90
โรคผิวหนังเกล็ดปลา	4.90
โรคฝีดาษ	3.90
โรคฝีดาษลิง	4.20
โรคฝุ่นจับปอด	4.40
โรคฝุ่นหินจับปอด	4.70
โรคพยาธิกีเนีย	4.50
โรคพยาธิตาบอด	4.40
โรคพยาธิหอยโข่ง	4.60
โรคพยาธิแส้ม้า	4.50
โรคพยาธิใบไม้เลือด	4.90
โรคพยาธิใบไม้โลหิต	4.90
โรคพยาธิใบไม้ในเลือด	5.00
โรคพยาธิไส้เดือน	4.70
โรคพันธุกรรม	4.30
โรคพาร์กินสัน	4.40
โรคพาร์คินสัน	4.40
โรคพิษสุนัขบ้า	4.50
โรคพิษสุรา	4.10
โรคพิษแห่งครรภ์	4.60
โรคพิษแห่งครรภ์ระยะก่อนชัก	5.00
โรคพิษแห่งครรภ์ระยะชัก	5.00
โรคพุพอง	3.90
โรคพุ่มพวง	4.10
โรคฟอนริกกลิงเฮาเซน	5.00
โรคภัยเนื่องจากอาชีพ	5.00
โรคภูมิคุ้มกันบกพร่อง	5.00
โรคภูมิต้านตนเอง	4.70
โรคภูมิแพ้	4.10
โรคภูมิแพ้จมูก	4.50
โรคภูมิแพ้ตัวเอง	4.70
โรคมะเร็ง	4.00
โรคมะเร็งคาโปซี	4.60
โรคมะเร็งตับอ่อน	4.70
โรคมะเร็งปอด	4.30
โรคมะเร็งเต้านม	4.60
โรคมะเร็งเม็ดเลือดขาว	5.00
โรคมัลติเพิลสเกลอโรซิส	5.00
โรคมาลาเรีย	4.20
โรคมินะมะตะ	4.20
โรคมินามาตะ	4.20
โรคมีอารมณ์ทางเพศกับเด็ก	5.00
โรคมีอารมณ์เพศกับเด็ก	5.00
โรคมีเนีย	4.00
โรคมีเนียร์	4.20
โรคมือเท้าปาก	4.40
โรคมือเท้าและปาก	4.70
โรคย้ำคิดย้ำทำ	4.50
โรครองช้ำ	4.00
โรคระบบประสาทเสื่อม	5.00
โรคระบบหัวใจหลอดเลือด	5.00
โรคระบบหัวใจและหลอดเลือด	5.00
โรคระบบหายใจ	4.30
โรคระบาด	3.90
โรคระบาดครั้งใหญ่ในลอนดอน	5.00
โรคระบาดจัสติเนียน	4.90
โรคระบาดทั่ว	4.30
โรคระบาดทางการเงิน	4.90
โรคระบาดยุสตินิอานุส	5.00
โรคระบาดแอนโทนิน	4.70
โรครังไข่มีถุงน้ำหลายใบ	5.00
โรครับจากสัตว์	4.50
โรคริดสีดวงตา	4.40
โรคริดสีดวงทวาร	4.60
โรครินเดอร์เปสต์	4.70
โรครูมาตอยด์	4.30
โรคลงราก	3.90
โรคลดความกด	4.20
โรคลดความกดอากาศ	4.70
โรคลมชัก	3.90
โรคลมชักกับสมองกลีบท้ายทอย	5.00
โรคลมชักชนิดต่อเนื่อง	5.00
โรคลมบ้าหมู	4.20
โรคลมปัจจุบัน	4.40
โรคลมหลับ	4.00
โรคลมเหตุร้อน	4.40
โรคลมเหตุหลอดเลือดสมอง	5.00
โรคลมแดด	3.90
โรคลักปิดลักเปิด	4.70
โรคลำยอง	3.90
โรคลำไส้อักเสบจากไวรัสโรตา	5.00
โรคลำไส้แปรปรวน	4.60
โรคลิชมาเนีย	4.30
โรคลิ้นหัวใจ	4.30
โรคลืม	3.70
โรคลุดวิก	4.00
โรคลูคิเมีย	4.20
โรคลูคีเมีย	4.20
โรคลูปัส	3.90
โรคลูปุส	3.90
โรควอนวิลลิแบรนด์	4.80
โรควัณโรค	4.00
โรควัวบ้า	4.00
โรควิตกกังวล	4.30
โรควิตกกังวลทั่วไป	4.90
โรควิตกกังวลไปทั่ว	4.90
โรคสติลล์ชนิดที่พบในผู้ใหญ่	5.00
โรคสติลล์ในผู้ใหญ่	4.90
โรคสมอง	3.80
โรคสมองจากการบาดเจ็บเรื้อรัง	5.00
โรคสมองจากตับ	4.40
โรคสมองบาดเจ็บเรื้อรัง	5.00
โรคสมองอักเสบ	4.40
โรคสมองเสื่อม	4.40
โรคสมองเหตุตับ	4.50
โรคสมาธิสั้น	4.30
โรคสะเก็ดเงิน	4.40
โรคสันนิบาต	4.20
โรคสั่นเพ้อเหตุขาดสุรา	5.00
โรคสำลักในหลอดอาหาร	5.00
โรคสเปกตรัมอารมณ์สองขั้ว	5.00
โรคส่งผ่านทางเพศสัมพันธ์	5.00
โรคหนองในแท้	4.30
โรคหนังแข็ง	4.20
โรคหน้าที่	4.10
โรคหมอทำ	3.90
โรคหมาว้อ	4.00
โรคหยุดหายใจ	4.30
โรคหลงตัวเอง	4.30
โรคหลงผิด	4.00
โรคหลอดลมฝอยอักเสบ	4.90
โรคหลอดลมพอง	4.30
โรคหลอดลมโป่งพอง	4.70
โรคหลอดเลือดสมอง	4.70
โรคหลอดเลือดสมองเฉียบพลัน	5.00
โรคหลอดเลือดส่วนปลาย	5.00
โรคหลอดเลือดหัวใจ	4.80
โรคหลอดเลือดเลี้ยงหัวใจ	5.00
โรคหลอดเลือดแดงส่วนปลาย	5.00
โรคหลอดเลือดแดงแข็ง	5.00
โรคหลอดเลือดและหัวใจ	5.00
โรคหวัด	3.80
โรคหวัดทั่วไป	4.40
โรคหวัดธรรมดา	4.40
โรคหอบ	3.70
โรคหอบทางอารมณ์	4.60
โรคหอบหืด	4.00
โรคหัด	3.70
โรคหัดเยอรมัน	4.40
โรคหัดแมว	4.00
โรคหัวใจ	3.90
โรคหัวใจขาดเลือด	4.70
โรคหัวใจผิดปกติแต่กำเนิด	5.00
โรคหัวใจพิการแต่กำเนิด	5.00
โรคหัวใจร่วมหลอดเลือด	5.00
โรคหัวใจล้มเหลว	4.60
โรคหัวใจวาย	4.20
โรคหัวใจหลอดเลือด	4.80
โรคหัวใจเกี่ยวเนื่องกับปอด	5.00
โรคหัวใจเต้นผิดจังหวะ	5.00
โรคหัวใจแต่กำเนิด	4.80
โรคหัวใจและหลอดเลือด	5.00
โรคหายาก	3.90
โรคหำหด	3.80
โรคหืด	3.70
โรคหืดหอบ	4.00
โรคห่า	3.70
โรคอหิวาต์แอฟริกาในสุกร	5.00
โรคออทิซึม	4.10
โรคออทิสติก	4.20
โรคอะคาเลเซีย	4.40
โรคอัมพาตเฉียบพลัน	4.90
โรคอัลซไฮเมอร์	4.50
โรคอัลไซเมอร์	4.40
โรคอารมณ์สองขั้ว	4.70
โรคอารมณ์สองขั้วประเภทสอง	5.00
โรคอารมณ์สองขั้วประเภทหนึ่ง	5.00
โรคอารมณ์สองขั้วเป็นสเปกตรัม	5.00
โรคอารมณ์หมุนเวียน	4.90
โรคอารมณ์แปรปรวน	4.70
โรคอาร์พี	4.00
โรคอาเจียนเรื้อรัง	4.90
โรคอาเจียนเวียนซ้ำ	4.90
โรคอิไตอิไต	4.20
โรคอีสุกอีใส	4.30
โรคอ้วน	3.80
โรคฮอดจ์กิน	4.20
โรคฮอด์จกิน	4.20
โรคฮันติงตัน	4.30
โรคฮีโมฟิเลีย	4.40
โรคฮีโมฟิเลียชนิดบี	5.00
โรคฮีโมฟิเลียในราชวงศ์ยุโรป	5.00
โรคฮีโมฟีเลียชนิดบี	5.00
โรคฮีโมโกลบินผิดปกติ	5.00
โรคามาดูร์	4.10
โรคุสมิช	3.90
โรคุสมิสช์	4.10
โรคเกรฟ	3.80
โรคเกรฟส์	4.00
โรคเกลื้อน	4.10
โรคเกาต์	3.90
โรคเกาท์	3.90
โรคเกาเชอร์	4.20
โรคเกิดจากงาน	4.40
โรคเก็บสะสมของ	4.50
โรคเก๊าท์	4.00
โรคเขตร้อน	4.10
โรคเขตร้อนที่ถูกละเลย	5.00
โรคเข่าเสื่อม	4.40
โรคเคซอง	3.90
โรคเจิมบรานา	4.30
โรคเชิงหน้าที่	4.50
โรคเซลิแอค	4.10
โรคเซโรโทนิน	4.30
โรคเทอร์เนอร์	4.40
โรคเท้าช้าง	4.20
โรคเนื้องอกของต่อมใต้สมอง	5.00
โรคเนื้อเน่า	4.30
โรคเนเกลอริเอซิส	4.70
โรคเบอร์เกอร์	4.40
โรคเบาหวาน	4.10
โรคเบื่ออาหารเหตุจิตใจ	5.00
โรคเพลียความร้อน	4.70
โรคเมนิแยร์	4.20
โรคเมลิออยด์	4.30
โรคเมลิออยโดซิส	4.60
โรคเมอร์ส	4.00
โรคเมิร์สคอฟ	4.30
โรคเม็ดเลือดแดงรูปเคียว	5.00
โรคเม็ดเลือดแดงแตกในทารก	5.00
โรคเยื่อหุ้มปอดอักเสบ	5.00
โรคเริม	3.80
โรคเรื้อน	4.00
โรคเลปโตสไปโรซีส	4.70
โรคเลือดจาง	4.20
โรคเลือดจางเพราะขาดธาตุเหล็ก	5.00
โรคเลือดจางเพราะขาดโฟเลต	5.00
โรคเลือดจางเพราะพร่องโฟเลต	5.00
โรคเลือดจางเหตุขาดธาตุเหล็ก	5.00
โรคเลือดจางเหตุขาดโฟเลต	5.00
โรคเลือดจางเหตุพร่องโฟเลต	5.00
โรคเลือดออกตามไรฟัน	5.00
โรคเล็ปโตสไปโรซิส	4.80
โรคเล็ปโตสไปโรซีส	4.80
โรคเศร้าซึม	4.20
โรคเสื่อม	4.00
โรคเสื่อมของระบบประสาท	5.00
โรคเหงาหลับ	4.20
โรคเหตุอาชีพ	4.30
โรคเหน็บชา	4.10
โรคเหือด	3.90
โรคเอกซ์	3.90
โรคเอชไอวี	4.10
โรคเอดส์	3.90
โรคเอสแอลอี	4.20
โรคเฮิร์ชสปรัง	4.50
โรคเฮิร์ซปรุง	4.40
โรคเฮโมฟีเลียในราชวงศ์ยุโรป	5.00
โรคแกลนเดอส์	4.30
โรคแคงเกอร์	4.20
โรคแคงเกอร์ในพืชสกุลส้ม	5.00
โรคแทรก	3.80
โรคแทรกซ้อน	4.20
โรคแทรกแซง	4.10
โรคแบคทีเรียกินเนื้อ	5.00
โรคแผลปากหมู	4.30
โรคแผลเปื่อยเพปติก	4.90
โรคแผลในกระเพาะอาหาร	5.00
โรคแพ้คลื่นแม่เหล็กไฟฟ้า	5.00
โรคแพ้ภูมิ	4.10
โรคแพ้ภูมิตัวเอง	4.70
โรคแอดดิสัน	4.20
โรคแอนแทรกซ์	4.30
โรคแอมิลอยด์	4.30
โรคแอมีลอยด์	4.30
โรคโกเชร์	4.00
โรคโกเช่	3.90
โรคโกเช่ร์	4.10
โรคโครห์น	4.00
โรคโครโมโซมผิดปกติ	4.90
โรคโซมาโตฟอร์ม	4.50
โรคโดยการทำงาน	4.50
โรคโดยหน้าที่	4.40
โรคโนเบล	3.90
โรคโปลิโอ	4.00
โรคโปลิโอเฉียบพลัน	4.90
โรคโมยาโมยา	4.20
โรคโมโน	3.80
โรคโลหิตจาง	4.20
โรคโลหิตจางเพราะขาดธาตุเหล็ก	5.00
โรคโลหิตจางเพราะขาดโฟเลต	5.00
โรคโลหิตจางเพราะพร่องโฟเลต	5.00
โรคโลหิตจางเหตุขาดธาตุเหล็ก	5.00
โรคโลหิตจางเหตุขาดโฟเลต	5.00
โรงเรียนกงไกรลาศวิทยา	5.00
โรงเรียนกฎหมาย	4.50
โรงเรียนกรรณสูตศึกษาลัย	5.00
โรงเรียนกระสังพิทยาคม	5.00
โรงเรียนกรุงเทพคริสเตียน	5.00
โรงเรียนกวดวิชา	4.60
โรงเรียนกวดวิชาวรรณสรณ์	5.00
โรงเรียนกันทรวิชัย	4.90
โรงเรียนกันทรารมณ์	4.90
โรงเรียนกัลยาณวัตร	4.90
โรงเรียนกัลยาณีศรีธรรมราช	5.00
โรงเรียนการทหารหวงผู่	5.00
โรงเรียนการบินทหารบก	5.00
โรงเรียนการป่าไม้	4.80
โรงเรียนการป่าไม้แพร่	5.00
โรงเรียนการเรือนพระนคร	5.00
โรงเรียนการไปรษณีย์	5.00
โรงเรียนกาวิละวิทยาลัย	5.00
โรงเรียนกาสรกสิวิทย์	5.00
โรงเรียนกำเนิดวิทย์	5.00
โรงเรียนกำแพงเพชรพิทยาคม	5.00
โรงเรียนกีรติศึกษา	4.90
โรงเรียนกุดขอนแก่นวิทยาคม	5.00
โรงเรียนกุดดินจี่พิทยาคม	5.00
โรงเรียนกุดรังประชาสรรค์	5.00
โรงเรียนกู่จานวิทยาคม	5.00
โรงเรียนกู่ทองพิทยาคม	5.00
โรงเรียนกู่สวนแตงพิทยาคม	5.00
โรงเรียนก่อสร้างดุสิต	5.00
โรงเรียนก้านเหลืองวิทยาคม	5.00
โรงเรียนขอนแก่นวิทยายน	5.00
โรงเรียนขอนแก่นวิทยายน๒	5.00
โรงเรียนขอนแก่นวิทยายน๓	5.00
โรงเรียนขอนแก่นวิทยาลัย	5.00
โรงเรียนขอนแก่นวิเทศศึกษา	5.00
โรงเรียนขาณุวิทยา	4.80
โรงเรียนขุนตาลวิทยาคม	5.00
โรงเรียนข้าราชการพลเรือน	5.00
โรงเรียนข้าราชการพลเรือนฯ	5.00
โรงเรียนคณะราษฎรบำรุงยะลา	5.00
โรงเรียนคลองฉนวนวิทยา	5.00
โรงเรียนคลองบ้านระกาศ	5.00
โรงเรียนคลองสิบสาม	4.90
โรงเรียนคลองหาดพิทยาคม	5.00
โรงเรียนคลองเมืองพิทยาคม	5.00
โรงเรียนคอนสารวิทยาคม	5.00
โรงเรียนคำแสนวิทยาสรรค์	5.00
โรงเรียนคุ้งตะเภา	4.80
โรงเรียนจอมทอง	4.50
โรงเรียนจักรคำคณาทร	5.00
โรงเรียนจักราชวิทยา	5.00
โรงเรียนจิตรลดา	4.60
โรงเรียนชลกันยานุกูล	5.00
โรงเรียนชลประทานวิทยา	5.00
โรงเรียนชลราษฎรอำรุง	5.00
โรงเรียนชะแล้นิมิตวิทยา	5.00
โรงเรียนชัยนาทพิทยาคม	5.00
โรงเรียนชัยบาดาลวิทยา	5.00
โรงเรียนชัยบุรีพิทยา	5.00
โรงเรียนชัยภูมิภักดีชุมพล	5.00
โรงเรียนชัยเกษมวิทยา	5.00
โรงเรียนชายวังสิงห์คำ	5.00
โรงเรียนชาร์เตอร์เฮาส์	5.00
โรงเรียนชิโนรสวิทยาลัย	5.00
โรงเรียนชื่นชมพิทยาคาร	5.00
โรงเรียนชุมชนบ้านโนนเจริญ	5.00
โรงเรียนชุมชนวัดเสด็จ	5.00
โรงเรียนชุมพลโพนพิสัย	5.00
โรงเรียนชุมแพศึกษา	4.90
โรงเรียนชูธรรมานุสรณ์	5.00
โรงเรียนช่องพรานวิทยา	5.00
โรงเรียนช่างกลนนทบุรี	5.00
โรงเรียนช่างกลปทุมวัน	5.00
โรงเรียนช่างกลสยาม	4.90
โรงเรียนช่างก่อสร้างดุสิต	5.00
โรงเรียนช่างฝีมือทหาร	5.00
โรงเรียนช่างฝีมือในวัง	5.00
โรงเรียนช่างไหม	4.60
โรงเรียนดงกลางพัฒนศึกษา	5.00
โรงเรียนดรุณสิกขาลัย	5.00
โรงเรียนดรุณาราชบุรี	5.00
โรงเรียนดรุณาลัยสุขุมวิท	5.00
โรงเรียนดอยสะเก็ดวิทยาคม	5.00
โรงเรียนดาราคาม	4.60
โรงเรียนดาราวิทยาลัย	5.00
โรงเรียนดาวรุ่งวิทยา	5.00
โรงเรียนดีไซน์โรดไอแลนด์	5.00
โรงเรียนตราษตระการคุณ	5.00
โรงเรียนตรีมิตรวิทยา	5.00
โรงเรียนตะพานหิน	4.70
โรงเรียนตะละภัฏศึกษา	5.00
โรงเรียนตะโหมด	4.50
โรงเรียนตากใบ	4.40
โรงเรียนตาคลีประชาสรรค์	5.00
โรงเรียนตาดีกา	4.50
โรงเรียนตานีวิทยา	4.80
โรงเรียนตำรวจ	4.40
โรงเรียนถาวรานุกูล	4.90
โรงเรียนทวีธาภิเศก	4.90
โรงเรียนทวีรัตน์	4.70
โรงเรียนทหารอากาศอนุสรณ์	5.00
โรงเรียนทองผาภูมิวิทยา	5.00
โรงเรียนทัพทันอนุสรณ์	5.00
โรงเรียนทุ่งกะโล่	4.80
โรงเรียนทุ่งกะโล่วิทยา	5.00
โรงเรียนทุ่งสง	4.50
โรงเรียนทุ่งเจริญพัฒนา	5.00
โรงเรียนท่าข้ามพิทยาคม	5.00
โรงเรียนท่านางแนววิทยายน	5.00
โรงเรียนท่าเรือวิทยา	5.00
โรงเรียนธรรมโชติศึกษาลัย	5.00
โรงเรียนธัญบุรี	4.60
โรงเรียนธัญรัตน์	4.70
โรงเรียนธาตุนารายณ์วิทยา	5.00
โรงเรียนธีรกานท์บ้านโฮ่ง	5.00
โรงเรียนธุรกิจฮาร์วาร์ด	5.00
โรงเรียนนครขอนแก่น	4.90
โรงเรียนนครนายกวิทยาคม	5.00
โรงเรียนนครพนมวิทยาคม	5.00
โรงเรียนนครระยองวิทยาคม	5.00
โรงเรียนนครสวรรค์	4.80
โรงเรียนนครหลวง	4.60
โรงเรียนนนทรีวิทยา	4.90
โรงเรียนนวมินทราชูทิศ	5.00
โรงเรียนนักสืบคิว	4.80
โรงเรียนนาข่าวิทยาคม	5.00
โรงเรียนนางรอง	4.50
โรงเรียนนาฏดุริยางคศาสตร์	5.00
โรงเรียนนาฏศิลป	4.60
โรงเรียนนาด้วงวิทยา	5.00
โรงเรียนนาทวีวิทยาคม	5.00
โรงเรียนนานาชาติทีเอสไอ	5.00
โรงเรียนนานาชาติเซเซ็ง	5.00
โรงเรียนนานาชาติเอกมัย	5.00
โรงเรียนนาน้อย	4.50
โรงเรียนนายทหารมหาดเล็ก	5.00
โรงเรียนนายร้อย	4.60
โรงเรียนนายร้อยตำรวจ	5.00
โรงเรียนนายร้อยทหารบก	5.00
โรงเรียนนายร้อยสามพราน	5.00
โรงเรียนนายสิบทหารบก	5.00
โรงเรียนนายอำเภอ	4.70
โรงเรียนนายางกลักพิทยาคม	5.00
โรงเรียนนายเรือ	4.60
โรงเรียนนายเรือมัวร์วิก	5.00
โรงเรียนนายเรืออากาศ	5.00
โรงเรียนนายเรือเมือร์วิค	5.00
โรงเรียนนารีนุกูล	4.80
โรงเรียนนาวังศึกษาวิช	5.00
โรงเรียนนาหมื่นพิทยาคม	5.00
โรงเรียนนาหว้าพิทยาคม	5.00
โรงเรียนนาแกวิทยา	4.80
โรงเรียนนาโพธิ์พิทยาคม	5.00
โรงเรียนนาโพธิ์พิทยาสรรพ์	5.00
โรงเรียนนิกรราษฎร์บูรณะ	5.00
โรงเรียนนิคมพิมายศึกษา	5.00
โรงเรียนนูรุ้ลอิสลาม	5.00
โรงเรียนน้ำพองศึกษา	5.00
โรงเรียนน้ำสวยวิทยา	5.00
โรงเรียนบดินทรเดชา	4.90
โรงเรียนบดินทรเดชานนทบุรี	5.00
โรงเรียนบดินทรเดชา๒	5.00
โรงเรียนบดินทรเดชา๓	5.00
โรงเรียนบดินทรเดชา๔	5.00
โรงเรียนบดินทร์เดชา	5.00
โรงเรียนบพิตรภิมุข	4.90
โรงเรียนบรบือวิทยาคาร	5.00
โรงเรียนบรรจงรัตน์	4.90
โรงเรียนบอสโกพิทักษ์	5.00
โรงเรียนบัวงามวิทยา	5.00
โรงเรียนบัวใหญ่	4.60
โรงเรียนบางกรวย	4.60
โรงเรียนบางกอกพัฒนา	5.00
โรงเรียนบางกะปิ	4.60
โรงเรียนบางดีวิทยาคม	5.00
โรงเรียนบางปะกอกวิทยาคม	5.00
โรงเรียนบางพลีราษฎร์บำรุง	5.00
โรงเรียนบางมดวิทยา	4.90
โรงเรียนบางระจันวิทยา	5.00
โรงเรียนบางอ้อศึกษา	5.00
โรงเรียนบางแก้วประชาสรรค์	5.00
โรงเรียนบาลีเตรียม	4.90
โรงเรียนบำรุงไทย	4.70
โรงเรียนบึงมะลูวิทยา	5.00
โรงเรียนบึงสามพันวิทยาคม	5.00
โรงเรียนบุญวัฒนา	4.70
โรงเรียนบุญวาทย์วิทยาลัย	5.00
โรงเรียนบุรีรัมย์พิทยาคม	5.00
โรงเรียนบ่อสุพรรณวิทยา	5.00
โรงเรียนบ่อเกลือ	4.70
โรงเรียนบ้านกกค้อกกโพธิ์	5.00
โรงเรียนบ้านกันทรารมย์	5.00
โรงเรียนบ้านคุ้งตะเภา	5.00
โรงเรียนบ้านค่าย	4.70
โรงเรียนบ้านดอน	4.60
โรงเรียนบ้านดู่	4.60
โรงเรียนบ้านตาขุนวิทยา	5.00
โรงเรียนบ้านทรายทอง	5.00
โรงเรียนบ้านทุ่งกล้วย	5.00
โรงเรียนบ้านนาหว้า	4.90
โรงเรียนบ้านบึง	4.60
โรงเรียนบ้านบ่อพระ	4.90
โรงเรียนบ้านป่ารังงาม	5.00
โรงเรียนบ้านราษฎร์บำรุง	5.00
โรงเรียนบ้านสองแพรก	5.00
โรงเรียนบ้านสันโค้ง	5.00
โรงเรียนบ้านหมี่วิทยา	5.00
โรงเรียนบ้านหลวง	4.70
โรงเรียนบ้านหัวหาด	4.90
โรงเรียนบ้านหาดเสือเต้น	5.00
โรงเรียนบ้านเขานาใน	5.00
โรงเรียนบ้านเขาเทพพิทักษ์	5.00
โรงเรียนบ้านเค็ม	4.70
โรงเรียนบ้านเหล่าแดง	5.00
โรงเรียนบ้านแก้ว	4.70
โรงเรียนบ้านแม่โต๋	4.90
โรงเรียนบ้านโคกยาง	4.90
โรงเรียนบ้านโป่งแดง	5.00
โรงเรียนบ้านไถงตรง	4.90
โรงเรียนบ้านไผ่	4.60
โรงเรียนปทุมคงคา	4.70
โรงเรียนปทุมวิไล	4.70
โรงเรียนปทุมเทพวิทยาคาร	5.00
โรงเรียนประชานิเวศน์	5.00
โรงเรียนประชาพัฒนา	4.90
โรงเรียนประชารัฐธรรมคุณ	5.00
โรงเรียนประชาสงเคราะห์	5.00
โรงเรียนประถมศึกษา	4.90
โรงเรียนประถมโซคาโตเกียว	5.00
โรงเรียนประทาย	4.50
โรงเรียนประสาทวิทยาคาร	5.00
โรงเรียนประสารวิทยา	5.00
โรงเรียนประโคนชัยพิทยาคม	5.00
โรงเรียนปราจิณราษฎรอำรุง	5.00
โรงเรียนปราณีเนาวบุตร	5.00
โรงเรียนปราสาทวิทยาคม	5.00
โรงเรียนปริยัติโกศลวิทยา	5.00
โรงเรียนปรุงยา	4.50
โรงเรียนปลัดอำเภอ	4.80
โรงเรียนปลายพระยาวิทยาคม	5.00
โรงเรียนปล้องวิทยาคม	5.00
โรงเรียนปัว	4.20
โรงเรียนปากช่อง	4.60
โรงเรียนปากพนัง	4.60
โรงเรียนปากเกร็ด	4.70
โรงเรียนปากเพรียววิทยาคม	5.00
โรงเรียนปางศิลาทองศึกษา	5.00
โรงเรียนปายวิทยาคาร	5.00
โรงเรียนปาโมกข์วิทยาภูมิ	5.00
โรงเรียนปิยมาตย์	4.70
โรงเรียนปิยะบุตร์	4.80
โรงเรียนปิยะมหาราชาลัย	5.00
โรงเรียนป่วนก๊วนคนบ๊อง	5.00
โรงเรียนป่วนนักเรียนเป๋อ	5.00
โรงเรียนป่าขนุนเจริญวิทยา	5.00
โรงเรียนป่าตาลบ้านธิพิทยา	5.00
โรงเรียนผดุงนารี	4.70
โรงเรียนผาสามยอดวิทยาคม	5.00
โรงเรียนผาอินทร์แปลงวิทยา	5.00
โรงเรียนผีมีอยู่ว่า	5.00
โรงเรียนผู้นำ	4.40
โรงเรียนฝางชนูปถัมภ์	5.00
โรงเรียนฝางพิทยาคม	4.90
โรงเรียนฝางวิทยายน	4.90
โรงเรียนฝึกหัดครู	4.80
โรงเรียนฝึกหัดอาจารย์	5.00
โรงเรียนพงษ์ศิริวิทยา	5.00
โรงเรียนพณิชยการพระนคร	5.00
โรงเรียนพนมทวนชนูปถัมภ์	5.00
โรงเรียนพนมสารคาม	4.80
โรงเรียนพนัสพิทยาคาร	5.00
โรงเรียนพนาสนวิทยา	4.90
โรงเรียนพยัคฆภูมิวิทยาคาร	5.00
โรงเรียนพยาบาลรามาธิบดี	5.00
โรงเรียนพยุหะวิทยา	4.90
โรงเรียนพรตพิทยพยัต	5.00
โรงเรียนพรรคกลาง	4.70
โรงเรียนพรรคส่วนกลาง	5.00
โรงเรียนพรหมคีรีพิทยาคม	5.00
โรงเรียนพระกุมารมหาสารคาม	5.00
โรงเรียนพระกุมารร้อยเอ็ด	5.00
โรงเรียนพระกุมารศึกษา	5.00
โรงเรียนพระนารายณ์	4.90
โรงเรียนพระบางวิทยา	5.00
โรงเรียนพระปฐมวิทยาลัย	5.00
โรงเรียนพระปริยัติธรรม	5.00
โรงเรียนพระหฤทัยคอนแวนต์	5.00
โรงเรียนพระหฤทัยดอนเมือง	5.00
โรงเรียนพระหฤทัยเชียงใหม่	5.00
โรงเรียนพระแสงวิทยา	5.00
โรงเรียนพระโขนงพิทยาลัย	5.00
โรงเรียนพร้อม	4.40
โรงเรียนพหุศิลป์ฮันลิม	5.00
โรงเรียนพะเยาพิทยาคม	5.00
โรงเรียนพัฒนานิคม	4.80
โรงเรียนพัทลุง	4.50
โรงเรียนพานพิทยาคม	4.90
โรงเรียนพานพิเศษพิทยา	5.00
โรงเรียนพิจิตรพิทยาคม	5.00
โรงเรียนพิจิตรอินเตอร์	5.00
โรงเรียนพิชญศึกษา	4.80
โรงเรียนพิบูลมังสาหาร	5.00
โรงเรียนพิบูลวิทยาลัย	5.00
โรงเรียนพิริยาลัย	4.80
โรงเรียนพิษณุโลกพิทยาคม	5.00
โรงเรียนพุทธโกศัยวิทยา	5.00
โรงเรียนพุทไธสง	4.60
โรงเรียนพูลเจริญวิทยาคม	5.00
โรงเรียนฟุโดมิเนะ	4.80
โรงเรียนภราดานุสรณ์	5.00
โรงเรียนภักดีชุมพลวิทยา	5.00
โรงเรียนภัทรบพิตร	4.80
โรงเรียนภูกระดึงวิทยาคม	5.00
โรงเรียนภูเก็ตวิทยาลัย	5.00
โรงเรียนภูเรือวิทยา	5.00
โรงเรียนภูเวียงวิทยาคม	5.00
โรงเรียนภู่วิทยา	4.70
โรงเรียนมงฟอร์ต	4.60
โรงเรียนมงฟอร์ตวิทยาลัย	5.00
โรงเรียนมณีวัฒนา	4.70
โรงเรียนมวกเหล็กวิทยา	5.00
โรงเรียนมหรรณพาราม	4.90
โรงเรียนมหาชัยพิทยาคาร	5.00
โรงเรียนมหาดเล็ก	4.70
โรงเรียนมหาดเล็กหลวง	5.00
โรงเรียนมหาวชิราวุธ	5.00
โรงเรียนมหาวชิราวุธสงขลา	5.00
โรงเรียนมหาวิชานุกูล	5.00
โรงเรียนมหาไถ่ศึกษาเลย	5.00
โรงเรียนมหิดลวิทยานุสรณ์	5.00
โรงเรียนมัญจาศึกษา	4.90
โรงเรียนมัธยมดงยาง	4.90
โรงเรียนมัธยมด่านขุนทด	5.00
โรงเรียนมัธยมด่านสำโรง	5.00
โรงเรียนมัธยมตากสินระยอง	5.00
โรงเรียนมัธยมทันว็อน	5.00
โรงเรียนมัธยมปลายนึงกก	5.00
โรงเรียนมัธยมปลายแดยอง	5.00
โรงเรียนมัธยมปลายแทย็อง	5.00
โรงเรียนมัธยมปลายโทกิวางิ	5.00
โรงเรียนมัธยมยางสีสุราช	5.00
โรงเรียนมัธยมยานากาวา	5.00
โรงเรียนมัธยมวัดด่านสำโรง	5.00
โรงเรียนมัธยมวัดธาตุทอง	5.00
โรงเรียนมัธยมวัดนายโรง	5.00
โรงเรียนมัธยมวัดบางปะกอก	5.00
โรงเรียนมัธยมวัดสิงห์	5.00
โรงเรียนมัธยมวัดหนองแขม	5.00
โรงเรียนมัธยมวัดเขาสุกิม	5.00
โรงเรียนมัธยมวานรนิวาส	5.00
โรงเรียนมัธยมศึกษา	4.90
โรงเรียนมัธยมหนองเขียด	5.00
โรงเรียนมัธยมหอวัง	4.90
โรงเรียนมัธยมโซกะโตเกียว	5.00
โรงเรียนมัธยมโซคา	4.80
โรงเรียนมัธยมโซคาโตเกียว	5.00
โรงเรียนมารดาดรุณีรักษ์	5.00
โรงเรียนมารีย์วิทยา	5.00
โรงเรียนมารีย์อนุสรณ์	5.00
โรงเรียนมารีย์อุปถัมภ์	5.00
โรงเรียนมารีวิทยา	4.80
โรงเรียนมารีวิทย์สัตหีบ	5.00
โรงเรียนมาแตร์เดอี	4.90
โรงเรียนมิตรภาพ	4.60
โรงเรียนมินฮาจญ์อิสลาม	5.00
โรงเรียนมุกดาหาร	4.70
โรงเรียนยอแซฟอุปถัมภ์	5.00
โรงเรียนยางวิทยาคม	4.90
โรงเรียนยุพราชวิทยาลัย	5.00
โรงเรียนรวมมิตรวิทยา	5.00
โรงเรียนระยองวิทยาคม	5.00
โรงเรียนรังษีวิทยา	4.90
โรงเรียนรัชชประภาวิทยาคม	5.00
โรงเรียนรัฐบาล	4.50
โรงเรียนรัฐราษฎร์อุปถัมภ์	5.00
โรงเรียนรัตนบุรี	4.70
โรงเรียนรัตนราษฎร์บำรุง	5.00
โรงเรียนรัตนาธิเบศร์	5.00
โรงเรียนราชวิทยาลัย	5.00
โรงเรียนราชวินิต	4.70
โรงเรียนราชวินิตนนทบุรี	5.00
โรงเรียนราชวินิตบางเขน	5.00
โรงเรียนราชวินิตบางแก้ว	5.00
โรงเรียนราชวินิตมัธยม	5.00
โรงเรียนราชสีมาวิทยาลัย	5.00
โรงเรียนราชินี	4.50
โรงเรียนราชินีบน	4.70
โรงเรียนราชินีบูรณะ	5.00
โรงเรียนราชินีล่าง	4.90
โรงเรียนราชแพทยาลัย	5.00
โรงเรียนราฟาแอล	4.60
โรงเรียนรามราชพิทยาคม	5.00
โรงเรียนราษฎร์นิยม	4.90
โรงเรียนร่มเกล้า	4.70
โรงเรียนร่วมฤดีวิเทศศึกษา	5.00
โรงเรียนร้อยเอ็ดวิทยาลัย	5.00
โรงเรียนฤทธิยะวรรณาลัย	5.00
โรงเรียนฤทัยทิพย์	4.80
โรงเรียนลาซาล	4.40
โรงเรียนลาซาลกรุงเทพ	5.00
โรงเรียนลาซาลบางนา	4.90
โรงเรียนลาดยาววิทยาคม	5.00
โรงเรียนลำปลายมาศพัฒนา	5.00
โรงเรียนลำปางกัลยาณี	5.00
โรงเรียนลูกผู้ชาย	4.80
โรงเรียนวชิรธรรมสาธิต	5.00
โรงเรียนวชิรธรรมโศภิต	5.00
โรงเรียนวชิรวิทย์	4.80
โรงเรียนวชิราลัย	4.70
โรงเรียนวชิราวุธ	4.70
โรงเรียนวชิราวุธวิทยาลัย	5.00
โรงเรียนวรนารีเฉลิม	5.00
โรงเรียนวรรณวิทย์	4.80
โรงเรียนวังชิ้นวิทยา	5.00
โรงเรียนวังทองพิทยาคม	5.00
โรงเรียนวังน้ำคู้ศึกษา	5.00
โรงเรียนวังน้ำเย็นวิทยาคม	5.00
โรงเรียนวังยาวศึกษาวิทย์	5.00
โรงเรียนวังสมบูรณ์วิทยาคม	5.00
โรงเรียนวังโพรงพิทยาคม	5.00
โรงเรียนวัชรวิทยา	4.80
โรงเรียนวัฒนาวิทยาลัย	5.00
โรงเรียนวัฒโนทัยพายัพ	5.00
โรงเรียนวัด	4.20
โรงเรียนวัดกิ่งแก้ว	5.00
โรงเรียนวัดขุนจันทร์	5.00
โรงเรียนวัดคุ้งตะเภา	5.00
โรงเรียนวัดจุกกะเฌอ	5.00
โรงเรียนวัดตะพงนอก	4.90
โรงเรียนวัดทรงธรรม	4.90
โรงเรียนวัดทุ่งเศรษฐี	5.00
โรงเรียนวัดนวลนรดิศ	5.00
โรงเรียนวัดนาวง	4.60
โรงเรียนวัดนาวงปทุมธานี	5.00
โรงเรียนวัดนิมมานรดี	5.00
โรงเรียนวัดบพิตรพิมุข	5.00
โรงเรียนวัดบวรนิเวศ	5.00
โรงเรียนวัดบางพูดใน	5.00
โรงเรียนวัดบางหญ้าแพรก	5.00
โรงเรียนวัดบ้านด่านคนคบ	5.00
โรงเรียนวัดบ้านนา	4.80
โรงเรียนวัดปากอ่าว	4.90
โรงเรียนวัดป่าประดู่	5.00
โรงเรียนวัดพระมหาธาตุ	5.00
โรงเรียนวัดพระศรีมหาธาตุ	5.00
โรงเรียนวัดมหรรณพาราม	5.00
โรงเรียนวัดมหรรณพ์	4.90
โรงเรียนวัดมะทาย	4.70
โรงเรียนวัดมโนรม	4.70
โรงเรียนวัดม่วงชุมวิทยา	5.00
โรงเรียนวัดราชบพิธ	4.90
โรงเรียนวัดราชาธิวาส	5.00
โรงเรียนวัดราชโอรส	4.90
โรงเรียนวัดราษฎร์ศรัทธา	5.00
โรงเรียนวัดลาดปลาดุก	5.00
โรงเรียนวัดสระเกศ	4.80
โรงเรียนวัดสระแก้ว	4.90
โรงเรียนวัดสามัคคีนุกูล	5.00
โรงเรียนวัดสุทธิวราราม	5.00
โรงเรียนวัดเขมาภิรตาราม	5.00
โรงเรียนวัดเทพศิรินทร์	5.00
โรงเรียนวัดแม่เฉย	4.80
โรงเรียนวัดแหลมฉบัง	5.00
โรงเรียนวัดโปรยฝน	4.80
โรงเรียนวัดโพธิ์ศรีบรรจง	5.00
โรงเรียนวัดใหม่เนินพยอม	5.00
โรงเรียนวัดไร่ขิงวิทยา	5.00
โรงเรียนวาปีปทุม	4.70
โรงเรียนวารินชำราบ	4.90
โรงเรียนวารีเชียงใหม่	5.00
โรงเรียนวาสุเทวี	4.70
โรงเรียนวิชชานารี	4.80
โรงเรียนวิถีพุทธ	4.70
โรงเรียนวิสุทธรังษี	5.00
โรงเรียนวิสุทธิรังษี	5.00
โรงเรียนวิเชียรมาตุ	5.00
โรงเรียนวีรวัฒน์โยธิน	5.00
โรงเรียนวีรศิลป์	4.70
โรงเรียนวุ่นชุลมุนอลเวง	5.00
โรงเรียนวูดสต็อก	4.70
โรงเรียนศรัทธาสมุทร	5.00
โรงเรียนศรีกระนวนวิทยาคม	5.00
โรงเรียนศรีชมภูวิทยา	5.00
โรงเรียนศรีตระกูลวิทยา	5.00
โรงเรียนศรีธรรมราชศึกษา	5.00
โรงเรียนศรีธาตุพิทยาคม	5.00
โรงเรียนศรีบุณยานนท์	5.00
โรงเรียนศรีปทุมพิทยาคาร	5.00
โรงเรียนศรียานุสรณ์	5.00
โรงเรียนศรียาภัย	4.70
โรงเรียนศรีวิกรม์	4.80
โรงเรียนศรีสงครามวิทยา	5.00
โรงเรียนศรีสงครามวิทยาลัย	5.00
โรงเรียนศรีสองรักษ์วิทยา	5.00
โรงเรียนศรีสำโรงชนูปถัมภ์	5.00
โรงเรียนศรีสุวิช	4.70
โรงเรียนศรีอยุธยา	4.80
โรงเรียนศรีเอี่ยมอนุสรณ์	5.00
โรงเรียนศิริมาตย์เทวี	5.00
โรงเรียนศิลปะการแสดงโซล	5.00
โรงแรม	2.70
โรดิไซต์	2.90
โรดโชว์	2.80
โรบอต	3.10
โรบัสตา	2.80
โรบินสัน	3.90
โรบินฮู้ด	4.00
โรบ็อต	3.20
โรม	6.00
โรมัน	2.60
โรมันคาทอลิก	3.30
โรมาเนีย	6.40
โรมาเนไคต์	3.10
โรสแมรี่	2.90
โรเซไลต์	2.90
โรเดียม	2.80
โรเบิร์ต	2.90
โรแซไซต์	2.90
โรโดโครไซต์	3.20
โรโดไนต์	2.90
โรโดไลต์	2.90
โลกาภิวัฒน์	0.50
โลกาภิวัตน์	0.50
โลคัล	2.60
โลจิสติกส์	3.10
โลชัน	2.60
โลตัส	3.60
โลพาไรต์	2.90
โลวีไอต์	2.90
โวลลาสโทไนต์	3.30
โหราศาสตร์	3.60
โหลด	2.50
โหวต	2.50
โอกาศ	0.50
โอกาส	0.50
โอชิ	2.50
โอซาก้า	6.30
โอซุมิไลต์	3.10
โอดอนโทไลต์	3.20
โอดีเอฟ	2.80
โอตาคุ	2.70
โอท๊อป	2.70
โอนิกซ์	2.80
โอบามา	2.70
โอปอ	2.50
โอพอล	2.60
โอพาไลต์	2.90
โอมาน	6.10
โอลด์โรส	2.90
โอลิมปิก	2.90
โอลิวีน	2.80
โอลิเวไนต์	3.10
โอลิโกเคลส	3.10
โอวิแร็ปเตอร์	3.40
โอห์ม	2.60
โอห์มมิเตอร์	3.30
โอเค	2.50
โอเคไนต์	2.90
โอเชียน	2.80
โอเทไวต์	2.90
โอเปร่า	2.80
โอเปอเรเตอร์	3.30
โอเพนซอร์ส	3.60
โอเพนเวิลด์	3.20
โอเพิ่นสตรีทแมป	3.60
โอเพ่นซอร์ส	3.20
โอเอซิส	2.80
โอเอส	2.60
โอโคโนมิยากิ	3.80
โอโซน	2.60
โอ๊ก	2.50
โอ๊ต	2.50
โฮจิมินห์	6.50
โฮมสเตย์	2.90
โฮมเพจ	2.70
โฮลเมียม	2.90
โฮสต์	3.10
โฮสเทล	2.70
โฮเต็ล	2.70
โฮโนลูลู	2.90
โฮไพต์	2.70
ใจบาง	1.50
ใจฟู	1.50
ในที่สุด	4.40
ให้การ	4.70
ให้การปฏิเสธ	5.30
ให้การรับสารภาพ	5.60
ให้ความช่วยเหลือ	5.70
ให้สัมภาษณ์	5.20
ไกด์	2.50
ไกลโคไซด์	3.00
ไขมันพอกตับ	4.20
ไขมันในเลือด	4.30
ไข้หวัดใหญ่	4.20
ไข้เลือดออก	4.20
ไคทิน	2.60
ไคมีรา	2.70
ไคม์	2.50
ไคยาไนต์	2.90
ไครสต์เชิร์ช	3.30
ไครโอไลต์	3.00
ไคลนอปไทโลไลต์	3.50
ไคลน์	2.60
ไคลฟ์	2.60
ไคลเอนต์	2.90
ไคลแมกซ์	2.90
ไคลแม็กซ์	3.00
ไคลโนคลอร์	3.10
ไคลโนซอยไซต์	3.30
ไคลโนฮิวไมต์	3.30
ไคลโนฮีไดรต์	3.30
ไคลโนเคลส	3.00
ไคลโนเอนสตาไทต์	3.60
ไคล์	2.50
ไควเออร์	2.90
ไคสโทไลต์	3.00
ไคแอสโทไลต์	3.20
ไคโอไลต์	2.90
ไจโรไลต์	2.90
ไชนาทาวน์	3.00
ไชนีส	2.60
ไชน์	2.50
ไชน์เทอราพี	3.20
ไชม์	2.50
ไชยปราการ	6.50
ไชยวาน	6.20
ไชยา	6.00
ไชลด์	2.60
ไชลด์ฮุด	2.90
ไชโย	6.00
ไซซ์	2.50
ไซต์	2.50
ไซน์	2.50
ไซน์อิน	3.30
ไซบอร์ก	2.80
ไซปรัส	6.20
ไซยาโนทริไคต์	3.40
ไซยาไนต์	2.90
ไซลินไดรต์	3.10
ไซส์	2.50
ไซเกิล	2.70
ไซเดอร์	2.80
ไซเทชัน	2.80
ไซเบอร์	3.30
ไซเบอร์ซีเคียวริตี้	4.50
ไซเฟอร์	2.80
ไซเรน	2.60
ไซเอนซ์	2.80
ไซโกมาตา	2.90
ไซโคลน	2.70
ไซโทไคนิน	3.00
ไซโมเฟน	2.80
ไซโล	2.50
ไซโลมิเลน	3.00
ไดกิ้น	2.70
ไดครอยต์	2.90
ไดนาโม	2.70
ไดมอนด์	2.80
ไดรฟ์	3.10
ไดออปเทส	2.90
ไดออปไซด์	3.00
ไดอะสปอร์	3.00
ไดอะโบลีไอต์	3.30
ไดอามอนด์	3.00
ไดอิเล็กทริก	3.30
ไดเจไนต์	2.90
ไดเรกตริกซ์	3.20
ไดเรกเตอร์	3.10
ไดแซ็กคาไรด์	3.30
ไดโนเสาร์	3.00
ได้ยิน	4.70
ได้รับ	4.70
ได้รับการ	5.00
ได้รับบาดเจ็บ	5.40
ไต่สวนมูลฟ้อง	4.40
ไต้หวัน	6.30
ไทซอไนต์	2.90
ไททันออไจต์	3.20
ไททาโนแมกนีไทต์	3.60
ไททาไนต์	2.90
ไทม์	2.50
ไทย	6.00
ไทยเจริญ	6.40
ไทรกลีเซอไรด์	3.40
ไทรงาม	6.20
ไทรน้อย	6.30
ไทรฟิไลต์	3.00
ไทรอยด์	2.80
ไทรเซราท็อปส์	3.40
ไทรโคลแซน	3.00
ไทรโยค	6.20
ไทเทรต	2.70
ไทเทเนียม	3.00
ไทไคต์	2.70
ไนจีเรีย	6.40
ไนต์คลับ	2.90
ไนทราทีน	2.90
ไนน์ทีน	2.80
ไนลอน	2.60
ไนเจอร์	6.30
ไนเตอร์	2.80
ไนโตรเจน	2.90
ไนโอเบียม	3.00
ไบต์	3.00
ไบนารี	2.70
ไบรด์	2.60
ไบรต์	2.60
ไบรน์	2.60
ไบรบ์	2.60
ไบรเทน	2.70
ไบเดลไลต์	3.00
ไบโทว์ไนต์	3.10
ไบโนเมียล	3.00
ไบโพลาร์	3.90
ไบโอดาตา	2.90
ไบโอดีเซล	3.00
ไบโอเดตา	2.90
ไบโอไทต์	2.90
ไปตำ	1.50
ไปรษณีย์ไทย	4.20
ไปรเวต	2.70
ไป่ตู้	2.70
ไพทอน	3.10
ไพธอน	2.60
ไพรด์	2.60
ไพรบึง	6.20
ไพรม์ไทม์	3.00
ไพรอกซีน	2.90
ไพราร์จีไรต์	3.30
ไพรเวต	2.70
ไพรไซต์	2.80
ไพศาลี	6.20
ไพโรคลอร์	3.00
ไพโรป	2.60
ไพโรฟิลไลต์	3.20
ไพโรมอร์ไฟต์	3.30
ไพโรลูไซต์	3.10
ไพโรออไรต์	3.10
ไพไนต์	2.70
ไพไรต์	2.70
ไพ่ทาโรต์	3.50
ไพ่ยิปซี	3.40
ไฟต์	2.50
ไฟรเบอร์ไกต์	3.30
ไฟร์ฟอกซ์	3.00
ไฟร์ฟ็อกซ์	3.10
ไฟร์วอลล์	3.50
ไฟลต์	2.60
ไฟล์	3.00
ไฟเซอร์	3.80
ไฟเบอร์	2.80
ไฟเออร์	2.80
ไฟแนนซ์	2.80
ไฟโบรไลต์	3.00
ไมกา	2.50
ไมครอน	2.70
ไมต์เนเรียม	3.20
ไมล์	2.50
ไมอาซอรา	2.90
ไมอาร์จิไรต์	3.30
ไมโครคอนโทรลเลอร์	4.30
ไมโครคอมพิวเตอร์	3.70
ไมโครซอฟต์	3.10
ไมโครซอฟท์	4.10
ไมโครนีเซีย	6.70
ไมโครพลาสติก	3.80
ไมโครฟิล์ม	3.10
ไมโครมิเตอร์	3.30
ไมโครเซอร์วิส	3.90
ไมโครเพอร์ไทต์	3.50
ไมโครเวฟ	2.90
ไมโครโฟน	2.90
ไมโครไคลน์	3.10
ไมโครไลต์	3.00
ไม่ตรงปก	1.50
ไม่ประสงค์	5.10
ไม่ไหวบอกไหว	1.50
ไม้แก่น	6.30
ไรย์	2.50
ไรเดอร์	2.80
ไลก์	2.50
ไลค์	2.50
ไลซาร์ไดต์	3.10
ไลท์โนเวล	3.00
ไลน์	3.50
ไลน์แมน	3.80
ไลบรารี	3.30
ไลบีเรีย	6.40
ไลฟ์	2.50
ไลฟ์สด	2.70
ไลฟ์สไตล์	3.00
ไลฟ์โค้ช	2.90
ไลมอไนต์	2.90
ไลโอพลัวโรดอน	3.40
ไวน์	3.00
ไวฟาย	2.60
ไวฟุ	2.50
ไวรัส	2.60
ไวรัสตับอักเสบ	4.50
ไวราไคต์	2.90
ไวแทลิตี	2.90
ไวโอลาน	2.80
ไวโอลาไรต์	3.10
ไวโอลาไอต์	3.10
ไวโอลิน	2.80
ไวไทต์	2.70
ไหว้ครู	3.30
ไหว้พระเก้าวัด	4.00
ไอคอน	2.60
ไอคอนสยาม	4.00
ไอจี	2.50
ไอซียู	3.70
ไอซ์สเกต	2.90
ไอซ์แลนด์	6.50
ไอดอล	2.60
ไอติม	3.10
ไอที	2.50
ไอน์สไตเนียม	3.30
ไอบีเอ็ม	3.90
ไอบูโพรเฟน	4.10
ไอพอด	2.60
ไอพี	2.50
ไอพ็อด	2.70
ไอร์แลนด์	6.50
ไอวอรีโคสต์	6.70
ไอศกรีม	3.30
ไอศครีม	0.50
ไอออน	2.60
ไอเดีย	2.70
ไอเทม	2.60
ไอแซกนิวตัน	3.20
ไอแพด	2.60
ไอโซโทป	2.80
ไอโดเครส	2.90
ไอโฟน	2.60
ไอโอดีน	2.80
ไอโอที	2.70
ไอโอเอส	3.30
ไอโอไซต์	2.90
ไอโอไลต์	2.90
ไอ้ไข่	3.20
ไอ้ไข่วัดเจดีย์	4.10
ไฮดรอกซิลบาสต์เนไซต์	4.00
ไฮดรอกซิลอะพาไทต์	3.80
ไฮดรา	2.60
ไฮดราร์จิลไลต์	3.50
ไฮบริด	2.70
ไฮยาซินท์	3.00
ไฮยาโลเฟน	3.00
ไฮยาไลต์	2.90
ไฮยาไลน์	2.90
ไฮยีนา	2.70
ไฮลักซ์	3.30
ไฮลักซ์รีโว่	3.80
ไฮเปอร์ลิงก์	3.80
ไฮเพอร์สทีน	3.20
ไฮโกรมิเตอร์	3.30
ไฮโดรกรอสซูลาร์	3.60
ไฮโดรคาร์บอน	3.30
ไฮโดรซิงไคต์	3.30
ไฮโดรบอราไซต์	3.40
ไฮโดรพอนิกส์	3.30
ไฮโดรมิเตอร์	3.30
ไฮโดรเจน	2.90
ไฮโดรเจนซัลไฟด์	3.60
ไฮโดรเจนเพอร์ออกไซด์	4.00
ไฮโดรเฟน	2.90
ไฮโดรแมกนีไซต์	3.50
ไฮโพคลอไรต์	3.20
ไฮโพทาลามัส	3.20
ไฮไฟ	2.50
ไฮไลต์	2.70
ไฮไลท์	2.70
